ግራ የገባቸው ሆያ ሆዬ በሉ ብሎ ከዚህ እስከዛ ማን ነው ያረሰው ? ላይ ዝም ማለት ጀምሯል,,,,,,
ይሄ ሰውዬ ምንም የወታደር ስነምግባር የሌለው ይሳቅልኛል እያለ ህዝቡን የማይመጥን ቀልድ በመናገር አጀንዳ ለማስቀየር ይሞክራል  ፡፡ ምነው በሱዳን ጉዳይ ላይ ሲሆን ግን ምንም አላልክም,,,,,,
አንቺም ዜሮ ዜሮ በሚለው ዘፈን ይታወቃል ። አፈጣጠሩ ና አስተሳሰቡ ከሰው ለየት ያለ ነው፡ ሰለሞን ቅንድቡ በመባል ይታወቃል??,,,,,,
እስከዛሬ የት ነበርክ ለአራተኛ ዙር የሰው ህይወት ሲጠፋ? አሁን የቤተክርስቲያን አባቶች ውሳኔላይ ሲደርሱ የእነሱን አቋም ለማስቀየር ነው? የንጹኃን እንባ የሚሰማ,,,,,,
ትናንት እንኳን ሃገር ለመምራት ቤተሰቤንም ከአደጋ ለመታደግ የምችልበት ቁመና ላይ አልነበርኩም ስትለን እሺ ይሁን ብለን ተቀበልንህ ዛሬስ ምንድን ነ,,,,,,
ስራችሁም ንግራችሁም ጥሩ ነገርን ጥሩ ነገርን እያሳየ አይደለም,,,,,,
አስተሳሰባችው የሆነ ትክክል ያልሆነ ነገር እንዳለ ያሳያል,,,,,,
ነገሩን የባልና ሚስት ችግር አስመሰልከው እኮ,,,,,,
ለራሱዋ ያላት ግምት ከፍ ያለ ነው፡፡,,,,,,
ይኸ የተቀናቃኝነት ጥያቄ ከመሆን ይልቅ ነገሮችን ወደአንድ በኩል የመውሰድ ጉዳይ ይመስላል፡፡,,,,,,
ከእድሜ ይፍታህ ፍርድ ነፃ ያወጡትን በደንብ እያመሰገነ መኖር ሲገባው ሌላ ጉዳይ ውስጥ ገባ,,,,,,
ለሀገሩ የማይታመን የ ሀገር ፍቅር እንዲኖረው አይጠበቅም,,,,,,
የንጹሀን ደም በከንቱ ሲፈስ  ተገቢውን እርምጃ አለመውሰድ ዞሮ ኋላ ለራስ እዳ ማቆየት ነው የሚሆነው,,,,,,
ድብቅ ፍላጎታችሁን ትታችሁ አገር ምሩ እየተባላችሁ ሌላ የለመደ አመል ያለበት ይመስል እሱን መተው አልቻላችሁም ፡፡እኛ የምንለው ኢትዮጵያዊ የሆነ ሁላ እኩል ስልጣን እኩል መብት እኩል ድርሻ እኩል,,,,,,
የማያሸንፈውን ነገር ቤቱ አስቀምጦ  ሲወጣና ሲገባ ማንነቱን አጥቶ ተቸገረ,,,,,,
እንደዚ አይነት የበሰብሰ ተረት ተረት ተረት ለሚስትህ ንገራት የባንዳ ዘር። ጀ/ል አሳምነው ጀግና ነው የመይሳው ዘር ነፍሱን በገነት ያኑራት,,,,,,
የእናቶች ህፃናት እና ሴቶች ሲቃይ ሊሳማህ ይጋበል,,,,,,
የወንድማችንን ቴዎድሮስ ጸጋዬን የዋህነት ሳላደንቅ ባልፍ ህሊናዬ እንደሚወቅስኝ ተስማኝ አንደኛውን ቡድን ከሌላኛው ጋር ለማስማማት ጥረት ቢያደርግም ሳይሳካ ቀርቶል፡፡,,,,,,
የሚገርመው አንተ ስለ Cloud seeding ቴክኖሎጂ መረዳት ትንሽ ይከብድሃል።,,,,,,
አቶ ተክሌ ይሻው በስላማዊ መንገድ አገርቤት ገብቼ የማውቀውን ስራ እሰራለው ብሏል,,,,,,
ቀና ልቦና እና እርጋታ ያለውን በለጠ ሞላ በጣም ነው የምወድላችሁ:: ይሄኛው በፖለቲካ ሹምነት በካድሬነት ትንሽ ያደገ አይነት ስለሆነ አለመውደድ ምርጫየን አትጋፋኛ:,,,,,,
መጀመሪያ ለእናንተ  ስለ ቴክኖሎጂ ብዙ ላይገባችሁ ይችላል። ባግባቡ ብትረዱ ኖሮ ለሰላምም አየተሰራ ቴክኖሎጂውም እንዲበለፅግ ትመኙ ነበር።,,,,,,
አስመሳይ ሰዎች ይከሱሀል ፤ ልብ በል በመከራ ውስጥ ሳለ የጮህክለት ወገን በሀገር ቤት ይጠብቅሀል ይናፍቅሀል,,,,,,
ሚኒስትር ወይዘሮ ዳግማዊት ሞገስ  ለምን tag ተደረኩ ቢለው ሁሉ ነው block የሚያደርጉ,,,,,,
የማይጨበጥ ልማዳዊ አይነት ተራ ወሬ እንዳይሆን . ሲጀመር ኩላሊት እንደኮንትሮባንድ ትራንስፖርት አርጎ ጥቅም ላይ,,,,,,
የኢትዮጵያ በቅኔ የሚተቹ ትዊተር ተጠቃሚዎችን በጣም ወደድኳቸው,,,,,,
ለካ እስከዛሬ ፋሲል ሲነቃቃ ነበር እኛም የምነነቃቃው ፤ ያዛጋኝ ጀምሯል አሁን አሁንማ.??አቦ ና ተናፍቀሃል,,,,,,
ሰይጣንን ወደ እርሶ እንዲሸሸ  እና  እንዲይዝዎ አይፍቀዱ,,,,,,
ስምህን ዘነበ ከበደ አሉህ ቢሉህ ይሻል ነበር:: የት ይሆን ነው የተማርከው ጃል? የምትገርም ፍጡር ነህ:: ለነገሩ ኢትዮጵያዊ,,,,,,
ትነሽ:እፈሩ እንጂ። የኢትዮጵያ:ህዝብ:በነቂስ:ወጥቶ:አንደማፈልጋችሁ:ነገራችሁ። ህዝብን በግድ ማስተዳደር አይቻልም,,,,,,
ውይ፡ ውርደት፡ ወርውረው፤ ጣሉት? ምን ይመስላል?,,,,,,
እኔ ወታደርም አይደለሁ ? ፖለቲካው አይመለከተኝም . ግን አብይ ጥሩ ሰው አይደለም ነ ስንል ነው አምርረን መታገል የምንችለው,,,,,,
በሰላም አስከባሪነት ስም ልታያቸው መሄድህ ገርሞኛል,,,,,,
ከሀገር መሪ የሚጠበቅ አስተሳሰብ የለህም፡፡,,,,,,
ይሄ የማይመስል  ወሬ አታውራብ መንግሥት ለወሬ ክፍተት አይኖረውም እንዴት ነውየምታስቡት,,,,,,
አንተ የሚገባህ አይመስለኝም ከዚህ በላይ ምን እስኪፈጠር ነው ምትጠብቀው? ነው የራስ ያልከው መጥፎነቱ ለሌላው ከሆነ አይታይም,,,,,,
ልነትማ አለን የአረዳድ እናንተ ማደባበስ ምናምን ምነው አለም እኮ  በመሪዎቻችን ቀና አመለካከት መጥፋት,,,,,,
እሱ የሆነ ነገርማ አለው,,,,,,
የንፁኀንን ነፍስ እያጠፉ በሰላም መኖር እንደማይቻል ልታውቅ ይገበሀል፡፡,,,,,,
አንተ ክብር አይገባህም ፤ ሽንጥህን ገትረህ አገር ባቆሙት ጀግና አያቶችህ ደም የተዋጀ ባንዲራ,,,,,,
ይኬ ስው የአፍሪካ መሪ ነው ወይስ የኢትዮጽያ መሪ መቼ ነው ስለራሱ አገር የሚያወራው,,,,,,
ወገንተኝነት ይስተዋልበዎታል::  ላለፉት 52 ቀናት ምንም ንፁሃን ስላልተገድሉ አይመስለኝም ምንም ያላሉት:: የገዳዩ ማንነት ወይንም የሟቾቹን ከለዩ በሁላ የሚደረግ ውግዘት ፍትሀዊ አይደለም፡፡,,,,,,
በል ጉዳት እንዳይደርስብህ ዘፈን በማበላሸት እና በ ትንኮሳ,,,,,,
በመሰረቱ የሰው ልጅ አይጠላም ፤ አንዳንድ ሰውን  ግን ምን ታደርገዋለህ ?,,,,,,
ተይ ግድ የለም አጨክኚ ብዙዎቹ ብዙም አርቀው የሚያስተውሉ አይደሉምና ከእኔ ባትለዪ ጥሩ ይሻላል በማለት ነው,,,,,,
አሁን ላይ የምታደርገውን ተሳትፎ ላለፉት 27 አመታት እንዴት ሳናየው እንደቆየን አንተ ነህ መናገር የምትችለው,,,,,,
ዳንኤል_ብርሃነን ያያችሁ፡፡ የትኛው ግንባር ላይ ነው የተሰለፈው ግን ይሄን ያክል ድምፁ የጠፈው?,,,,,,
ምንም አይነት ሰው ብትሆን የሴት ልጅ ሰብአዊ ክብር እየተጣሰ ነፍስ እየጠፋ ህግ ወደማስከበር ስራዬ አልመለስም ማለት በራሱ ከወንጀል የተለየ አይሆንም ፡፡,,,,,,
የአብይ አህመድን ድብቅ ፍላጎት ለማወቅ ገና ረጅም ጊዜ ያስፈልግሻል። አብይ እያሳሳቀ የት እንደሚያደርሰን  ኋላ ይገባሻል,,,,,,
ዶ/ር ዳንኤል በቀለ ሆይ አንተ ትልቅ ወንጀል ተፈፅሟል ብለህ እንድታምን ስንት ሰው መጎደት እለበት ? አብይ አህመድ ሆይ ይህው ወንጀሉ ቀጥሏል,,,,,,
በሰላም አይመሰለኝም ብዙ እየተናገረ ያለው,,,,,,
ኮሚቴው  ሰላት የእስላም መሰረት እንደሆነ ሁሉ ሀጅም የእስላም መሰረት መሆናቸውን ተገንዝቦ አቻችሎ ህዝቡን ማገልገል አለበት,,,,,,
አንተ  ጥላቻ ስላስተማረህ ነው መጥፎ ምታስበው? አበት መጥፌ ስለ  ሰራ ልጅ መጥፎ አይሆንም።,,,,,,
የተወሰነ ቡድን ዝምብሎ ባለማስተዋል በአንድ አቅጣጫ ብቻ ሲጕዝ  ሀይ ሊባል ይገባል። ሀገርም መመራት ያለባት ግልጽ አቅጣጫ በሚያመለክት መሪ መንግስት መሆን አለበት፡፡,,,,,,
ላጲሴ የስምህ ትርጓሜ ፡  እንደላጲስ ታሪከን ማጥፋት የሚል ይመስላል ፤ ነው ወይስ ትምህርት አልተማርክም,,,,,,
ህዝብ ለምን ተጎዳ ብለህ ትነገረለህ ብሎ ያሚካፋው ሰው አለ።,,,,,,
ከሰሞኑ ባህር ዳር ከነበረው ጋር የሚያያዝ መሆኑን አስታዎሰኝ,,,,,,
የአማራ ሕዝብ አሁን ከለበት ተጽኖ ለማላቀቅ ዋናው መፍትሔ  ብአዴን አመራር የሆኑትን  በአንድ አዳራሽ ሰብስቤ መፊቴሂ መፈለግ ነው,,,,,,
ከአንተ በላይ ለዚህ ሁሉ የሰው ህይወት ማለፍ ተጠያቂ ሊኖር አይችልም፡፡ አላህ የስራህን ይሰጥል ጠብቅ,,,,,,
ስለዚህ አንድ ሰው ትንሽ ለየት ያለ አስተያየት ካለው አላዋቂ ነው ማለት ነው? እንደዚያ የሚያስቡ ከሆነ  እኔን  ከጉረኝነት ጋር እንዴት ነው የሚያገናኙኝ,,,,,,
አሁን በአማርኛ እየተናገርክ እንደዚያ ማለት ትንሽ አይጋጭም?,,,,,,
አለመወቅን እንደ እውቀት የሙጥኝ አድርገው የያዙ የወያኔ ደገፊዎች . የሚክዱት እውነት ነው,,,,,,
በጉሙዝና በወሎ ሙስሊሞች ላይ የህይወት ህልፈት እንዲደርስ ያደረጉ ለህግ ሊቀርቡ ይገባል ። ከስራ በማገድ ከተጠያቂነት ለማዳን የሚደረግ አሰራር ትክክል አይደለም።,,,,,,
ሙኒራ ልደቱን ታደንቂዋልሽ ወይስ ትፈሪዋለሽ? ልደቱ በየቦታው ሄዶ ከሚናገረው ያንቺ በምን ተለየ,,,,,,
ካልፈራህ ማንነትክን ለምን ትደብቃለህ,,,,,,
እንዳንተ አይነቱ ላፕቶፕ ላይ ተቀምጦ የሚውል ሰው የአማራ ህዝብ ጠበቃ ሊሆን እይችልም። ከልብ የሚያስብ አገሩ ገብቶ ከ,,,,,,
እንዳንቺ ያለ እህት የለውም በገንዘብ የምትገዛ  የትግራይ ህዝብ ቀራቢ ና የቆራቢ ልጅ ነዉ,,,,,,
ይቅርታ ያድርጉልኝና ፤ አቶ አብራር ሱሌማን፣ ታድያ እርሶ በቀናነት፣ አይተውት እንዴት ዝም አላሉም,,,,,,
የተፃፈውን፣ የፃፈውንና የተያያዘውን ምስል በደንብ መመልከት ተሳነህ,,,,,,
አሜሪካን ደጅ በመጥናት ለረጅም ጊዜ ከቆየ ሰው ብዙም የሚጠበቅ ነገር አይኖርም,,,,,,
እስከ ቅርብ ግዜ የኣማራና የኦሮሞ ህዝብ ጉደት ያደረሰበት ትግሬ ብቻ ያለበት የህወሓት ልዩ ክ/ጦር  እንደ ነበር የተወራው ውሸት እንደሆነና ሃገር ወዳድ ህብረ ጦር ሆነ,,,,,,
የፈለገ ቢያነብ እንኩዋን የተነቀሰው ጥሩ መልእክት የሌለው ንቅሳትን ማጥፋት ስለማይችል በሌላ መንገድ የማይጠቅም መልአክት ማስተላለፉ አይቀርም፡፡,,,,,,
ይኸ አንተን አይመለከትም,,,,,,
ጥፋት የሰራን ሰው በመደገፍ ስህተት ሰርተሀል፡፡,,,,,,
የሃገር ትርጉሙ ያልገባው: ጥቅመኛ: ራስ ወዳድ ነው ስለመገጠል የሚያወራው አይምሮ ያለው ሰው በዓጥንት እና በደሙ የገነባትን አገር ልበትን አይልም እናልህ,,,,,,
አንተ ሀገር ማለት ከመላው ህዝብ ጋር ነው ሀገሪቷ ከሌላች ፣ መቶ አስር ሚልዮኑም ሀዝብ የለም  ማለት ነው,,,,,,
ፈሪ  የሆነ ሰው አልወድም ለሀገርም ይጠቅማል ብዬ አላስብም,,,,,,
አሁን እንደው እርሶ ሴት ነኅ ይላሉ . በንፁሀን ላይ እየተደረገ ያለው ግፍ እንደሚያስጠይቀዎት ዘንግተውታል,,,,,,
Accent ነው?? ታኬም የተሾመ ሰሞን እንዲህ በቀላሉ የማይገባ ነገር ነበር ሚፅፈው። ክፍለከተማው ላይ የተሾሙ ሹሞች ነው የሚሆኑት,,,,,,
የፖለቲካ ድርጅት ደጋፊ ላትሆን ትችላለህ ግን የኣብይን ፖስት ከስር ከስሩ  ደግፈህ ስትጽፍ ነው የምትታየው,,,,,,
እንደ ትልቅ ሰው ህሊናችን ሊገዛን እና የንጹሀኖችን ሞት  ማስቆም ይገባል፡፡,,,,,,
አንተ አልገባህም ነገሩ ቀላል መሰለህ ጦርነት ካበድ ንው በፉከራ አይሰራም,,,,,,
አንተሞ ብዙ ከለውጡ ጋር የምትጓዝ አይደለህም፤ እናንተን ይዘን እንዴት እንለወጣለን,,,,,,
ከዚህ በፊት በነበራቸው ተሳትፎ ነው የለየኋቸው።የሐሳብ ልእልናን ስንገልፅ የአማራ ህዝብ ጥያቄዎችን ክብር ባለመስጠት መሆን የለበትም,,,,,,
ኣማካሪ ተብየው ተጫወተብህ መሰለኝ የሆነ ነገር ነው የመሰልከው ፤ እስቲ ማንኛችን እንደምንቀድም እናያለን,,,,,,
ይሄ ሰው ግን ኮሜዲያን ገብሬ አይደለም?,,,,,,
ኢትዮጵያን ልታጠፋ አትችልም።,,,,,,
እንዳንታይነት አይነት ለህዝቡ የማያስብ መሪ ኢትዮጵያ አይኖራትም,,,,,,
እንኳን አብሮ አደረሰን ዶ/ር አብይ የለ ምክንያት የተሰሩ ሰዎችን መፈታት አለበቸው።የቀድም መንግስት መንገድ መከተል አይስፈልግም,,,,,,
ሊያስከትለው የሚችለው አደጋ ስላያችሁት  በጥንቃቄ እያዩ እንደሆነ ይረዳናል (በአስተዋይ አእምሮ ካየንው)። በተረፈ,,,,,,
መሪዎች ሃላፊነታቸውን ካላወቁ: ለህዝቡ ትልቅ ችግር ነው:: ከእድገትና አንድነት ይልቅ ሞትና ውድቀትን ነው ለህዝብ የሚያተርፈው ፡፡,,,,,,
አንተ ትለፋለህ መልፋትም አለብህ ምክንያቱም ኢትዮጵያ ናት። አሁን በምትለፋው ስምህ ከመቃብር በላይ በጥሩ ሲወሳ ይኖራል።,,,,,,
በስተርጅና ዘመኑም ምን ያህል  ማሰብና መረዳት የማይችል እንደሆነ እየነገረን ነው,,,,,,
አንተ የምትገርም ሰው ነህ ከዚህ ቃል ሌላ አታውቅም እንዴ ?,,,,,,
በጣም ያዘንሽ ነው የሚመስለው,,,,,,
በጥሩ ቤተሰብ ውስጥ ካደክ እና ከተማርክ እንዲህ አይነት ውስን ሀሳብ ብቻ አታቀርብም ነበር,,,,,,
አይ እኛ ሲሞላ ሲሞላ ጉዳያችን ሌላ ሲጎድል ሲጎድል አንዳችን ላንዳችን ያለን መተሳሰብ ሲጠፋና ወደ ቡድናችን ስንመለስ ይታያል ፡፡ ያ መሆን የለበትም፡፡,,,,,,
ለረጅም ጊዜ  ከእንስት ጋር ያገናኘውን ሲያገለግል ነው የሚታወቀው,,,,,,
በኢትዮጵያዊነት ስር ሆነው  የራሳቸውን ፍላጎት የሚያራምዱ ናቸው,,,,,,
ስንት ጊዜ ነው እሚቅጣጠሩት። አልገባህን ባክህ።,,,,,,
ሳንቲም እየሰበሰብክ ነው ? ትርፉ እንዴት ነው?,,,,,,
አኔ እንዳንተ ተደብቄ አደለም ያለሁት አዲስአበባ ነው ያለሁት,,,,,,
ማሰብ ከባድ ስራ ነው ብለው ነበር ፕሮፍ። ወትሮም መልሶ መላልሶ እዚያው ነው የኛ ነገር። የሚጋጩ ሃሳቦች ተሸክመህ፣ በግራ እግርህ ቀኝህን እ,,,,,,
ወንደሜ ፋይል ያደረከው ሰው እኮ 77 በኢትዮጲያ ድርቅ ሲከሰት እሱ ለውሻው ልደት ለማክበር ከእንጊሊዝ ኬኮችን በውድ አስጋግሮ አምጥቶዋል ሚባለው ታሪክ እውነት ነው ? ከሆነ በዚህ መኩራት ተገቢ አይመስለኝም,,,,,,
አሁን ሰአቱ አደለም አሁን ወዳጅ አይደላችሁም  እነሱም ይህ ሁሉ ነገር ደርሶባቸው አይመለሱም,,,,,,
እራስን በምቾት እያኖሩ የድሀን ልጅ በጦርነት ውስጥ በማስገባት ስልጣንን ለማራዘም ማሰብ ተገቢ አይደለም,,,,,,
እድለኛ ነሽ የዱሮ መምህር ቢሆን ኖሮ ይቀጣሽ ነበር,,,,,,
ሕወሐት መንግስትና ህዝብ የሚችለውን እያደረገ ነው ተቆርቋሪዎች አታስመስሉ,,,,,,
የእርሷ ኮሮናቫይረስ ከእግዚአብሄር መጣ ማለት ይገርማል?,,,,,,
አንተም  የምትቃወመውን ነገር የምትቀበለው አይመስለኝም ፤ ለ 28 አመት ህገ መንግስቱ ችግር እንዳለበት ሲነገር,,,,,,
ሀገራችን ትግራይ ትባላለች ታሪክ ማንበብ ትችላለህ አንተ ራሱ የምትፅፈው ከየት እንደሆንክ ይመሰክራል,,,,,,
የአንች  የመጨረሻ ኑዛዜሽ መሆን አለበት ??,,,,,,
እስካሁን የሰውን ህልፈት ከሚቃወሙት ወገን እንደሆንክ ነበር የምረዳህ ፤ አሁን ላይ ፎቶ ፖሮፋይልህን ሳየው ግን ተግባርህ ያን የሚያሳይ አይመስልም፡፡,,,,,,
መሞትህ ላይቀር ዝም ብለህ ነው ስትለፋ የነበረው። የትግራይ ህዝብም ላይ የደራሰው በደል ብዙ ነው።,,,,,,
??በነገራችን ላይ ሲሳይ አጌና በእውቀት ቢመዘን ከፈለገ እነኤርሚያስን አስተምሮ ያስመርቃል,,,,,,
አንድ ቀን ክብደት ቤት ሄዶ ሰርቶ ይመጣና ምንም ሳትለው እፍፍ እስትራፖ ሊገለኝ ነው ይላል ????,,,,,,
ለሀገሩ ታማኝ ያልሆነው ማን እንደሆነ የራስህን ግምት መውሰድ ትችላለህ,,,,,,
የፈለከውን የፖለቲካ ድርጅት ብልጽግናን ፣ ኢዜማን ፣ ኦነግን ወዘተ ምረጥ፤ ሀገር ግን በፍጹም አማራጭ የላትም፡፡ ኢትዮጵያዊ ሆነህ ሌላ አማራጭ መሻት ትክክል አይደለም፡፡,,,,,,
የአክሱም ጽዮን ማርያም ቄስ በመምሰል በአክሱም ከተማ በክርስትያኖች ላይ ጉዳት ሲያደርስ አይቻለሁ ብሎ ለአምነስቲ ኢንተርናሽናል ትክክል ያልሆነን  መረጃ,,,,,,
ባሏ ከስልጣናቸው ሲወርዱ እሷ ላይ የሚደርሰው ጉዳት ምን ሊሆን ይችላል ?,,,,,,
አንተ ራስህ ስርአት የለህም ፤ ሀሳብ ካለክ በሀሳብ ሞግት,,,,,,
እሱን ታየዋለህ እንዳውም የሚገርመው አብረን መኖራችን ነው ባንዲራ ላይ ያለን አቄም ተለያይቶ,,,,,,
ጥሩ ያልሆነ ጅማሮ ያለው ነገር ፈፃሜውም እንደዚያው ሊያመር አይችልም ፤ የንፁሀን በደል ደግሞ በመልሱ ክብር ያሳጣል,,,,,,
ስማ ተመስገን 2012 መቀሌ አንድ የመንግስት ባለስልጣን 50 ህፃናት ላይ ፆታዊ በደል ሲፈፅም ምንም አላልክም በወቅቱ,,,,,,
ደስ የሚለው በአማርኛ ነው መፈከርህን የምታሰማው,,,,,,
ክብር አሳጥተው አባረውህ ፣ አሁን ሌላ ወሬ,,,,,,
በአማርኛ መፃፍ እየቻልክ፤ ምን እያልክ ነው በ እንግሊዝኛ,,,,,,
ብትልም መብቷ ነው:: የኦነግ ደጋፊም ብትሆን እንዲያው:: የአንተ አላዋቂ መሆን ግን  የአንተ ምርጫ ነው፡፡,,,,,,
አንቺም መርሳት ጀምርሽ ማለት ነው ምክንያቱም የኢትዮጵያ ህዝብ በወያኔም ተጽኖ ሲደረግበት ነበር,,,,,,
የት? ባንድ በኩል የሚወራው ሌላ ነው በሌላ  በኩል ጦርነት  እንዲቆም ነው፤ ግራ ያጋባል,,,,,,
ማን የተሻለ ሀሳብ እንዳለው  ኮመንታችንን አይቶ ህዝብ ይፍረደን።,,,,,,
ለዚህ ሰውየ ያለህን ፍቅር ፤ የተወሰነውን ያህል ለራስህ ወንድሞችም የሚኖርህ ከሆነ ሀገራች  እንዲህ አይነት ችግር ላይ ላትገባ ትችላለች ?,,,,,,
አርቀን የምናስብ ከሆነ በሰው ሃዘን ልንደሰት አይገባም,,,,,,
ትገርማለህ ፤  ትርስት ፈንዱን እኮ አብይ ቤቱን ሊሰራበት አይደለም የሚጠይቀው የኢትዮጵያን እናት ከሞት ለማዳን እንጂ፡፡,,,,,,
በፍፁም እንደ አንዳርጋቸው ያሉ ህይወታቸውን ለወገናቸው መብት በቀጥታም ሆነ በተዘዋዋሪ የሰዉ ጀግኖችን የሚያጥላሉትን ከነዚህ ሰው የሚያጠፋ መሳሪያ ከሚሰሩት ለይቼ አላያቸውም,,,,,,
ያልከውን ማመን ይከብዳል እያየን ያለንው ሌላ ስለሆነ,,,,,,
ፕሮፌሰር ከነበረ ሰው እና ትልቅ የትምህርት ተቋም ሲመራ የቆየ ሰው እንደዚህ አይነት እምነት ያፈረሰ ስራ ውስጥ መሳተፉ በጣም ያስነውራል።,,,,,,
አይ አንቺ ምን እዚህ ውስጥ ከተተሽ,,,,,,
ጥሩ መሪ አልነበረም፡፡,,,,,,
ሐበሻ ላይ የለመድከውን ሌላው ላይ የሚሰራ መሰለህ? አታሰድበን እንጂ,,,,,,
በፍቃዱ የተባለው ሰው ብሎገር ለመባል ሁሉንም መቃወም ያለበት ይመስለዋል። የቀደመው ያ መጥፎ ጊዜን ማስታወስ አልቻለ ይሆን ?,,,,,,
ዛሬ ነገሮች ተለውጠዋል፤ ይህን የሚያቀርበው ሚዲያ እኮ እኛ ላይ ጥሩ ያልሆኑ ነገሮችን ሲያወራ ነበር,,,,,,
አሁን ዶ/ር መረራ አራት ኪሎ መግባት እንጂ ስድስት ኪሎ አይፈልግም:: ስድስት ኪሎ ግባ?,,,,,,
ሀገር የሚያፈርስ እንደዚህ አይነት ከህግ ውጪ ያሉ በምናለብኝነት የሚደረጉ ነገሮች እንጂ እንደ አሜሪካ ያሉ የውጪ ሀይሎች አይደሉም,,,,,,
እስቲ አንተ ቅቡልነት ያለው ፓርቲ ንገረን ከ ብልጽግና ውጪ፡ ትገርማለህ,,,,,,
ምን አገባህ ኢትዮጵያ የሚከፈልህ ገንዘብ ከትንሽ ጊዜ በኃላ ይቆማል ያንጊዜ ይህን አይነት ተለዋዋጭ እይታህን ከኢትዮጵያ ታነሳለህ::,,,,,,
የሚዘፍኑትን ትልልቅ ሰዎች ትፍልጊያለሽ ? እሱን ብዙ ግዜ Ethio360 አይተሽዋል ብዬ እገምታለሁ,,,,,,
እውነትሽን ነው እኔ እኮ ኬፕታውን መስሎኛል,,,,,,
ከዚህ በላይ ከእርሱ ብዙም የምንጠብቀው ነገር የለም,,,,,,
አብዲ ኢሌ ከአብይ ጋር አንደመርም የሚልን በትዕግስት አናልፈውም በማለት በይፋ መናገሩን ሰዎች እያስነበቡን ነው።,,,,,,
ራሱ ደጋፊ አይደል እንዴ?? ደጋፊን ደጋፊ እንዲያወግዝ ስትጠብቅ.አሳማ ክንፍ ታወጣና ትበራለች,,,,,,
ይህ ፕሬዚደንት የተባለው  ብስለት የለውም፡፡ ኢትዮጵያ በልጆቿ ታፍራ እና ተከብራ ለዘላለም ትኑር,,,,,,
ቡድን የመፍጠር ጉዳይ ላይ የተጠመደ,,,,,,
አብንን ከቀናት በፊት  ስሙን በተሳሳተ መልኩ ያነሱት አምባሳደር ሱሌይማን እና የሰበታ ከተማ ከንቲባ?? የወይራ ዘይት እንደቀቡት ተገንዝበዉ ይሆን?,,,,,,
ትገርማላችሁ። ከእናንተ በለይ ብልጥ ያለ አይመስላችሁም። ያ ምንም አያቅም ብለህ የናቅከው እንኳን ብሁለት ሳምንት ውስጥ ጥሎህ እነደሄደ እይ ።,,,,,,
እባክዎን ይህንን እንደገና ይላኩ,,,,,,
እሱ ስለ ኢትዮፕያ ስለ ሰላምዋ ስለ ፍትህ ያስባል ብለን ማሰባችን ስህት ነው የሚሆነው,,,,,,
ክንግዲ ሽር ሽር የለም እዛው አገር ውስጥ ተቀመጥ,,,,,,
እኔን ወይም ጓደኛዬን አትናገር,,,,,,
ጥሩ ስላልነበርክ በመልሱ ጥሩ ያልሆነውን አገናኘህ,,,,,,
እህላችነን ወስደው ተመልሶ እርዳታ ብላ ነው የምትሰጠን,,,,,,
እስከመቼ እግዚአብሔርን ትክዳለህ? ኃጢአቶችህ ገነትን ይመርዛሉ አለመታዘዝዎ ምድርን እየመረዘ ነው ፡፡,,,,,,
ቤት ውስጥ ሁሉም ቀለሜ ሆነው አንተ ብቻ ልዮ ስትሆን ያለው ስሜት>>>>>,,,,,,
እንተም ካናዳ ስለሆንክ  እንጂ አይቀርልህም።ያንተ እይነቶቹ ደገፊዎችን ግን የትግራይ ህዝብማ ለኛ መስረታችን ነው ።,,,,,,
ይህ ሰው በቦታው የተገኘ አይመስለኝም፤ ምንም የሚያቀው ነገር የለም,,,,,,
እራሱ ጥቆማውን ጠቁሞ ብሩን ሊበላ ይመስላል ፡፡ እባክህ እድሉን ለኛም ስጠን እና ኑሮችንን እንቀይር፡፡,,,,,,
ከፖለቲካ አንፃር ብዙም የሚጠቀስ ሰው ባይሆንም ሁኔታው ያሳዝናል፡፡ ነፍስ ያጠፋው ማን ሊሆን ነው ?; መልእክቱስ ?,,,,,,
አዎ.አሪፍ ነበር። መሬት ላይ ያለውን ሃቅ ለሚረዳ በጥያቄዎቹ ቀጥተኛ አለመሆን ይበሳጫል። የአብይን ሊንክ ካለ አጋራና,,,,,,
እንዲህ አይነት አስተያየትም ሆነ ሂስ የመስጠት መብት የለህም። መጀመሪያ ሁከት እንዲነሳ ምከንያት የሚሆኑ ሰዎች መደገፍ አቁም።,,,,,,
በግራም በቀኝም ከተሰለፉ የ60ዎቹ ትውልድ አባላት ጋር ያላችሁን ርዕዮተ-ዓለማዊ ርቀት ጠብቁ። እንደነዚህ ያሉ አስቸጋሪ ፖለቲከኞች,,,,,,
ጥንቅር ብሎ ይቅር ኣለ ክክ  እኔ ደግሞ ያጣ እንትን ተራግሞ ይሄዳል እልሃለሁኝ,,,,,,
ሰው ለብጤው የላከው መስሎት ይህን ወደ እኔ ሰደደው በመልክቱ ተራነት ብስቅም የላከው ማንነት ሲገለጥብኝ ለላኪው ያለኝ አክብሮት ኢቶጲያዊ ሰብአዊ ግምት ተመሰጣጠረብኝ,,,,,,
በግምት አውቅሻለሁ ማለት ትክክል አይደለም,,,,,,
ቶለሳ ወሬ የሚነግራው ሰውዬ ከእንግዲህ ወዲያ ስለማያገኝና ተመልከች ስለማይኖረው ገንዘብ ሽቀላ ወደ ሌላ አዙሩል። እትዮጵያዊናት ትቶዋል። ተጠንቀቁ ።,,,,,,
የነሱን ገንዘብ እየወሰድክና እያሰርክ ማን የሚታለል ያለ መስሎህ ነው? እግዚአብሔር የንፁሃንን እምባ ይፋረዳል።,,,,,,
አንተ እራስህን ሆነህ ባለመገኘትህ  ባየሁህ ሰአት ጥሩ ስሜትን  አይሰማኝም,,,,,,
ንፁኀንን በድልሀል፤ አንተን ለስልጣን አላስብህም,,,,,,
ይቺ ሴት ግን ምንድን ነው የምታጨሰው:,,,,,,
ትናንትና እነማን ስክነት እና መረጋጋት እንዳሳዩ እነማን ደግሞ ግጭት ለመፍጠር ሲሯሯጡ እንደዋሉ ታዝባችኋል አይደል? ሁሌም ሰላምን የሚፈልጉትን ከማይፈልጉት በጥንቃቄ መለየት ያስፈልጋል፡፡,,,,,,
በቂ መረጃ ይዘሽ ሀሳብ ብትሰጪ ነው የምንቀበልሽ ፤ መልሰን ብንጠይቅሽ መልስ ከሌለሽ አስቸጋሪ ነው,,,,,,
እስቲ መጀመሪያ የተጫዋቾቻችሁን ደሞዝ ክፈሉ,,,,,,
እየፎከርክ  ከርመህ ከኮቪድ ለማምለጥ እጅህን ለይ ጓንት ስታደርግ ሰይ  ምን ልበል።,,,,,,
ገና ምን አይተሽ  የጉራጌው የጋምቤላው የሱማሌው የደቡቡ የሲዳማ ልዩ ሃይል አንድ ላይ የተበበራል,,,,,,
የምትገርም መርጦ አልቃሽ እና ወገንተኛ ነህ,,,,,,
ባክህ ስትል ሰምታህ ነው የሚሆነው.,,,,,,
አሁንም ኢትዮጵያ ነው እኮ ያለው,,,,,,
በደንብ ሳቅ ፤ ግን መልሱ ተቃራኒወ እንዳይሆን,,,,,,
ድሮ እረኛ ምን አለ? በማለት ነገስታቱ መረጃ ይሰበስቡ እንደነበረው የአሁኑም መንግስት ጥቂት ወጣችን ለዚያ አሰማርቶ እየሰራ ያለ ይመስላል,,,,,,
አንተ ለፈጠርከው ችግር መልሶ መልሱ ይደርስሀል,,,,,,
ሐገር ቤት ደውለህ የምትሰማው ነገር ሁሉ ደስ የማይል ነው፤ ብሄረኛ ይህን ያህል ሰው ገደለ ፣ አፈናቀለ። በኮቪድ ብዙ ሰው ህይወቱ አለፈ። ጠ/ሚር አቢቹ የሴት ጥቃት አይግረማቹ፤ ውሃ ከሰማይ ላ,,,,,,
ልጅ ለናቷ ምጥ አስተማረች አንተ ስለ ኢትዮጵያዊነት እና ስለፍቅር ልትመክረን መሞከርህ ይገርማል,,,,,,
ትዊተር ላይ ብዙ መፎከር ላንተ ወንድነት ነው የመሰለህ።,,,,,,
ራስ ተፈሪ ወንድ ልጅ ወልደው ተሰማ እሸቴ ሊጎበኟቸው ሄደው «እንኳን ደስ ያለዎ . ዛሬ ወንድ ወጣዎት» አሏቸው - ትንሽ ለፈገግታ,,,,,,
ይሄ አወሉ የሚባል ነገሮች በትክክል የማይሰሩለት ሰው አለ እንዴ?,,,,,,
ይቅርታ፡ አርቆ የማያስብ ሰው ከአፉ ትርፍ ቃል ቶሎ ያወጣል ለማለት ፈልጌ ነው፡፡,,,,,,
ምነው ኣንቺ ደገፊ። በሬ ሆይ በሬ ሆይ ነው ነገሩ።,,,,,,
እሱ በዚያ ደረጃ ማስፈራሪያዎችን ስለሰነዘረ ፡ አንተ እንዴት ሌላ ትርጉም ትሰጠዋለህ ?,,,,,,
ትክክለኛ አናሊስት ነው ብዬ አላምንም ፤ ሮኬት የላከ ያህል ማገነን አያስፈልግም,,,,,,
አገር ማስተካከል ፤ እንደ ፀጉር ማስተካከል  ቢሆንማ ቀላል ነው ልትል ትችላለህ ??,,,,,,
መስሎህ ነው ፣  እንዳንተ ካላወራ ሁሉም ጠባብ ነው ኣ?,,,,,,
ከብዙ ስምታ በኋላ የመተከል ችግር  ሊቀረፍ የተቃረበ ይመስላል ከጅምሩ ችግሩ የአስተደደር ችግር እንዳአለበት   ተጠቂዎች በግልጽ እየተናገሩ ነበር,,,,,,
ስለሚሞተው ንፁሃን ይልቅ ስለስታተስ የምትጨነቅ ከሆነ ሰብአዊነት የለህም,,,,,,
ይሄን ሰው ነው እንግዲህ ወደሀገር ቤት እንዲገባ ጋብዘው ያስገቡት,,,,,,
በውስጡ ስለኖረ ይሆናል እንዲሀ የሚለው,,,,,,
እኔ ምንም መጥፎ ስሜት የሚፈጥር ነገር አልገጠመኝም ሆኖም የማወራው ብዙም ከማያቁት ጋር እንደሁ ግልፅ ነው:: 360ን ስለማልሰማ እንዲህ ወይ እንዲያ ልልሽ አልችልም,,,,,,
አንተ ወደድክም ጠላክም አብይ መሪ ነው፣,,,,,,
ቅድሚያ በዘሩ ብቻ በደል ለሚደርስበት ወገንህ ድምፅ ሁን,,,,,,
ጀግኖች ናቸው፣ ይሄ ጉድ እዚህ አገር ነው ብለው ነው። የክፉ መንፈስ ስራ ይገርማል እያሉ ነው።,,,,,,
በአለም አቀፍ ሁሉም ጋር አለሁ በማለት የኢትዮጵያን በጎ ለማይወድ  መልስ ይሁንለት,,,,,,
አንተ  በአለም ወንጀለኛ ፍርድ ቤት መቆምህ አይቀርም,,,,,,
የአማራ ህዝብ አንተ እነደገለጽከው ለራሱ ብቻ የሚያስብ ሳይሆን  ሀገር ወዳድ ህዝብ አክባሪ ታሪክ ያለው ህዝብ ነው ፡፡,,,,,,
አረ ሌላው ሁሉ ነገር ይቅርና ህዝበ ወያኔን በሚያስጨንቅበት ሰሞን አብይን የሚያውቅ ሰው አልነበረም? የኛ ሰው አሁን የአብይ ደገፊ ሆነ,,,,,,
ወያኔ የተባለው  የትግሬ - ወገኖች ቡድን እየተሻነፈ ነው,,,,,,
ከአንተ ብዙ መጠበቅ አይቻልም፤መስተዋት ውስጥ ያለ ሰው ድንጋይ አይወረውርም ይባላል,,,,,,
የተግራይ እናት ጥራ ግራ እራሷን ሰላ ጌጠች ደስ አለለህም?,,,,,,
መቼም ይህ የአሳምነው ድምፅ ነው ብሎ ያመነ ሰው መሆን አለበት ።,,,,,,
መልስ ለእሱ አያስፈልግም ፤ ለእነሱ ነገሮችን ማመሳሰል ዋና ስራቸው ነው,,,,,,
ለኤርትራውያን ስለ ኣሰብ እዚህ በመናገርህ ይቅርታ መጠየቅ ያለብህ ይመስለኛል,,,,,,
አገር በአሉባልታ ለማፍረስ የሚሰሩትስ ምን ልትላቸው ነው?መልእትህ ውሃ አይቋጥርምና በደንብ አጢነው,,,,,,
ተው ባክህ?? ሃገር ለማደን እንኳን የሌላ ሃገር ጦር ገብቷል እንኳን ወንጀል ለማጣራት የሚገባ ገለልተኛ አካል::,,,,,,
ሀዝብ ምንጊዜም በሰራችሁት ስራ አንገቱን እንደደፋ አይቀርም .,,,,,,
ትዊተር ዘመቻ መጀመር ይኖርብናል ገለልተኛ ነኝ ምናምን አይሰራም,,,,,,
አንተ ራስህ ወገንተኛ አይደለህ እንዴ። የአንባቸው ጊዜ የጻፈችውን ማን የሚረሳው መሰለህ,,,,,,
አንተ የተለያየ ነገር ነው እያልክ ያለኸው  ፤ የምፈልገው አመራር ካልሆነ አልቀበልም ነው  ?,,,,,,
ሀገር የክርስቲያን ብቻ አድርገህ ስለምታይ ብዙውን ጊዜ ሀሳብህን ለማስረዳት ራስህን ጭምር ግራ ስትጋባ ትታያለህ፡፡,,,,,,
አንተ ጉራጌ  ከሆንክም ጉራጌን ተክተህ ማውራት አትችልም ????,,,,,,
በአንድ ወቅት እኔን አንተ ኦነግ በማለት ጠርታኛለች,,,,,,
አብሬ ተይ እንጂ መቼም የElias እጅ ነው ብለን ብዙ አወራን እንጂ ልዑልስ  ከዮሀና አካባቢ አይደርስ።,,,,,,
ሁልጊዜ ነገሮችን ለማለስለስ መሞከር ተገቢ አይደለም፡፡ የዛሬ 2/3 አመትም እንዲሁ የ ጀዋርንም ጉዳይ ስታለሳልስ ነበር፡፡,,,,,,
ፍፁም አረጋ ሀገርህን አሳልፈህ ሰጠህ፤ ደግሞ አሜሪካ ትሰማኛለች ብለህ አትገምትመ,,,,,,
ይህማ ቤት በደንብ ቤት መታ ነው የሚባለው ??,,,,,,
የምትገርም ልበ ደንዳና የመንግስት ሹም ሆነሀል፡፡ አድርባይነትህ ለአቢይም አይጠቅምም,,,,,,
ተምረህ እንዲ ከሆንክ ባትማር ምን ትል ይሆን ነበር???,,,,,,
ምን ዋጋ አለው ወድቆ አለሁ ማለት ብቻ ፤ ለእንዳንተ ዓይነቱ የድሮውን ብቻ የሚያስብ፤ የሌለችህን አገር,,,,,,
የዋህ ሰው እንደልቡ ነው በበኩላቸው ለነሱ ዘመናዊነት ነው,,,,,,
ሳትጠየቅ የሰው ጉዳይ ላይ ጣልቃ አትግባ ፡፡ነው።አንተ በቆምክበት ቦታ ላይ አባቷና,,,,,,
አንተም እንደኛው ማህበራዊ ትስስር ላይ ነው የምተነፍሰው ፤ ስልጣን ይዘህ ፣ እናንተ ናችሁ ለዚህ ያበቃችሁን,,,,,,
ላም አለኝ በሰማይ ሆነብንኮ ሰሞኑን በሆሮ ያለው ግርግር የማን ደካማነት ይመስልሃል? የህልም እንጀራህን ትተህ ከቻልክ መፍትሄ ስጥ,,,,,,
የስንት ምስኪን ህዝብ ነብስ አጥፍቶ እሱ በሰላም የሚኖር ከመሰለው ተሳስቷል,,,,,,
በድሮ ስምህ ስትጠራ አይመችህም።,,,,,,
ኢትዮጵያ ትንሽም ትልቅም ጠላት ተነስቶባታል እና ወጣቶች ፌስቡክን ትታችሁ መከላከያን ተቀላቀሉ : ጠ/ሚ አብይ አህመድ,,,,,,
በስም ሸውዶ የፈለጉትን መፈፀም እንደዚህ ነው,,,,,,
እስከ መቼ እንደሆነ ባይታወቅም አብይ በክብር እንገዳነት ሊገኝ ነው እየተባለ ነው,,,,,,
የሁሌ ደጋፊ ሆነን አደረከንኮ ። ይሄን አመለካከት  ና ትክክል ያልሆነ strategy ለትህነግም አልጠቀማትም።,,,,,,
ኣዎ ኣሁንም ከናንተ ድጋፍ እነፈልጋለን ሳይሆን ፤ ድጋፍ ለሚሰጡ ብቻ መንገዱን ክፈቱ በይ ከቻልስ,,,,,,
አንጸ ራስ ወዳድ  ፤  ይህንን አይነት መጥፎ ድርጊት አቁም,,,,,,
በአንተ ቤተሰብ ላይ ቢደርስስ,,,,,,
ከአንተ የሚታየውም ወደ ራስህ ብሄር የመወገን እና የስልጣን ፍላጎት ትክክል አይደለም,,,,,,
አንገትሽ ላይ ያለውና የምትናገሪው አብረው አይሄዱም ሰው ይታዘብሻል በዚህ መረዳትሽ,,,,,,
ወደድህም/ሽም ጠላህም በዘር ከአመንክ አዕምሮህ ትክክል  አለመሆኑን እወቅ። ይህ ለእምሮም ለአካልም ህመም መንስዔ ነው። ከዚህ ለማዳን ብቸኛው መንገድ ሰውን በሰውነቱ ብቻ መዝነው።,,,,,,
ታየ ደንደአ ከልደቱ በላይ ለኢትዮጵያ አስቦ ኢትዮጵያዊ ብሄርተኛ ነነ የሚሉ ልደቱ ላይ የቁጣ ሀሳብ ሲሰጥ ዋለ? እስኪ ታየ ስለ አክሊሉ ሀብተወልድ የፃፈውን አንብቡት,,,,,,
እንዳንተ አይነቱ ሰው ነው ሀገሪቷ ለይ ችግር  የሆነው,,,,,,
እኔ መንግስቱን የምሳደብበት ምክንያት ስላለኝ ነው,,,,,,
ሳህለወርቅ ዘውዴን ወይም ሙፈሪያትን ይዘሃት ሂድ በሚቀጥለው። ለዜጋ ክብር ቢያንስ ተገቢውን ክብር መስጠት አያቅታትም።,,,,,,
ከንዳንተ አይነቱ ሰው ምንም ጥሩ ነገር አይጠበቅም:: ይሄ  ነገር ግን ያልፋል ያንተንም ቤት ማንኳኳቱ አይቀርም,,,,,,
አንተ ሰው በሁላ ሀገር ጥሎ መኮብለል የለም አስብበት የመውጭያ በር ተዘግተዋል እንደ መንግስቱ ዙምባብዌ የለም,,,,,,
ምን እያልሽ ነው ፤ ህገመንግስት ለመቀየር እኮ ህዝብ ወስኖ እና የራሱን አካሄድ ተከትሎ ነው,,,,,,
መች ተሳተፍን እና ነው ። ለቅሶ ግን እንደርሳለን።እንደ ኣስመራ ሴቶች ነጭ በነጭ ለብሰን። ካስፈለገም ወርቁ ይወጣል። ትልልቁ  ወርቃችን ፣,,,,,,
ሻርፕ አድርጎናል PM Abiy . የኢትዮጵያ አምላክ በአነዚህ ሚድያዎች ላይ ፍርዱን ይስጥ,,,,,,
እንዳንተ ያለውን ምስኪን እንድትኖር የፈቀድልህ አምላክህን በሰው ውስን ጭንቅላት የሚመራ መስለህ መቼም እናንተ ጋር አርቆ ማሰብ ቀርቷል,,,,,,
ላለፉት አራት ዓመታት አሜሪካን ለኑሮ በጣም የምታስቸግር ሀገር ከማድረግ ውጭ እርስዎ እና ቤተሰብዎ ምንም አላደረጉም ፡፡,,,,,,
እንዳልናገርህ ስድብ ነው ትላለህ፤ ዝም ብልህም እኔን ችግር አለበት ብሎ ነው ዝም ያለኝ ትላለህ ከዚህ ሁሉ አንድ አንተ የማትረዳውን ነገር ብልህ ሳይሻል አይቀርም,,,,,,
እግዚአብሄር ፍርዱን ይስጥህ ፤ የንፁን ነፍስ ያስጠይቃል፡፡,,,,,,
ለአሁንህ ነፃነትህ አንተ ምንም የማታውቅ በነበርክበት ሰዓት የሷ ድምፅ ነው ነፃነትህን ያስገኘው ከገባህ።,,,,,,
የመደመር ነገር የማይመለከታቸው ሰዎች አሉ እንዴ? ዛሬ የፌቡ ተጠቃሚው ሰራዊት ፍቅሬን ያብጠለጥሉት እያየሁ ነበር,,,,,,
ሀገሬ ደህና መሪ አላገኘችም ፡፡ በአንደ አመት ውስጥ ብቻ ብዙ ችግሮች ተፈራረቁባት፡፡,,,,,,
ጎንደር ላይ መቼም ቢሆን ኢትዮጵያዊነትን ማንም ዝቅ አያደረገው። አብይም ቢሆን ሌላም መሪ,,,,,,
የምን ለቅሶ ነው መልሶ መላልሶ እንደሚባለው አሁን  የጨነቀን ሕይታቸው እንደ ቀልድ እያለፈ የሚገኙት ህፃናት እንጅ አንተ የምትለው ሌላ ሌላው ነገር አይደለም,,,,,,
ይሄ ግዙፍ ሰው በመንደር ውሥጥ ሲሰብክ ነበር ፤ በመንገድ ላይ ስብከት በዚህ ሀገር እየበዛ ነው,,,,,,
ታዲያ ምነው ምክሩን በእንግሊዝኛ አደረግሽው፤ የጭነት ስራ የሚሰሩትን ከዩኒቨርሲቲ ጋር እንዴት መደብሻቻው?,,,,,,
እርሱ ሲያወራ የሚታየኝ ጥሩ ያልሆነ መንፈስ ነው፡፡ መልካም ሰዉ አይደለም፡፡,,,,,,
አምባገነን መሪ  የተቃወሙትን ሀሉ አይወድም  አለ ያገሬ ሰው ። ለጥጋብም ልክ አለው።,,,,,,
AbiyAhmedAli ሀገሪቱ የገባችበት የፓለቲካ ቅርቃር ግምባር ቀደም ተጠያቂ አንተም ነህ ዛሬም ባረጁ አስተሳሰቦች ላይ ቆመሀል,,,,,,
የአባባ ኢሳያስ  ስራ ና ሠላም ለሁለቱ ህዝብ ፍቅር ታስቦ ይሆን፣ ለትግራይ ህዝብ ብቀላ  የተደረገ እንደይሆን,,,,,,
ሰዎች ለምንድነው የመነስተውለው?  ምን ሆነን ነው ? መቐለ ስልክ ሰርቷል መቐለ ተከፈተ እያልን ለምንድነው የምናወረው? የት አለ የተከፈተው? በርግጥ ይጠራል,,,,,,
የኢዜማ ደገፊ ነች ለ3 አመት ብዙ  አጀንዳዋን ስትስፈጽም ነበረ ። ለብሂር ያላት ምልክታም ጥሩ አይደለም,,,,,,
ጌታቸዉ አሰፋም ያዝን ነበር ተአምር ነዉ መቼም። ለማንኛውም እሱም የምትን ጽዋ ተጎንጨ።,,,,,,
ፕሮፌሰርነቱን የሚመጥን ነገር አይታይም ከጤናውም ጋር ያለ አይመስልም,,,,,,
ደጋግመህ የምትለው ቃል በራስህ ላይ እንዲሚሰራ እወቅ ፡ ሰይጣን ተጠግቶህ ከሆነ፣ፀልይ ይሸሽሃል,,,,,,
ጥሩ ስነምግባር አለው ብዬ ስለማላምን ጥሩ ነገር አንጠብቅም,,,,,,
ይሄ እኮ ግልፅ የሆነ ፀያፍ ነገር ነው funny መስሎሽ ከሆነ አልገባሽም ማለት ነው,,,,,,
በአማረኛ: - የአፄ ናፋቂ ማለት ያልገባቸው ፖአክቲቪስቶች መለክያ ነው: ተወው:: የዘር ፖለቲካም ፌደራሊዝም አለመሆኑ ካልገባህ አንብበህ ድረስበት,,,,,,
ድርጊትህ እንደምትናገረው ነገር መልካም  አይደለም,,,,,,
ብዙም ቆንጆ አይደለሽ  ወይ አሳቢ። ነገሩ ሰይገበሽ ለማስረዳት እትሞክሪ,,,,,,
አዲስ የሆነ ሌላ ስልት ሊጠቀም እንደፈለገ ያሳያል,,,,,,
ህወኃት ያን ሁሉ ድርጅት በአሸባሪነት በከሠሰችበት ዘመን አንድም ቀን የዚህ ዐይነት የከፋ አደጋ ኢትዮጵያ ውስጥ ተፈጽሞ አያውቅም።ዛሬ እርቅና አንድነት ሲፈጠር እውነተኛው አደጋ አድራሸ ካደፈጠበት ወጣና ሥራውን አሳየ::,,,,,,
እውነትህን ነው ?  መቸ የተማሩትን ነው አስመረቀ እምትለው፤ አንተ እኮ ማስተዋል ትተሀል,,,,,,
እንዴት እሱን ከስዩም መስፍን ጋር የሚያገናኝ ጠፋ  ?? ?,,,,,,
ቢቻል  ሰው አትግደሉ ብላችሁ ገዳዮችን ማውገዝ ነው ካልሆነ የተበዳይን ድምፅ እንዳንሰማ ማለት ትክክል አይደለም፡፡,,,,,,
በአብታሙ አያለው ላይ የሆነውን ወደ መጨሬሻው ላይ ይስሙ።,,,,,,
የተረገመ ይሙት ክፉ ይሙት ከዚህ አለም  ተሰወረ ከእንግዲህ ወዲህ ማየት አልፈልግም,,,,,,
ሳወራ በጣም ነው የምጮኸው፣ አንዳንዶች መስማት አይችልም የሚሉት ለዛ ነው ??,,,,,,
መለስ ዜናዊ እናቱንና አባቱን በሁለት አገር ያስቀመጠ ሰው ነው፡፡ እንዲህ አይነት ሰው በአለም ላይ ታይቶ አይታወቅም፡፡,,,,,,
የምትናገረው የሚፈጥረውን ችግር የማትረዳ ከሆነ ዝም ማለት አዋቂነት ነው::ግለሰቦች ለሰው ከሚጠቅም ነገር ይልቅ ሰውንና ህዝብን የሚጎዱ ሲሆኑ,,,,,,
የታጠቁት ሀይሎች መሳሪያ ያልያዘ ዜጋ ላይ እርምጃ ይወስዳሉ ፤ አንተ ደግሞ ለሀገር የማይጠቅም ነገር ታወራለህ,,,,,,
ሰው ፀያፍ ቃል ስለተናገረ ሀሳባችንን በመፃፍ ከመግለፅ አያግደንም፡፡,,,,,,
እንደዚህ ዓይነቱ Opportunist እና በሞቀበት ተናጋሪ ፖለቲከኛ ነው ሀገርንና ህዝብን ውዥንብር እየከተተ ሀገሪቱን ከአደጋ ላይ ለመጣል የሚንቀሳቀሰው።,,,,,,
አንተ ደግሞ አቋም ይኑርህ ፤ አንዱም ባንተ ምክንያት  ነው በወገኖቻችን ላይ ብዙ ችግር እየተፈጠረ ያለው,,,,,,
እንዲህ ተጠቅሞ ሲያበቃ ነው 60 የሚለው,,,,,,
አሜሪካዊው ባለሀብት ኢትዮጵያ ዉስጥ መጥተው የእኔ ቢጤዎች ጋር ሲወያይ ወደ ከንቲባዋ ምልዕክተኛ እጁን እየጠቆመ እነዚህ ድህነትን ረስተዋል,,,,,,
ለረጅም ጊዜ  አገሩን  ሲያስተዳድሩ የሌሎችን ችግር ችግሬ ነው ብለው ሳይወስዱ ሲቀሩ ብዙ ታዝበናል,,,,,,
እኔን ስለሚጠላ የሚል ነገር አልፃፍኩም ፣ አንድ ቲኒሽ ፅሁፍ ለመረዳት ተረጋግቶ ለመረዳት ከመሞከር ይልቅ አንቺ ግን ትቸኩያለሽ፡፡,,,,,,
ምርጫ ቅስቀሳ መሆኑ ነው? የኢትዮጵያን ሥም ከመጥራትህ በፊት መጀመሪያ በአክብሮት ሚኒሊክን ይቅርታ ጠይቅ፡፡,,,,,,
ለውጥ 101 እስኪ የመልከም አስትተደደር ችግር መንስኡ ኣትሁን,,,,,,
ፀረ ካፒታሊዝም ፀረ ዘረኝነት. ለምንድን ነው የምትፈልገው?,,,,,,
ዳንኤል የሚታየው ከፍታ ላይ ያሉት እንዳንቺ ለሰው ብዙም ርህራሄ የሌላቸው ሰዎች ናቸው,,,,,,
አንተ «ኢትዮጵያዊነት መገለጫዬ ነው» ትላለህ . ግን ብዙኃኑ ኢትዮጵያዊ በኢትዮጵያዊነት ብየና ውስጥ ይካተት ዘንድ «ሁላችንን እንድትመስል ዳግም አብረን እንበይናት» ሲባል ዋነ,,,,,,
መናገር አትፈልግም እንዴ  ማለቴ ወደ ሸሚዝ ይሂዱ,,,,,,
እራሱን የሚያስቀድም ሰዉ ነው ጥሩ ሰው አይደለም,,,,,,
እዩኝ እዩኝ ማለት አብዝተሀል ፤ ጤና አይሰጥህም ትሰለቻለህ ግን በጣም እውነታውን ባናቅ,,,,,,
አክራሪ ብሔርተኝነት እና ህፃን ልጅ በትንሽ በትልቁ ሆድ ይብሳቸዋል,,,,,,
አሱ፣ ዝም ለማለት ስንት ይፈልጋል,,,,,,
አይ ተመስገን እንዲህ ያለ ፍሬ የሌለው ዜና ስትዘግብ አእምሮህን ትንሽ አይከብደውም,,,,,,
ሃጂ ኡመር ኢድሪስ ከራሳቸው ሃሳብ ከራሳቸው እውቀት ተነስተው ምንም ነገር ማድረግ አይችሉም ሌላው ቀርቶ የጅ ስልካቸውን እንኳ መያዝ አይፈቀድላቸውም,,,,,,
ይገርማል የኦሮሞ ይሁን የሌላ ይሄ ነው ወይ ትልቅ ጉዳያችን ስራኧት ያዝ ። ይህ ጹሁፍ   ጁንታ መሆንህን ያመለክታል,,,,,,
ይገባኛል አባቱ የውጭ ዜጋ ጋር ለሚውል ይሄ ጥሩ ስሜትን አይፈጥርም,,,,,,
እንኳን እንትን ላይ ባንዲራሽን አይቶ . ብለህ ልትዘፍን ነው አሁን ? Ethiopia ይገርማል,,,,,,
እንደው አውቀህ ካልሆነ በስተቀር 10 በአመት ኢኮኖሚን ማሳደግ ስህተት ነው ብለህ አታምንም፡፡ ምናልባት ወገንተኛ ነህ ወይንም ሌላ ወጣ ያለ የራስህ አስተሳሰብ አለህ,,,,,,
እኔ እንደአንተ እና ታዬ በመንደር ውስጥ ተራ ነገሮች ላይ ጊዜዬን የማጠፋ ሰው ሳልሆን አርበኛ የሆንኩ የአርበኛ ልጅ ነኝ፡፡,,,,,,
50 ለህዝባቸው በጎ የማያስቡ ሰዎች፤ ያለ ገንዘብና ስልጣን ሌላ የማያስብ አይናቸው የማያይ ፤ የክልሉ ህዝብ ግን እንደማናችንም የዋህ ኢትዮጵያዊ,,,,,,
በጣም ሲያዋክብና ሲያጣድፍ ብትይ,,,,,,
መጥፎ ካልሺያቸው ምናልባትም በዕውቀት የሚደግፉ ሰዎች ይልቅ ያንቺ ዝም ብሎ ጥላቻ የበለጠ ያስደነግጣል ።,,,,,,
Childish idiot አንተ ኢትዮጵያን ና ልጆችህም መውደድ አለብህ።,,,,,,
ሀገርን ለሚወክል አምባሳደር ተገቢውን ክብር መስጠት ተገቢ ነው፡፡,,,,,,
ሀገር እንደ ሀገር መቆየቷ የቀናት ጉዳይ ሆኖ እያለ መቼም አያልቅም ስላልከው ግድብ ታወራለህ። ያለቀ ጉዳይ,,,,,,
መጀረ/ጀ/ብሃነ ጁላ ሃገር ና ህዝብ ሳይጎዳ ሰላምን ማስከበርን ነው ህዝቡ ከእናንተ የሚፈልገው,,,,,,
ህዝቦች ኣልብቃ ኣሉክ ኣይ danielkebertምንው መረጋጋት አጣህ,,,,,,
የአማራ ህዝብ ለተራ ወሬዎች ጆሮ እንደማይሰጥ ማወቅ አለብሽ,,,,,,
የራሱ ያልሆነን የሚመኝ፣ ስራን የማይወድ፣ ትህትና የሌለው,,,,,,
ተጨማሪ ስልጣን ፈልጎ መደገፉ ይሆናል።,,,,,,
ለአንድ ጠ/ሚር ነገሮችን በተግባር ማድረግና ማሳየት ብዙ ከማውራት የተሻለ ክብርን የሚያመጣ ይመስለኛል፡፡,,,,,,
የሰዎችን ሀሳብ ትተህ ፤ በራስህ አቅም ቆመህ አትታይም,,,,,,
ሃብታሙ አያሌው በኢትዮያዊነት ስም ውስጥ መብትህ የተነካብህ እያስመሰልክ የምታሳያቸው ነገሮች ወገንተኛነትህን ያሳያሉ,,,,,,
እሱን ሰው ዝም ብሎ ነው የሚይወራው,,,,,,
መሬት ላይ ሆነህ ወዴትም ልትደበቅ አትችልም ፤ ስልጣን በጣም ፈላጊ ነህ,,,,,,
ሰውን በፀያፍ ከተናገርክ በተቃራኒው ወደ ራስህም እየተናገርክ እንደሆነ ማስተዋል ይኖረብሀል,,,,,,
ያንን ለኔ ብቻ የሚል ሀሳብህን ስትተው ለረጅም ጊዜ የተመኘኸውን ቤተመንግስት ስታገኘው የፈለግኸውን ሳይሆን ህዝብ የሚፈልገውን እንድታደርግ ነው።,,,,,,
መግደል መሸነፍ ነው የሚለው የአቢይ መርኅ የተቻለውን ትዕግስት ቢያሳይም ስለልተለማመደ አቢይን ፈሪ ደካማ አድርጎታል፣,,,,,,
ለረጅም ጊዜ አብይን ስትደግፍ ነበር አሁን እስኬዉ profile pictureህ ይታያል,,,,,,
እውነቱ ተደብቆ አይኖርም ፤ አንተ የሰው ነፍስ ግድ የማይሰጥህ ነህ ፤ ፍርዱን በቅርቡ ታገኘዋለህ,,,,,,
ኢትዮጵያ ትንሽም ትልቅም ጠላት የተነሳባት ከአመራር በስለት ማጣት ነው,,,,,,
እርሱ ለህሊናው ተገዢ የሆነ ሰው አይደለም ፡፡ አሁን የሚለውም ለማስመሰል ነው ነገ ወደ ነበረበት ይመለሳል፡፡,,,,,,
ከየት የመጣ ጥበብ ነዉ ሽማግሌና ህጻንን ነፍስ ማጥፋት፣ ሴቶች ላይ ጥቃት ማድረስ።,,,,,,
አንተ እንዴት ጎበዝ ነህ፤ እራስህን በአንድ ቲዊት እኮ ገለፅካት,,,,,,
ስለምወድህ ክፉ ልናገርህ አልፈልግመ ፤ ወገብም አልኩት እግር ችግር ያለው አልመሰለኝም,,,,,,
የስዊድኑ አቶ ይስሀቅ ወደ መጨረሻው  ባለቤቴን ፈረንጅ ወሰዳት ፍረዱኝ,,,,,,
በተፈጥሮ  ቀጭን ስለሆነች ፤ ቴሌግራም ላይ ትገባና የሴት ልጅ ውበቷ ቅጥነቷ?,,,,,,
ምን ዓይነት ኣስተሳሰብ ቢኖረው ነው በዚህ ቀን ንፁሃን ላይ ቦምብ የሚወረውረው? በጣም ያሳዝናል ለወገን ዘመዶቻቸው መፅናናት እመኛለሁ,,,,,,
የበትር ብዛት አህያን አዋቂ ፕሮፌሰር እንደማያደርጋት ሁሉ ፤ ለአማራ ህዝብ የሚሰሩ እየመሰሉ የራሳቸውን  ጉዳይ ላይ የተጠመዱ ብዙ አሉ፡፡,,,,,,
የብልጽግና መፈክር ሰበካ  እና ምኞት ብቻ ነው። ግን እውን አንተ ዴሞክራቲክ አመለካከት አለህ? ለመሆኑ በህዝብ ልእልና ታምናለህ? እንተ የገበህ አይመስለኝም አይመስለኝም,,,,,,
ሀገርና አለም እንዴት እይደምትተዳደርና ኢኮኖሚ ምን እንደሆነ ግንዛቤው ስለሌለክ ይሄን አሁን ለአንተ ማስረዳት መሞከሩ ትርፉ ልፋት ስለሆነ ትቼዋለው።,,,,,,
በቲቪ የተጋበዙ የቀድሞ እስረኞች ላይ የተፈጸመውን  እየሠማን ነበር  በጣም ከበድ ነው ። ይሄን ያህል ፈሪሃ እግዚአብሔር የለንም እንዴ የስብላል?,,,,,,
አንድ የፖሊሲና የእውቀት ወሬ የለም ከወር እስከ ወር የልመናና የእርዳታ ወሬ ከንቲባ ቢሮም እርዳታ ስለማከፋፈል ነው ፤ ይኸ ሁሉ ያሳፍራል,,,,,,
እኛ ከአንተ  እኩል አማርኛ ተናጋሪዎች ላንባ እንችላለን,,,,,,
የማካቬሊ የተጻፈ  መጽሀፍ አንብቦ በ21ኛው ክፍለዘመን የሚተገብር ድንቅ መሪ ነውኮ ያለን ????,,,,,,
አንተ ስብሰባው ላይ ተግኝተህ የነበረ ይመስል በዚህ ደረጃ ማውራትህ ተገቢ አይደለም፡፡ ማስረጃ ካለህ አሳይ ????,,,,,,
ተስፋዬ ዳባ በሕግ ሙያ ሥራ ዘርፍ በሚጠበቅበት የሙያ ግዴታ ልክ እየሰራ እንዳልሆነ እያየን ነው። ጠቅላይ ዐቃቤ ሕግ ውስጥ እንዲህ ያሉ ሰዎች መኖራቸው ግን በእሱ ብቻ አልተጀመረም።,,,,,,
ሁለት ከኢትዬጵያ ፖለቲካ የተገለሉ ሃይሎች እዚህ ብዙ ሲያወሩ ይታያል። ጎጠኝነቱ ቀርቶ እንደ ሰው ሚዛናዊ መሆንን አዳብር፡፡,,,,,,
የኢትዮጵያ ህዝብ አስተባብረን እናሽንፍ እንጂ ሌላው አረፋ ነው ያልከው ሰውዬ ደናነ እነዴት ነህ ክቡር ሚንስትር ።,,,,,,
Ethiopia : ከመስከረም 30 በኃላ መንግስት የለም ያለው አቶ ልደቱ አያሌው በ30 ሺህ ብር ዋስ መፈታቱ ምንድነው ችግሩ?,,,,,,
ሰራዊት ፍቅሬ ዛሬ በኢቲቪ ቀርቦ ስለመደመር አወራ ሲሉ በጣም ነው የገረመኝ አንተ እና ጓደኞችህ መደመር የሚመለከታችሁ አይመስለኝም የህዋሀት ደጋፊ ስለነበራችሁ እናንተ መደመር ያለባችሁ ከዚህ በታ,,,,,,
አንዳንዱ ለረጅም ጊዜ ሳይታጠብ ቆይቶ ዲዮድራንት ይጠቀምና የባሰ መጥፎ ጠረን ይፈጥራል,,,,,,
በኢትዮጵያ ጉዳይ ላይ በቂ እውቀት ሳይኖራቸው ፤በጉዳዩ ላይ ጣልቃ ገብተን መፍትሄ እንስጥ ሲሉ ያሳዝናል።,,,,,,
ትግራይ ላይ የሆነው አንተ ላይ ይሁን,,,,,,
ወህኒ ቤት ሁና አፀያፊ ትያለሽ? ይህን ከግምት ውስጥ ልታስገቢው ይገባሻል,,,,,,
ደገፊደግፍ :  አማራን አታዛነጋ,,,,,,
እሱ ስልጣን ሲረከብ ኢህአዴግ እንጂ ሀገር የመፍረስ አደጋ ውስጥ አልነበረችም።በሶስት አመት ውስጥ እኛን ቤተሰባችንን ሀገራችንን የታሪካችንን እያደፈረሰ ያለ ነገር አለ።,,,,,,
ስራ ፈት አልከው ፤ ስራ አጥ ያው ነው። ስሙን ከመለዋወጥ ስራውን መፈለግ አይሻልህም እንዳለው ታዛቢ የችግሩ መሰረት ላይ ከማተኮር,,,,,,
አንተ ምን አገባህ በሀይማኖት ጉዳይ ሕይወታቸው የሚያልፈው ህፃናት፤ በራስህ ቤተሰብ ቢደርስ ኖሮ ፤ ለሁሉም ጊዜ አለው,,,,,,
ሀቁን በሀቅነቱ ለመቀበል የምትቸገር ከሆነ  ለአንተ የትኛውም እውነታ እውነት ሊሆን አይችልም,,,,,,
ምንም አያፍሩም እኮ ። ሰውዬው ለራሳቸው እንጀራ መብላትም አይችሉ,,,,,,
አንድ መጠጥ የሚያዘወትር ሰውዬ አስታወስከኝ . ሁሌ አብዝቶ በጠጣ ቁጥር እንዲህ ይል ነበር.ሚስቱን አንቺ ፈረንጅ ነሽ አላቅሽም ብሎ ይወተውታት ነበር ፡፡ ከራስህ የሆነ ነገር ብትናገር የተሻለ ይሆን ነበር፡፡,,,,,,
ደራርቱ ይቺ ጠጋ ጠጋ ዕቃ ለ ማንሳት ነው:: አንቺ ከፖለቲካ ስርአት ገለልተኛ ሆነሽ ስትሰሪ ነው እኛ የምንወደው፡፡,,,,,,
ዝምብለህ broadcast ህግ የለ :ምን የለ :እውነት የለ : ውሸት የለ ዝም ብሎ መውራት:: ለነገሩ አንተ ምን ታረግ እኛም ዝም ብለን እያዳመጥንህ ነው,,,,,,
የኔታ የዛሬው ቅኔ ግሩም ነበር ቢላቸው አዬ አንተ ከገባህማ ምኑን ተቀኘሁት እንዳሉት የአክሊሉ ሀብተወልድ ዲፕሎማሲ ለታዬ ቢገለጥ ነበር ስህተቱ።,,,,,,
አንተ ሰው የትግራይ ህዝብ እንደ ልጁ አቅፎ ቋንቋው አስተምሮሃል  ጀግነቱንም ታቃለህ,,,,,,
አሁን በኢትዮያ ቴሌቪዢን የሚቀረቡት ተምረዋል የተባሉ ፖለቲከኞች: ከህሊናቸው ጋር ሆነው የሚናገሩ አይመስልም,,,,,,
ታሪክ መስራት እንኳን ቢያቅተን: ታሪክ በሚሰሩት ደግፍ,,,,,,
ጠቅላይ ሚኒስትሩ አብሮ የኖሩትን ድርጅት ጠላት ብለው ሲጠሩ እንዴት አየከብዳቸውም? እኔ ለነሱ ይጨንቀኛል። ኢንጅነር ይልቃል,,,,,,
ኢዲት የተደረገ የተሳሳተ ቪዲዬ ለምን ታሰራጫላቹ ፤   ምን አይነት ማታለል ነው የምትሰሩት,,,,,,
አንተ ቃልህን ታፈርሳለህ ፤ እኔ በቁም ነገር ነው ስረዳህ የኖርኩት,,,,,,
ስትናገር አስበህ መናገር አለብህ,,,,,,
ለፍርድ ቀርበሽ በፈጣሪም ትጠየቂያለሽ ሰው እንዴት ሰይጣንን ያገለግላል???,,,,,,
አሁን ላይ ለተቸገረው ሕዝብ መድረስ እንጂ ሌላ ነገር አስፈላጊ አይደለም,,,,,,
activist ሆነ መሰለኝ፤ አዘውትሮ ሰልፎችን መዘገብ ጀምሮል,,,,,,
መስሎችሁ እንጂ ማንንም ማታለል አትችሉም ፣ ሰው ሁሉ ምንም የማያውቅ ይመስላችዋል እንዴ,,,,,,
አንተ ከእነሱ የተለየህ ነህ ብዬ አላምንም፤ የተስፋዬ ገብረአብን ልብወለድ እንደ ቅዱስ መጽሀፍ እውነት ተቀብለኸዋል፡፡,,,,,,
እንዴት እንደ ዓይነቱ ሰው ነው መቀለ ዩኒቨቨርስቲ መግባት ይችላል? የማይመስል ምኞት ነው,,,,,,
መልእክቱ የጌቾ ቶን አለው ? አቶ አብርሃ ሰከን ይበሉ ለአብይ እየደገፈኩ  እንዳይመስላችሁ ለማለት ይሄን ያህል ሩቅ መሄድ አያስፈልግም,,,,,,
ትልቅ ሃገር እያለን ለምንድነው መንደራችንን እያሰብን በትንሹ ታጥረን በጠባቡ የምናስበው፤ ይህን ነገር እኛንም አታሳስበን? ኢትዮጵያ ለዘላለም ትኑር,,,,,,
እኔኮ ደህና ሰው መስላኝ ነው ነገር ቶሎ የማይገባት መሆኗን መች አውቄ ፊያሜታዬ,,,,,,
ይኸ ኁሉ የሰው ህይወት የጠፋው ጥቂቶች ስልጣን እነዲይዙ መሆን የለበትም,,,,,,
መጠግያየ በለው ውንጂ ችግር ሲኖር መንቀሳቀስህ አይቀር,,,,,,
ኢንጂነር ምናለ ህይወታቸውን ያጡት አማሮች ግድ ሳይሎት ይህንን ወሬ የምስራች ብለው ይመጣሉ ፡፡ በጣም ልክ አይደሉም ፡፡,,,,,,
እንኳን ተክዜ የእግዚአብሔር ቤተ መቅደስ የሆነውን ሰው እንዳይኖር አድርገሀል፡፡ ቃኤል ሰው ነበረ አንተ ግን ቃኤል ላይ ያደረውን መንፈስ ሆነሃል እግዚአብሔር ልብህን ይመልስ ።,,,,,,
ደሞ የእግዚአብሔር ስም ትጠራለች ፤ ስራዋ ተቃራኒ,,,,,,
ያነተን ራሽናልነት መቀበል ይከብደኛል,,,,,,
ኢሳያስ  ጋር  አልነበሩ እንዴ የ ኦነግ በለስልጣናት :: ማን ነበር ሲደግፋቸው የነበረው::,,,,,,
ይህ ሰው እዉነት ዶር ኣምባቸው የኣዲስ ኣበባ ዩኒቨርሲቲ ፍልስፍና መምህር ነው ወይስ ሰዎች ስምህን ለማስጠላት የሚደረግ ስራ ነው።,,,,,,
ነፃ አውጪ ሆኖ ትግል ይቀጥላል . ሰላም ይደፈረሳል . ሁሉም በእኩልነት ማሳተፍ ነው የሚያስፈለገው,,,,,,
ዶር ዐብይ እንደእናንተ የሰው ሀብት የሚወስደ ነፍስ የሚያጠፋ አይደለም እናንተ  ችግር ፈጥራችሁ የአዞ እንባ በየቦታው የምታሳዩት,,,,,,
ሚስቱና ልጆቹ ውጭ አስቀምጦ ሌላውን የኢትዮጵያ ህዝብ አይዛቹ ተዋጉ እያለ የሚያበረታታ,,,,,,
የውሸት ፕሮፓጋንዳህን እዛው ከታላቁ ወንድምህ ጋር.,,,,,,
አይደለም ጠጥተሽ፣ ይሄንን የመጠጥ ስብስብ ከተጠጋሽ ቦኋላ አለመስከር አትችይም ከያም ከትውተር ጓደኞቼ መካከል ዋናዋ ሰካራም ልትሆኝ ትችያለሽ,,,,,,
እንግዲህ የተገለጠላት እውነት ለእኛም እስኪታየን መፀለይ ነው : ግን ምን አለ ሙያውን አክብራ ብታስከብረው????,,,,,,
ለመምከር ፣ ስለ ሃገርና ዲፕሎማሲያ የተሻለ ሀሳብ ለመስጠት መጀመሪያ የተሻለ ልምድና አቅም ሊኖርህ የሚገባ ይመስለኛል,,,,,,
በአዳነች የግል ውበት እያየን የኮንዶሚነየሙን ነገር እንድንረሳ ማድረግ አትችሉም ፣ እርሷ ንግስት ነኝ የሚል  የሚል የinstagram አካውንት ልትከፍት ትችላለች,,,,,,
እርሱ እንቅልፍ በጣም ይወዳል ፡ ያበዛል ::,,,,,,
ታቅደው የነበሩ በውሸት ላይ የተመሰረቱ ጎጂ የሆኑ ነገሮች በሙሉ አለመሳካታቸው ደስ ይላል፡፡ ለማንኛውም ዘና በል፡፡,,,,,,
እፍረት የሚባል ነገር አታውቂም አይደል?  ይሄንን ሰው አታዊቂውም። ወገንተኛ ሳትሆኝ ለሁሉም ተቆርቁሪ ሁኝ,,,,,,
የምን ልጅና ዋንጫ  ከአፉ ይሰፋል አሉ። ይህን ማለት ከአንተ አይጠበቅም ፡፡,,,,,,
አታቀውም? የህዋሀት ደጋፊ ነበር የሆነ ቲቪም ነበረው,,,,,,
አሁን አድዋ በማን አገር ነው እየተዳደረ ያለው?,,,,,,
አንተ ራሱ post kemadrgh በፊት የራስህን ስራ ዞር ብለህ ተመልከት,,,,,,
ይልቁንስ አንቺ በጣም እራስሽን እነ የምታወሪውን እወቂ,,,,,,
በዚህ ዘመን ብቻውን ሮጦ ብቻውን የሚያሸንፍ አለ ብሎ ለመቀበል አይቻልም፡፡,,,,,,
እንዴት ለመጥፎ መንፈስ ጊዜና ክብር እሰጣሉ እንዳውም እሱን የማላይበትን ወደ ታች ወርዶና ተዋርዶ ማየት ነው ምኞቴ,,,,,,
ምን ማለት ነው ኣርቆ ኣሳቢ ሰው እንደሚታዘብም ማሰብ ያስፈልጋል ፤ በደንብ ብታስቡ መልካም ነበረ ህጻናቶች በየቀኑ እየተጎዱ,,,,,,
እሱ ከህዝብ ጋር ካለያያችሁ በኋላ ገንዘቡንም ከለከላቸው:: ከአላማችሁ ውጭ በተፃራሪ የሌሎች ልሳን ስትሆኑ ይሄ እንደሚመጣ መገመት ነበረባችሁ,,,,,,
ከባድ የጦር መሳሪያዎች ከጥቅም ውጪ እንደተደረጉ መግለጫ ተሰጥቶ ነበር ያ ከሆነ ይሄኛው ከየት መጣ?,,,,,,
ይህን ያለውን ለይተህ መተቸት ስትችል በእሱ አስታከህ ሌሎችንም ጨምረህ ስትወቅስ ወገንተኝነትህን ያሳውቃል፤ጎጠኛ ሥርዓትን defend justify ለማድረግ,,,,,,
እኔ አንተን እንደዚህ አልጠብቅም ፡፡ ትክክለኛ ስነልቦና ላይ ነህ ብዬ ማመን ይከብደኛል,,,,,,
አንተ የገባህ አልመሰለኝም ፣ በትርጉም ቁልፍ ላይ ጠቅ ማድረግ አቁም,,,,,,
ካስዬን የምትወደው በምርጫህ መሰለኝ??,,,,,,
አለመወቃቸው በዚህ ሰአት ስለ ባእድ አገር ባአል ትቆረቆራለህ ምን አይነት የ ሰው ነህ,,,,,,
እኮ እሱን ማለትህ ነው  ? እኔ እሻልሻለው አለ ዘፋኙ,,,,,,
አርቀህ ማሰብ አለመቻልህ ለህዝቡ የሚጠቅም ነገር እንደሌለህ ያሳያል፡፡ ይሄም ቀን ማለፉ አይቀርም,,,,,,
ሀብትሽ ስንት አይነት ሰው አለ   ። የዘንድሮ ራስ ወዳዶች ደግሞ ብዛታቸው። ለእውነት የቆሙትን እየተከታተሉ ለማሸማቀቅ ሌት ተቀን ስራ አድርገውታል,,,,,,
አንተ ሙያህን ህዝብን ከማገልገል ለተፃረረ አላማ ስለተጠቀምክበት በፍትህ ፊት ያስጠይቀሀል፡፡,,,,,,
ለነገሩ በውቅቱ ተጠቃሚ ስለነበርክ አሁን የምትለውን ብትናገር አይገርምም።,,,,,,
ከምትያቸዉ ሰዎች በንፅፅር ይህ ሰው በእጅጉ ይበልጣል,,,,,,
እሱንማ አየነው ለአብይ ከፍተኛ ድጋፍ ሲያደርግ  የነበረ ሰው አልነበር,,,,,,
ለ21 ክፍለ ዘመን የሚመጥን ስብእና የለህም፡ ህዝብን ረስተህ በየቦታው ንፁኀኖች በብኄራቸው ተለይተው ባንተ ምክንያት ሕይወታቸው እያለፈ ነው,,,,,,
እንደዚህ አይነት ነገር ማድረግ አትችይም፤ አድካሚ ነው ፤ ወላጆችሽም አይደግፉትም,,,,,,
ምንም አይመስላችሁም ትላንት የወያኔ  ደገፊ ዘሬ የወነግ።,,,,,,
ክፋት ያማረው ደግሞ እንዲህ ይላል ፤ እንዴት የጣቷን ልክ አያውቀውም?,,,,,,
አንተ ሰው ከአብይ ጋር ጠጋ ጠጋ እያልክ እውነት መናገሩንም ትተኸዋል፡፡,,,,,,
ኧረ በጣም እኔንም ያስቁኛል ፣ ምንም እፍረት አይታይባቸውም,,,,,,
ምነው ቅድም ጥርግ በሉ ስትል አልነበር ምን ቶሎ ቶሎ ትቀያየራለህ? እዚህም የሚጠላህ የለም አልደረስንባችሁም አትድረሱብን ይሄን የሚያሳፍር ስራ ተው,,,,,,
እውነቱን ለምን እንደማይናገር አላቅም ፤ የሰውን ነገር እንኳን አይነካም,,,,,,
የራፕ ንግስት ይቅርታ ጠይቂ,,,,,,
ክ አንተ ጋር ነው 110M ህዝብ የተባልነው?,,,,,,
ሎሬት ፀጋዬ ገ/መድህን ሐቅ ለሚለው ፅሁፋቸው ሴኮ ቱሬ የሚባል ጋዜጠኛ በራሱ መንገድ የወሰደውን ህወሀት አ.አ የገባ ሰሞን በሬድዮ ደጋግሞ ያቀረበው ዛሬ ትዝ አለኝ።,,,,,,
ፍቅር ለማስተማር የሀይማኖት መምህር መሆን አያስፈልግም።,,,,,,
ወንጀለኞች ተገቢውን ፍርድ ማግኘተ አለባቸው። ምክንያቱም ድርጊቱ ሀገርን የማፍረስ ሴራ ስለሆነ።,,,,,,
ሦስተኛ: ትክክለኛው ሙስልም፡ ሌሎችሙስልሞች ማርታ ይምያገኙበት መንገድ ለማስገኘት ጥሮ ግሮ ይስሰራል ደከማው ሙስልም፡ የሌሎች ዳካማ ጎን እና አውቆም ይሁን በስህተት ስል ገቡበት ወንጀሎችእየደሰከሬ ዜና ያሰራጫል ።,,,,,,
አብይን የማናገር  የምትችልበት ምንም መንገድ የለህም ፤ እናንተ ናችሁ ሀገራችን እንዳታድግ የምታደርጉት,,,,,,
ካልፈራ ለምን መዘጋት አሰፈለገው ሁሉን ክፍት አድርጉ መታገል ነው ግን እንዴት ብሎ ስለሚፈራ በትንሽ በትልቁ የሚረበሸው,,,,,,
ከአምላክ ፍርድን ታገኛለህ አንተ ሰስርአት የለህም,,,,,,
አገርን እያፈረሰ ታሪክ የምትሰራ መስሎሀል,,,,,,
አንተ ቀና የሆነ ልብ የለህም፤ ቤት መምራት ሳንችል ሀገር መምራት አንችልም፡፡,,,,,,
ሁለት አይኖችህን በጥቂት ሰከንዶች ውስጥ የምታጣበት አጋጣሚዎች መኖራቸውን አትርሳ,,,,,,
ለአንተም ግልፅ ሳይሆንልህ ፤ ስንት ግዜ ነገሩን ለማስቀየር ትሞክር ይሆን ?,,,,,,
የላዳ ጠባይ ገና ያልተረሳቸው የራይድ ሾፌሮች አሉ ። ይመቸሀል ብለው ይጠይቃሉ,,,,,,
ቀጥል ወደፊት፤ መንገድ ዝጋ  እያልክ ስታነሳሳ ቆይተህ አሁን ምንስ ብትባል የሚገርምክ መሆን የለበትም,,,,,,
በአማርኛ እና በአማራ ስም የምታደርጊው ያልተገባ ነገር ትክክል አይደለም,,,,,,
የምትናገረውን ሰው ያውቃል፡፡ ማን እውነት እንደሚናገርም አለም ሁሉ ያውቃል,,,,,,
ሰው ባለው ነው ሚያጌጠው ሳሮንም ጥሩ ቅርጽ ነው የላት ????,,,,,,
መሪውን ተገቢ ያልሆነ ንግግር የሚነገር ሰው  የአስተሰሰብ ችግር አለበት,,,,,,
የኢትዮጰያና  የንጹሃን አምላክ ግፍ በሚሰሩት ላይ ፍርዱን ይሰጣል፡፡,,,,,,
አስተዘዘበን  አብሶ የህዝብ ነን አርቲስት ነን የሚሉ . ዛሬ ተነስተው ከፍተኛ በደል ደረሰብን የሚሉት እኔ ከነሱ በላይ ለትግራይ ህዝብ አዝኛለሁ,,,,,,
በህዋሀት ዘመን በችግር ላይ ስላለው ህዝባቸው ከመታገልና ከመጮኽ ይልቅ የሚወክሉትን ህዝብ የማይመጥን ንግግር ሲናገሩ የነበሩ ሰዎች የወጡበት ድርጅት,,,,,,
ከተማሩት ወገን ባትሆንም ነገሮችን ከማይረዱት ወገን ነህ,,,,,,
እግዚኣብሔር ከሱ ጋር ሊሆን አይችልም መጥፎ ሰው ነው,,,,,,
በደፈናው አዉቃለሁ የሚል ሰው አንዳንዴ መጥፎ የሆኑ ውጤቶችን ሊያመጣ ይችላል።,,,,,,
ለማን እንደምትፅፍ ቅ አለብህ,,,,,,
ይሄንን ሰው ማስተከከል  ነው፡ እሱ ብቻውን ሊቅ የአትዮጵያ ጉዳይ ተንታኝ አይደለም ፡ ሃገር የሚመራው በቅንነትም ጭምር ነው,,,,,,
አንተ ትክክል አይደለህም ኢትዮጵያ አትፈርስም,,,,,,
ለነገሩ ይህን ለማሰብ ሰብአዊነት የሚሰማህና  ፤ አላህን ፈሪ መሆን ይጠይቃል፡፡,,,,,,
ጦርነት ምን እንደሆነና እንዴት እንደሚከናወን የማታውቂ የዋህ በመሆነሽ ለመረዳት ጊዜ ይወስድብሻል,,,,,,
እኛም ኢትዮጵያ የሚገኙትን ለብሄራቸው የሚያዳሉና በቅንነት ህዝባቸውን የማያገለግሉ ባለስልጣኖችን ፈጣሪ ወደ ቀልባቸው እንዲመልስልን ዱዓውን ተያይዘነዋል ?? . አሚን,,,,,,
ስድብ የደረሰባት የ ሰዎችን የዘር ማፅዳት ዘመቻ ባለመቃወሟ ነው አንተም ተመሳሳይ እጣ ሊደርስህ ይችላል፡፡,,,,,,
የተማረው ጥሩና ሰውን የሚጠቅሙ ነገሮችን አይደለም ተቃራኒውን እንጂ ፤ ለስራህ ከአላህ ፍርዱን ታገኘዋለህ,,,,,,
እንትን አሳስቶህ ነው ብላ አብራህ ካልተጸጸተች ተለይተሀት ሂድ ??,,,,,,
ጅቡቲ ሄደህ ትንሽ የዲፕሎማሲ ስራ ሰርተህ መጥተህ እንደትልቅ ነገር ማቅረቡ ተገቢ አይደለም ። ይሄ እንኳን ለኢትዮጵያ ለጅቡቲም አይመጥንም ።,,,,,,
ጥሩ የተሟላ መኝታ ተዘጋጅቷል ፤ እዛው  እደር.ግን አልልህም,,,,,,
እንወራረድ ብርሀኑ በሚቀጥለው አመት በቁጥጥር ስር ይውላል,,,,,,
አንበጣ ትግራይን ብቻ የሚያጠቃ መስሎህ ነበር እንዴ?? ይህን ሁሉ ነገር የሰበከው።,,,,,,
Covid ethio ላይ ወይ አይሰፋ ወይ አይጠፋ ትለኛለች እንዴ,,,,,,
የወከልከው ህዝብ በተለያዩ ቦታዎች በህይወት የመኖር መብቱ ሳይከበር ስለ ቁሳዊ ስለሆነ ህንጻ ማውራት ተገቢ አይደለም፡፡,,,,,,
በሚስቴ መልክ የሚቀናው ሰውዬ ሰሞኑን ለእኔ ከንፈር መምጠጥ ጀምሯል፡፡,,,,,,
የጦርነትን አስከፊነት የማትረዳ ከሆነ ለዚች ሴት ችግር ተጠያቂ ነህ,,,,,,
ባለፈው እነእንትና ተመሳሳይ ነገር ዝም ብለው ሲናገሩ ሰዉ አይስማን ብለን ባልሰማ አለፍን አሁን ደግሞ ይህኛው ደገመዉ በስንቱ እንፈር,,,,,,
ከጊዜው ጋር አብረህ እየተራመድክ ያለህ አይመሰለኝም,,,,,,
ለህሊናው የማይኖር እንዳንተ አይነት ምስኪን አላየሁም ፤ ይህ ግን ዋጋ ያስከፍልሀል,,,,,,
ሽመልስ አብዲሳ የሚናገረው እኮ እውነት ቄሮ የኛ ነው አለ እውነቱን ይህው ጀዋር  ዝም ብለዋል,,,,,,
እንዳንተ አይነቶቹ አወቅን ባዮች የስራችሁን ይስጣችሁ,,,,,,
አንተ ስለ አብይ የመዘገብ ብቃት ሊኖርህ አይችልም,,,,,,
የስራህን ውጤት ነው ያገኘኸው,,,,,,
ክብርን ያልተቀበሉት እኮ እርስዎ ነዎት??እንደ እርሶ ሀሳቡን በጨዋ ደንብ መግለፅ የማይችል ሰው መሰለኝ ቤተሰቡንም በበጎ የማያስጠራ የሚሆነው,,,,,,
በጀዋር እና በአብይ አትደግፉ በአማራ ላይ ያተኮር ፓለቲካውን እያያችሁ አብይ ለሀገራችን የሚሆን ነው አይደለም? የሱን ተራ እንጠብቅ,,,,,,
ለእኔ ጃዋር ከአብይ አህመድ ይሻለኛል። ጃዋር በአደባባይ ተጨቁነን ነበር ቄሮዎች የቤት ስራችሁን ጨርሱ እያለ ጠላትነቱን በአደባባይ ይገልፃል።,,,,,,
ያስቃል አንተ ግን አርቲስት ማለት ምን ማለት እንደሆነ ታውቃለህ አጼ ቴድሮስን አንተን ሌሎችንም መስሎ ይጫዎታል እንጅ መሆን አይችልም ሰውየው ቃሉና ምግባ,,,,,,
ምንና ምን የልቡ ያለውን እውነት ይናገራል ማለት እንዲህ ነው።,,,,,,
አዪ፥ አውቆ የተኛ ቢቀሰቅሱት አይነሳ ነው እኮ ነገሩ።,,,,,,
ኣታፍርም እንዴ እንደጋገፍ ስትል ? እያረክ ያለው ተቃሪውን ነው ።,,,,,,
እንትን እያሉ ሚሳደቡት ልጆች የጠፉት ኢንተርኔት ስለተዘጋ ነው አይባልም ????,,,,,,
የትኛው ህግ እና ስርአት ነው? የመግደል እና የዘር ማጥፋትን  የሚፈቅደው,,,,,,
ስለማንተዋወቅ  ብዙ ባናወራ እመርጣለሁ,,,,,,
አንተ ምን ማለት ትችላህ ከዚህ በዋላ። ወገንተኛ ነህ,,,,,,
ሰውዬው ይድናል:: ሲድን  የሚናገረውን ግን አንችልም ብዬ አልነበረም?,,,,,,
ወዲያ ወዲህ አትበይ ፡ መወላወል ሁላ ላይ ራስን ይጎዳል፡፡,,,,,,
ህግ ማክበር የማይፈልግን በህግ ካልጠየቅክ እና በዚህም ካልተስማማህ አንተ ምን ትባላለህ ወገንተኛ ካልተባልክ,,,,,,
እራስህን ለምን እንደምትሸውድ አይገባኝም,,,,,,
ፌስ ቡክ ላይ ተራ ፎቶዎችን የሚለጥፍ  ሰው ጠ/ሚሩን  መደገፉ  እና አንተን ጥሩ እንዳልሆነ ሰው ማቅረቡ  ሊያስገርምህ አይገባም,,,,,,
መንግስት ለሀገር የሚጠቅም ሀሳብ ሊያመጡ የሚችሉ ምሁራኖችን አቅርቦ ማናገርና አብሮ መስራትን መልመድ አለበት፡፡,,,,,,
ያለብንን ችግር ሳንፈታ ሌላ  ችግር እረ ልቦና ያለው ስው ይጥፋ,,,,,,
ጌታቸው አሰፋ ና ጃል መሮ  ምቱ እንዴ?,,,,,,
ልበ ደንዳና የሆነ ሰው የእሱ ወላጅ መሆንም ያሳዝናል,,,,,,
አልታወቀህም እንጂ እንደዚያ የሆናችሁ ነው የሚመስለው ፡፡ በነፃ ድጋፎችን እምታገኘው የቅርብ ሰው ስለሆንክ ይመስላል,,,,,,
እውነት ነው አባት እንደ ልጅ አይጨክንም ምንም እንኩዋን የሱን ከዚህ ማንሳት ትንሽ ቢከብድም,,,,,,
ብዙ ምክንያቶችን ብታስቀምጥም እውነት እውነት ናት።,,,,,,
አንተ ሰውዬ አይንህም አስተውል እንጅ? ያንተ ይለያል ደሞ ልቦና ይስጥህ ፡ አይንህንም ያብራልህ,,,,,,
አንተ ማመን ካልፈለግክ ምንም ቢሉህ ማመን አትፈልግም። እህትህ ጥቃት ደርሶብኛል ካለችህ አንተ እንዴት ነው ውሸትሽ ነው,,,,,,
ለአንተ  በቀን አንዴ ምክር መስጠት ሳያስፈልግ አይቀርም,,,,,,
አንቺ ጥሩ ሰው አይደለሽም፤ ረጅም መንገድ  የምትሄጂ አይመስልም,,,,,,
መሐል አገር ያለን ሰዎች፣ ከዚህ ሰው ጋር እየተሸዋወድን ያለ ነው የሚመስለኝ። ጦርነቱ እንደሁ ገና መጀመሩ ነው,,,,,,
የትግራይ እናቶች እምባ ይፍረድ፤ እግዚአብሔር ፍረዱን ይሰጥሀል,,,,,,
በግድ የሚሆን ነገር የለም ፤ ከንግግሩ ጥሩ ያልሆኑ መልእክቶች በመነሳት እሱ ለጓዶቹም ጥሩ ላይሆን እንደሚችል መናገር ይቻላል፡፡,,,,,,
አሉላ እንግሊዘኛ መናገር ጀመረ እንዴ ? ምን አደከመው እዚሁ አሜሪካ ቁጭ ብለን በንግሊዝኛ የምናወረዉን ኣያጋረም,,,,,,
አንዳንደ ተማርን የሚሉ ሰዎች ሀገር ሲበተብጡ ይታያሉ,,,,,,
እናትህ አንተ ተነስ እንጂ  ልትበቅል ነው እንዴ ስትል እንደመስማት Blessing የለም ??,,,,,,
የተሻለ ነገር የሚያገኝ ከመሰለው የማይደረግ ነገርን ሁሉ ሊያደርግ ይችላል,,,,,,
ያንተን መጨረሻ ያሳየኝ ፤ ፈጣሪ ፍርዱን ይስጥ,,,,,,
አንተም ስብሃት ጋር በቅርቡ ትቀላቀላለህ,,,,,,
ከአንተ በኩል ሊሆን ይችላል። አኛ የሰው አንፈልግም የራሳችንንም አንሰጥም,,,,,,
ከእኛ ነባራዊ ሁንታ ጋር የማይጣጣምን ነገር፤ ለ ቻይና happy የሚል መልዕክት ለምን ማስተላለፍ እንደፈለክ አልገባኝም,,,,,,
ለህዝብ በመሰብ ሳይሆን ሀላፊነቱን ላለማጣት አስቦ ይሆናል,,,,,,
ታዲያ ለሱዳን ሲሆን ለምን ዝም ማለት መረጥክ? የሚያግዝ የኢትዮጵያ ወታደር የኤርትራ ወታደር የሁሉም ክልሎች ልዩ ሀይል,,,,,,
ነገሮች ቶሎ የሚገቡህ ጥሩ ሰው አደለህም ፤ ታናድዳለህ,,,,,,
ማህዚ ከሙፈሪያት ጋር መነሳትሽ አስገርሞኛል,,,,,,
ሄደህ በእምነትህ እጅ ልትነሳው ትችላለህ፡፡ ለእኔ ግን ጥሩ መሪ ነው ብዬ አላስብም፡፡,,,,,,
አንተ ምን እያልክ ነው ? ፈታኝ ወቅትስ የትኛው ነው? አማራውና መከላከያው ውጊያ ሜዳ ላይ ሲውል ይህ ሚድያ የት,,,,,,
ከቲክ ጋር የፍቅር ግንኙንት እንዲኖራኝ  እፈልጋለሁ ፡፡ እኔ ለትንሽ ጊዜ ከቲክ ጋርየፍቅር ግንኙንት እንዲኖራኝ ማድረግ ፈልጌ ነበር እናም ለዓለም የምናገርበት ጊዜ ደርሷል ፡፡,,,,,,
ይሄ ሰው ምን ማለቱነው ነጭ ለብሶ መከላከያ ውስጥ የገባው?,,,,,,
ደህና ቤተሰብ ያለው ጉራጌ ጓደኛ አትይዥም . እንደእኔ አይነቱ ድሀ ጋር ከምትዳረቂ,,,,,,
ኡዝቤኪስታን እና ታጃኪስታን የሉበትም። ምንድነው ብዙ ብዙ ማውራት,,,,,,
ውሎህን የምታውቀው አንተ ነህ። ራሱን የሚንከባከብ ምግብ ቤትና መጠጥ ቤት ያዘወትር ይሆናል፡፡,,,,,,
3:30 Jaal Maroo አልጀዚራ ላይ ይቀርባል ሲባል የመብራት ሀይሉ ሰው 3 ሰዓት ላይ ሙሉ ከተማ መብራቱን አጠፋው,,,,,,
ይሄም አንድ ማሳያ ነው አብይ  ለትግራይ ህዝብ እና ለንብረቱ  ያለው ፍቅር ከፍተኛ ነው። በተያያዘ ዜና ???? የትግራይ እናቶች ህፃናት,,,,,,
ለማይገባው ለማይረዳ ሰው ይሄ ሁላ አያስፈልግም ሰሉዬ ሀፍተይ መተው ብቻ ??,,,,,,
አንተም  በሚከፈልህ መጠን ነበር በ ኮምፒውተር  ተጥቅመህ ስትጽፍ የነበረው,,,,,,
ይህን የምትይው የት ሆነሽ ነው ?  ይህን የምትዪው ከበረሀው ከሆነ ባለ አላማ መሆንሽን አምንሻለሁ፡፡,,,,,,
ልታዝንለት ይገባል የሰው ልጅን የከፍታ ማማ እና የዝቅታ ጥግ በዚህ ሰውዬ ውስጥ አየሁ ግን እኛስ እንማርበት ይሆን?,,,,,,
እስክንድር ነፃነትን ፈለገ እንጅ ስልጣንን መቼ ፈለገ። ይሄ እንኳን የማይገባው ስንት ስልጣን የሚፈልግ አለ,,,,,,
ፍርሀት አለባቸው፤ ትንሽ እርምጃ መወሰድ አለበት ያንን ነው የለመዱት,,,,,,
ሰው ላይ መጠቆም አያስፈልግም ፡፡ በ21 ክፍለዘመን በጦርነት ሳይሆን በሀሳብ ነው የምንነጋገረው ፤ በ social media ጭምር,,,,,,
ሳነበው ቁስሉ እኔ ላይ የደረሰ ነው የመሰለኝ። ሁላችሁም እግዚአብሔር የእጃችሁን ይስጣች።,,,,,,
አሁንም ነገርን ከማባባስ አልተቆጠቡም ፤ የማይጠበቅ ነገር ነው የተናገረው,,,,,,
የኦሮሞ መብት እንዲነካ ማንም አይፈልግም  ፤ የኢትዮጵያ ህዝብ በሙሉ ግን ሌላ ማንነት ሊሰጠው አይገባም ፡፡,,,,,,
ተይ ቢሏት የማትሰማ ልጅ ናት: ዝም ብላ እየመጣች የምትለውን እንኩዋን ላይታ የማታውቅ : ጭራሽ ለምን ታቅፏት አይዞርም,,,,,,
ሲፈርስ ለምን ማስቆም አልቻለም አላልኩም ግን ሀውልቱ ወደ ቦታው አለመመለሱ ግን የሱ ፍላጎት ነው,,,,,,
ክቡር ጠ/ሚ የአማራን ፋኖና የአማራ ሚሊሻን እንዲሁም የልዩ ሀይሉን ውለታ እንዴት ልትመልሰው ነው ?,,,,,,
የተናገርከው እውነት አይደለም  እንደውም በዚህ ነገር ውሥጥ ስላለመኖርህ ማረጋገጥ አይቻልም,,,,,,
ፕሮፋይልህ ላይ ያሉትን  አንሳ ከዚያ በኳላ ታወራለህ,,,,,,
ኢትዮጵያ የምታሳዝነኝ እንደ አንተ አይነት ሰው  መግለጫ ሲሰጥ,,,,,,
አቶ በቀለ ጃዋርን አንተ ነህ ለዚህ ያደረስከኝ ብሎት በማረሚያ ቤት መነጋገር አቁመዋል የሚባለው እውነት ይሆን?,,,,,,
የሚያሳዝነው እናንተ በሰለጠነው አለም የምትኖሩ ሰዎች ይሄንን ሰው እንዲህ ሲያደርግ ፎቶ አንስታችሁ መለጠፋችሁ ነው::,,,,,,
የአለም ጤና ድርጅት ዳይሬክተር በሰራሀው ስራ ደስተኛ አይደለንም,,,,,,
ተራጋጋ መስሎህ እንጅ ነገ ሌላ ቀን ነው ።,,,,,,
ይሄ ሰው ተገቢውን ግንዛቤ ያለውና ከወገንተኝነት የራቀ አይደለም,,,,,,
የኔ ብቻ የተዘጋ መስሎኝ ሁላችንንም ነው እንዴ የተዘጋው አብሽሮ ሌላ አካውንት ከፍተን እንተቀማለን,,,,,,
መጠፎ ስራ የሰራና በሌላው ላይ የሚመኝ ዞሮ በራሱ ላይ ችግሩ መምጣቱ አይቀርም,,,,,,
ሰው ለሚሰጠው ተገቢ ያልሆነና ፀያፍ ንግግር መልስ የምትሰጥ ከሆነ የአንተም ክብር ነው ዝቅ የሚለው,,,,,,
ከእነ ዳንኤል ብርሃኔ ጋር በፊት በ horn affair አምደኛ ፤ አሁን ላይ ደግሞ የተለያዩ ጉዳዮችን ተንታኝ አቶ ስዩም ተሾመ አልተሳሳተም ወይ??,,,,,,
ለዚህች ወልዳ ላሣደገችህ እና ላስተማረች ሀገር ካንተ የሚጠበቀው ይኸ አይደለም፡፡,,,,,,
ጥሩ ሰው ትመስለኝ ነበረ ፤ ለመንግስት ሹም ጥሩ አመለካከት ላይኖረኝ ነው,,,,,,
አማራ ጨዋ ህዝብ ነው። ደፈር ነው። ያንቺ አይነት  አየደለም,,,,,,
መተማ የአማራ ገበሬ ነው ድንበር መስከበር ስራ ለይ ሲሰተፍ  ኖረዋል።   በወያኔ ዘመን ከሱዳኖቹን ጋር እየተከከበበ ረ እስካሁን አለ።,,,,,,
ከመከላከያ ጎን ለመቆም ምንም ችግር ሊኖርብን አይችልም፡፡ ህይወታቸውን እየግበሩ በየቦታው እየረገፉ ያሉ አንድ አለን የምንለው መከታችን መከላከያ ነው።,,,,,,
የተተኮሰው ርችትም ይሁን መድፍ አግባብነት የለውም፡፡ በዚህ ጩኸት ሳቢያ በጊዮን በኩል መጠነኛ መገፋፋት ተፈጥሮ ነበረ። ሰው እንዳልተጎዳ ተሰወፋ አደርጋለሁ።,,,,,,
እንዳንተ ራስወዳድ በመሆን የኢትዮጵያን ጉዳይ ለውጭ የሚዲያ ሀብታም አሳልፎ የሚሰጥ ሰው የለም,,,,,,
በደንብ ስለማውቃት ነው፡፡ ጥሩ የሆነ የፅሁፍ ችሎታ ስላላት አሁን በደህና የአእምሮ ጤንነት ሁኔታ ላይ በማይገኘው  አናኒ ሶሪ የሚባል መፅሔት (ስሙን ለጊዜው ዘንግቼዋለው) ላይ ይ,,,,,,
ወደጅ እንደልሆንን ኣስተምረን እንነቃቸዋለን።,,,,,,
እኔን ጨምሮ ሰዉ ሽመልስን ማየት አይፈልግም ግን በብዛት የሚታየው ደግሞ እሱ ነው,,,,,,
ኧረ አንቺ ምን እያልሽ ነው ፤ የውስጥ ጉዳዬን ፤ ለሌላ ሰው እኮ ሌላ ነገር ነው የሚመስለው ??,,,,,,
መረጃው ካለህ ለምን አትለቀውም,,,,,,
ልሰድብህ ፈልጌ በጣም ጠቃሚ ስድብ አጣሁ  እና ሁሉም ይበዛብሃል።።በቃ ህሊና ቢስ  አትሁን,,,,,,
በክፉ የሚናገረኝ እና ክብር የማይሰጠኝ መሪ ናፈቀኝ እያለ ይመስላል ፖርቱጋላዊው ዴኮ,,,,,,
አንተ በትዊተር ስለሳቸው በፃፍከው የእሳቸውን ክብር ዝቅ አያደርገውም,,,,,,
በአገሪቱ እየመጡ ያሉ ለውጦች እንዳይቀጥሉ ለማድረግ የሚሰሩ ስራዎችን የሚከታተሉ ሰዎች ተመደቡ,,,,,,
ጎንደሬ ነች ወይ ወያኔን እና አስተሳሰቧን  ዝም ብላ በአዴን ላይ ትጥለለች ። ወያኔ እና ዘመዶቹ እንደፍለጉ ሲያረጉት የነበረውን  ጥቅም ስለቀራባት ነው,,,,,,
ይህ ነገር አንተን አይመለከትም፡፡ ይህ የእኛ የራሳችን መሬት ነው፡፡,,,,,,
አገር ወዳድ ነሽ እንዴ?ምክንያቱም ምን አይነት ሰው አንደሆንሽ በደንብ እናውቅሻለህ ስለዚህ ብዙ አታዊሪ።እንደዛ ባይሆን ኖሮ አንቺ በሰራሽው ስራ,,,,,,
ችግር ውስጥ እንዳለን ባላስብ ይሻላል፡፡ ሰሞኑን ደግሞ ቀን ላይ በጥሩ የይቅርታ መንፈስ ውሉ ማታ ላይ ስለመለያየት ያወራሉ፡፡,,,,,,
አሳፋሪ፡ አሳዛኝ፡ የጨካኞች ተግባር ዶክተር አብይ ደህና መሆናቸው መልካሙ ዜና ነው፡፡ እግዚአብሔር ሆይ እርዳን,,,,,,
ዛሬ የኛ ሰፈር መብራት  ብልጭ ድርግም ሲል ህፃን ልጅ እያበራና እያጠፋ የሚጫወትበት ነው የሚመስለው፡፡,,,,,,
ከመችው አደገው ነው ወደ  ፖለቲካው ውስጥ የገቡት?,,,,,,
በሁለት ቀን ልዩነት የተለያየ ነገር መናገሩ ልያስገርመን አይገባም.ከለመወቁ የተነሳ በአንድ አረፍተ ነገር ላይ ሁሉት ተቃራኒ ነገሮችን ይናገራ,,,,,,
የሄ ተረት ተረት ለማያውቅ ሰው ሄደህ ንገረው የኢትዮጵያ ፖለቲክስ በደምብ ኣውቀዋለው:: ያልኩህን ብቻ ኣትርሳ::,,,,,,
ከተወሰኑ ዓመታት በፊት ብርቱ ተች ነበርኩ ምክንያታዊም አልነበርኩም ከዚያ የመንግስት ሰራተኛ ሆንኩ አገሪቱን ዞሬ አየሁ ማህበረሰቡን ቀርቤ አደመጥኩ,,,,,,
የትም አይደርስም ፣ ነገር ቶሎ የማይገባው ብሎክ ማድረግ እንጂ መልስ መስጠት አያስፈልግም,,,,,,
ሐሳቡን ማሸነፍ ሲያቅታቸው አሳቢን ለማደናቀፍ ተንቀሳቀሱ ፤ ሀገር ወደ ዘመነ አብርሆት ስትጓዝ እነሱ ተቃራኒውን መረጡ፣,,,,,,
መልዕክቱ ለዚያ ሹመኛና ከፈራ እንኳን እኔ መንፈሴ የኢትዮጵያን ሰንደቅ ነው ይበልጥ የሚወድ እሱን ስጡኝ ማለት ላልቻለው ሰዉዬ ነው።,,,,,,
የሽግግር መንግስት ማለት ምን ማለት እንደሆነ ብታውቀው እንደዚህ አትልም ነበር ፣ አለቃህ የቦንገር ልጅ አብይ ያሻግረናል ታከለ ያሻግረና,,,,,,
አዲስ ፀያፍ ቃል አመንጪ እንጂ አዲስ ሃሳብ አመንጪ አይደለክም:: በሰው ነፍስ ጉዳይ እጅህ ያለበት ሰው ነህ፡፡,,,,,,
አንገትህ ምስል ተሸክሞ መዞሩ ብቻ ነው የሚያሳዝነኝ። ሌላውስ እዳው ገብስ ነው,,,,,,
በዚህ ሁኔታህ ብዙ ጊዜ ላይኖርህ ይችላል ፤ ብታርፍ አይሻልም,,,,,,
መኖሩን ለማሳየት ፎቶ ይለቃል፡፡ መጨረሻው ግን የሚያምር አይመስልም,,,,,,
ኢትዮያን የማይደግፉ ሰዎች ጋር እስከ ቤተ መንግስት ድረስ አብረህ እየሰራህ በሌላ በኩል ኢትዮጵያዊ ወግ ስታነሳ ሰው ብዙም ላያምንህ ይችላል,,,,,,
አወል አሎ እንደዚህ አይነት ሰው ነህ ብዬ ለማሰብ እንኳን ያቅተኛል። እውቀት ብቻውን ብዙ ጥቅም የለውም ለካ የምእራባውያንን ዲአስተምህሮ ሰብስቦ፣ ነገር ግን,,,,,,
በጊዜ ሂደት ማንም ለሰራው በደል መልሱን ማግኘቱ አይቀርም,,,,,,
ከኋላ ሆነህ ሀሳብ ብቻ ከምትሰጥ ከመከላከያ ሰራዊት ጎን መሰለፍና ማገዝ ይቻላል,,,,,,
ሁለት ሳምንት ሆቴል ውስጥ ሳይሆን ጉድጓድ እና ጫካ ውስጥ ነው የነበሩት እንኳን ልብሳቸው እነሱም ሊጎዱ ይችላሉ,,,,,,
ካናቢስ እያስጠቀመ ውግያ ያስገባል ሲልህ እንዴት ብለህ መጠየቅ ያስፈልጋል፤ የሚጠላህ ቡድን ብዙ ሊያስወሩ ስለሚችሉ,,,,,,
የአገር ሉዐላዊነት የሚያስጋህ አትመስልም?,,,,,,
አሁንም አንደበተ እንደሌለው ተሆኛለሽ እንዴ። በራስሽ ሰውነት የማዘዝ መብቱ የአንቺ ቢሆንም ከኢትዮጵያዊነት ባህል በመዝለልሽ ነው አስተያየት የተነገረሽ መቆጣት የለብሽም,,,,,,
ከተማረው እኮ ፊደል ያልቆጠረው ያገሬ ሰው እየተሻለ ነው,,,,,,
እረ ባካችሁ በልክ አድርጉት እኛ እንለፈልፋለን እነሱ ምንም ትኩተረት ላይሰጡት ፤ ዝም ብሎ ራስን ከፍ ማድረግ ትርጉም የለውም,,,,,,
የአብን  ደጋፊ ነኝ ብለሽ ነው የዘለልሽው፤ ከልብሽ አይመስልም,,,,,,
አይመለከታችሁም እንደናንተ የአለም ህዝብ ሁኔታውን የማይረዳ መሰላችሁ ለእውነት ይቆማል የማታስቡ,,,,,,
ከእናንተ ውስጥ የተሻለ ሀሳብ የሚያመጣ ሰው ዕያየሁ አይደለም፤ የሚሰሩ ስራዎች በፎቶ ለመታየት መሆን የለባቸውም,,,,,,
እኔ ዲሞክራሲን  ለመረዳት ከአንተ ወደ ሁላ እቀራለሁ ብዬ አላስብም,,,,,,
ምን ላርግ ብለሽ ነው,,,,,,
ተስፋ አደርጋለሁ ብዬ በሰረሁት መጥፎ ስራ እየተቀጠሁ እንደ ሆነ እና በህይወትዎ ውስጥ ያሉ መልካም ነገሮች,,,,,,
ይሄ ሰውየ ምርኮኛ ብቻ ነው ወይ?? በMig - 23 ብዙ ሰላማዊ ሰው ሆን ተብሎ ጉዳት ደርሶባቸዋል. በዚህ ውስጥ እሱ የለበትም?,,,,,,
አንተ ስርአት የሌለህ ተመልሰህ ወጥተህ ይቅርታ ጠይቅ። ስሜታዊ ሆኜ ነው በል።,,,,,,
መሰብ አይችሉም  ሰዎች መደብደብ ያው የበታችነት ስሜት እንደ ሚሰማቸው ያሳያል::,,,,,,
እናንተ ናችሁ እዚህ ያደረሳችሁን ፡ በዚህ ልትኮራ አይገባም,,,,,,
አንተም ወገንተኛ ሆንክ መሰለኝ ግን አልታወቀህም መሰለኝ,,,,,,
አንተን የተቀበለ ማንም ቢሆን ካስተዳደረ በሰው ምንም አይነት  ችግር ቢመጣ በሆነው ነገር ሁሉ አይዘኑ እያልክ ያለህ ነው የሚመስለው,,,,,,
አንቺ ደግሞ እዚህ ምን ታደርጊያለሽ? መጀመሪያ አንቺም ሆነ መሪው መች እውነታውን ትናገላችሁ,,,,,,
ሰው ጥራ ቢሉት ..አሉ እኔ እስከማውቀው እውነቱን ሲናገሩ ሰምቼ አላውቅም,,,,,,
ይሄን ሁላ ነገር በእንግሊዝኛ ስላልተናገረችው እና ሰብሰብ ብለን እርሰዋን እንደማንወዳት መረዳቴን ልነግራችሁ እችላለሁ,,,,,,
መጀመሪየዉኑ መንግስትን ከአንድ አነስተኛ ቡድን ጋር ማወዳደርህ ትክክል አይደለም፡፡,,,,,,
ኤርሚያስ እንኳን ይህን የሚመጥን አነስተኛ መጣጥፍ ቢዘጋጅለት መልካም ነው እላለሁ። ያኛውን ተወው,,,,,,
አለጀዚራ እውነቱ ዘግቦዋል እየው አንተ ምትፈልገው አለውቅም፡  ከልሆነም  አትየው ምክንያቱም አልጀዚራ ያሉት ጦርነት የተካሄደበት ሃገር እራሱ አይመስልም ነው ያሉት,,,,,,
መከላከያ ተከቦ ማን ነበር የደረሰላት አሁንስ ከፊት ሆኖ እየሞተና እየተፍለመ ያለው ማነው በወቅቱ የበላይ አመራሮችም ይህን አመሰግነዋል,,,,,,
አንተ ራስ ወዳድ ነህ፤ ኤርምያስን የሚያስተችህ ነገር የለም፤ የአበበ ገላው ያልተረጋገጠ ማስረጃ መን ይቀበለዋል,,,,,,
I think ፈረስ እና አህያ ፈልገውና ፈቅደው  ነው የተዳቀሉት፣i,,,,,,
የራስህ አቋም ሰኖርህ ነው የተሻለ የሚሆነው,,,,,,
በአማርኛ እያወሩ አማርኛ አታውሩ ??,,,,,,
የሄ  ክብር አያውቅም,,,,,,
ችግሩን የሚረዳ  ዘመድ አጣ እንጂ እሱ በጤና ያለ አይመስለኝም,,,,,,
ቀድሞ ነበር እንጂ መጥኖ መደቆስ አሁን ምን ያደርጋል ድስት ጥዶ ማልቀስ። ወሬ ብቻ ምንም አያሰራም፡ ተግበር,,,,,,
ጀግንነት በስራ ይገለጻል እንጂ በወሬ ሊሆን አይችልም ፡፡,,,,,,
የኢትዮጵያ ሕዝብ ማወቅ ያለበት ትልቅ ጉዳይ ሀገር ወዳዱንና ባለ integrity ጄ/ል ሰዓረ መኮንን የገደለውና እንዴትስ ሊገደሉ እንደቻሉ ማወቅ አለበት:: ኢትዮጵያ ሀገሬ ሞ,,,,,,
ከ ጠ/ሚ አብይ አህመድ አንፃር ፡ መንግስቱ ኀ/ማርያም ሩህሩህ እና ደግ ሰው እንደሆነ ነው እኔ የምረዳው፡፡,,,,,,
ከዋነኞቹ የትግሬ በለስልጣን መሀከል  አንዱ የሆነው ጄኔራል አብርሃ ወልደማርያም ሞቷል ይህ የትግራይ በለስልጣን መጠን የለሽ ገንዘብ ቢያካብትም በካንሰር ተለክፎ ነው የምተው,,,,,,
የHighschool ዳይሬክተራችንን ብዙ ሚስቶች የበበሩት  ሲሆን አንዷ ከመዝናኛ ቤት እንዴት እያብጠለጠለች ትወስደው እንደነበረ አይረሳኝም ??,,,,,,
እና አሜሪካ የኝ ዜጋ ናት ወይም ነበርች ፤ ክፍያ በዶላር ስለተፈጸመልህ አሜሪካን በዚህ ደረጃ ማቅረብ,,,,,,
ይች ሰው ርዮትን አታውቃትም ሰውን እንዴት እንደምታንገላታ እሷን ራሷን እንዴት እሰራኛን እንደመታሰቃይ ከራሷ አንደበት ወጥቷል ፤ ይሄ ትዝብት ነው,,,,,,
ሳዳምን ከአይጥ ጉድጓድ አውጥተው ካስፈረዱበት አንዱ ነኝ የጊዜ ጉደይ ነው,,,,,,
ነገሩን የምትረዳው ቢሆን እነግርህ ነበረ ፤ እንደዛፎቹ የተንጋደዱት ሌሎቹን ሊጎዱዋቸው ይችላሉ,,,,,,
ዳግማዊ ግራኝ አህመድ ከአለቃህ የተማርከውን ጨዋታ ጨርሰህ መጣህ ፡ያንተ አለመኖር ሚልዬኖቹን አስከፍቶ ነበር,,,,,,
አንቺ የሚሰረቅ ያለው በኢትዮጽያ ስም የተመዘገበ የሕዝብ ንብረት ነው -አልገባሽም እንዴ,,,,,,
እሱ እኮ በስነርዓት ቆሞ  ማናገር የማይችል ፈሪ ነው,,,,,,
አሉላ ከኤርትራ ሰራዊት ጋር ሆኖ ኢትዮጵያውያንን እያጎደ ነው እንዴ? አላወኩም ነበር።,,,,,,
Ethiopia:  በቃ ሰላምን በጠብመንጃ ልታመጣልን አትችልም። ንግግርና ድርድር ብቻ ነው ሰለምን የሚያስገኝ። በወታደር ብዛት ቢሆን ደርግ እስከዛሬ ይኖር ነበር,,,,,,
ዘወር በል ከዚህ የፈለከውን መሆን ትችላለህ አንተ የህዋሀት ደጋፊ,,,,,,
አንችን ብሎ ፀሓፊ መጀመሪያ እራስሽን ጠብቂ :,,,,,,
በህብረት ና  በስሜት መውትጣት  : ምን ይዞ እየመጣ እንደሆነ እያየነው ነው። ብቻ መጨረሻው ያሳምረው,,,,,,
ሴፉ አንዳንድ ፕሮግራሞቹ ከሌሎች ጋር ሊመሳሰሉ ይችሉ ይሆናል እንጂ በማስመሰል ማንም ስሙን አያነሳውም,,,,,,
ብሌን ይሄ ሰው ለአማራ ህዝብ ብዙ የሚጠቅም ሀሳብ እንሌለው በመረጃ ጭምር መናገር እችላለሁ፡ ከይቅርታ ጋር,,,,,,
በ ባቲ ከተማ ዛሬ ከቀኑ 10:00 ላይ ተመሳሳይ በህዝብ ላይ ከፊተኛ ጥቃት ሊፈፅሙ የተዘጋጁ ሰዎች በቁጥጥር ስር ዉለዋል,,,,,,
አብይ አህመድ በተመስገን ጥሩነህ በኩል የጎንደር ገበሬዎች ተጽኖ እይደረገበቸው ነው,,,,,,
እሱ ድሮም ነበረ እቃሽ ይዛሽ ሀገርሽ ማሄድ ትችያለሽ,,,,,,
ትንታኔ ትጠላለህ???? ፓለቲካዉንም እኮ እንደዚህ እየተነተናችሁ ነዉ አገሪቱን እንዳይሆን ያደረጋችሗት።,,,,,,
እናንተ ናችሁ ሀገራችንን እንዲህ ችግር ላይ የምትጥሏት ፤ አርቃችሁ አታስቡ፣ በጎውን ሀሳብ አታመጡ,,,,,,
ወሬ ብቻ አታብዙ  ግንቦት ሃያ መከበር ካቆመ ሶስት ዓመት ሞላው ተመስገን አንተም ዝም ብለህ አታዉራ,,,,,,
እሳቸው ስንቴ ነው ሞቱ ብለህ የምትነግረን ?,,,,,,
አድዋ  የምንዘክረው አንተ የአድዋን ህዝብ እያስክፋህ መሆን የለበትም ከአሁን ጀምሮ አድዋ ትግራይም የኢትዮጵያም ናት።,,,,,,
በትግራይ ህዝብ ላይ ተገቢ ያልሆኑ ነገሮችን ከመፈጸም ብተቆጠብ የተሻለ ነው፡፡,,,,,,
አንተ የሰራሀውን ሁሉም ነገር ለዓለም ገና እናሳዉቃለን,,,,,,
ብዙም መደሰት ሳያሰፈልግ ጋሽ ሄኖክን በሀሣብ መሞገቱ የተሻለ ነው፡፡ ነገ ነገሮች በዚሁ ላይቀጥሉ ይችላሉ፡፡,,,,,,
የኢትዮጵያን አንደነትም ሰው ሳይሞት ማምጣት መቻል ያስፈልጋል፡፡,,,,,,
እውነት ካለህ እኮ ምንም ሌላ ተጨማሪ እርዳታ መጠየቅ አያስፈልግም:: እዉነት ራሱ ይመሰክራል እና ነው:: በእውነት የማታምን ከሆነ ግን እውነትም ቢነግሩህ ላይዋጥልህ ይችላል፡፡,,,,,,
የዲሉዢኑ ባለቤት ማን እንደሆነ ለመመስከር ከዘመን በላይ ማንን ምስክር እንጥራ እንግዲህ? ማየት ነው። :,,,,,,
የትላንቱን ክርክር አየህው በጣም ጠንካራና የምትሉትን ያሳጣ ነበር,,,,,,
ከማነው አሁን ሚታገለው?  ከራስ ወንድም ጋር መታገል ምንም  ትርጉምና ውጤት የለውም፡፡,,,,,,
ትርጉም የሌለው ነገር ነው አሁን የሚናገረው ፤ አሁን ነው ይሄ የሚታየው ለጦርነት ሲያነሳሳ ከርሞ :: ሀሳብን እንደቀልድ መቀየር ይችሉበታል,,,,,,
በመጀመሪያ እንደዚህ የሚባል ቃል የለም ሲቀጥል ደግሞ ጥሩ ካልሆነ የቅናት መንፈስ ውስጥ የሆንክ ነው ያስመሰለብህ,,,,,,
ስለ ሃገርሽ የምታስቢ ከሆነ ሌላ ነገር ትተሽ  አንድ የዳቦ ለተራበው የትግራይ ምስኪኑ ህዝብ ብትረጅው ይሻላል,,,,,,
መፅሀፍ ማለት አንቺ እንደ ነገሩ ጋደም ብለሽ  ዝምብሎ የሚነበብ ሳይሆን እንደ ትጉህ ንብ በንቃት እወቀት የሚመጠጥበት ነው።,,,,,,
አንቺ በዚህ ደረጃ ልትበሳጪ አይገባም ሰውም ድምፁን በነፃነት ማሰማቱ ተገቢ ነው ፡፡,,,,,,
እኔ አልተረዳሁም ምንድነው እያልክ ያለኸው? ማን አንተን የብዙሀኑ ህዝብ ተወካይ አደረገህ? በቃ ዘራፍ ለማለት ትቸኩላላችሁ.,,,,,,
ይኸ አንቺን አይመለከትም እዚያው አረብ ሀገር ስራሽን ስሪ,,,,,,
የህዝብን ደህንነት የማይጠብቅ እምነት የማይጣልበት ሰው ነው,,,,,,
አሁን እስክንድር እና ልደቱ አብረው ለንፅፅር ሚቀርቡ ናቸው? በጨለማው ዘመን አስፈሪውን ወያኔ በብእር ያንበረከከ,,,,,,
በንጹሃን ደም መቀለድ ውጤቱ መጥፋት ነው። በየቦታው ወድቀው የቀሩት ንፁኀን  ሕይወት በቅርቡ ከፈጣሪ የስራህን ያሰጥሀል,,,,,,
እሱስ አህመድ አሊ ሚባል አባት ነበረው እንዳነተ አይደለም፡፡ በነገራችን ላይ አሁን ድጋፍ የምታገኙበት እድል ተመናመኗል፤ ምናልባት ከማውራት የዘለለ ምንም አታደርጉም,,,,,,
አንድ ሂስቶሪያን ነኝ የሚል የኢዲያሚን ወዳጅ ሸገር ላይ እንደዚህ ሲያወራ ነበር። ሦስት በዚህም ከባድ እርግማን ተራግምያለሁ።,,,,,,
ወንጀሎች እንደልባቸው የሚፈነጩባት አገር ማየት ኣንፈልግም መንግሥት አደብ ያስገዛልን ።,,,,,,
ለስርአት ተገዢ እንዳልሆንሽ ተረድቼአለሁ፡፡ ማንም በሴትነቱ በሰውነቱ ይከበራል,,,,,,
እንኳን ደስስስስ አላችሁ። የኛ ውድ ተመራቂዎች የምስክር ወረቀትም ይዘጋጅላችኋል።,,,,,,
የምትናገረው የሚታመን ነገር አይደለም፤  በዚህ አይነት ነገር ሰው ሊቀበልህ የማይችልበት ደረጃ ደርሷል,,,,,,
በኢንሳ ውስጥ የሰዎችን ዶክመንት በመመርመር ልምድ ላለው ሰው ይህ ቀላል ነው።,,,,,,
መሐል ያልገባቺው እንደ ካሚሩናዊው ዳኛ በሙቀቱ ልወድቅ እችላለሁ ብላ ነው።,,,,,,
አንተ ደግሞ የዋህ ነህ ፤ የተባለውንና  የማታውቀውን ነገር እንዳለ አትድገምልን,,,,,,
ደጅ መጥናትህን አለወደድኩትም,,,,,,
የኢትዮጵያ ትልቁ ችግር በመጨረሻ ተቀረፈ።????,,,,,,
እድሜ ልካቹ የሰው ልጅ ሃዘን ደስታ የምትፈጥሩ,,,,,,
ምን ሆነህ  ነው ይህን የፃፍከው ?,,,,,,
የሚናገራቸው ነገሮች የኛ ጊዜ አካኣብ ሊያስብሉት ይችላሉ,,,,,,
በግድ አማራን መምራት አይቻል እጃችሁን X አጣምራችሁ ፀጉራችሁን ተላጭታችሁ አይደልም ነገሩ,,,,,,
ለአማራ ህዝብ ከፕ/ር አስራት ቀጥሎ በማይተናነስ ብ/ጀ አሳምነው አለኝታ እንደነበሩ መታወስ አለበት:: ተተኪው ትውልድ አማራን የማዳከም ስራ የሚሰሩትን  በዝምታ መየት አይገባውም::,,,,,,
እረ ጌታቸው እግዚአብሔር በጣም እድል እየሰጠክ ልብህን ምናለ ባታደነድነው??እስከ ዛሬ ለፈፀማችሁት በደል መሀሪው እግዚአብሄርን በንስሀ ብትጠይቁ,,,,,,
በባንዲራውንና ኢትዮጵያን ደጋግመህ ብታነሳም ከወገንተኝነት ወጥተህ ከልብህ የምታደርገው አይመስልም,,,,,,
ይሄ ፈረንጅ ምንድ ነው የሚያወራው?,,,,,,
ክርክሩ ውስጥ ኮ ሌላ ስም ፕሮፖስ በማድረግ ራስህን ማስገባት ብቻ ሳይሆን ዙሩንም አከረርከው - ሰላም ሚንስትር ስታይል,,,,,,
አንተ ራስ ወዳድ ነህ የስራህን ማግኘትህ አይቀርም,,,,,,
አንች አለሽ ተብሎ የፍትህ ስርአቱ እንደዚህ መሆኑ ይገርማል,,,,,,
የዚህ ሰውዬ ችግር እኮ አብዝቶ ከእውነት የራቀ ነገር መናገሩ ነው ፤ የሚለውን ነገር ሁለ ለማመን ይከብዳል ይኸንንም እንደ ፖለቲካ መሳሪያ ነው የሚጠቀምበት፡፡,,,,,,
በኢትዮጵያን አባባል መልካም ሰው አይደለኸም፡፡,,,,,,
ጋዜጠኛ እውነተኛ ዜናን ለመስራት ፍርሀት ሊገባው አይገባም፡፡,,,,,,
ይህ ላንተና ለዳገፈዎቹ  ብቻ የሚሰራ ወሬ ነው፡፡,,,,,,
የምትገርም የመንግስት አገልጋይ  መቸ ይሆን ህዝብ መረጣቸው የምትለው?,,,,,,
እንዲያውም አቶ ስብሃት ዕድለኛ ናቸው ለቀራቸው ትንሽ ጊዜ እየበሉ እየታከሙ የሚቆዩበት ዕድል አግኝተዋል። ምንም እንኳ ለ40 አመታት ለፈፀሙት በደል የሚመጥን ነገር ባይኖርም,,,,,,
በዚህ በብዙ ችግርና መከራ በከበበን ወቅት ፤በኳስ ምክንያት በሰፈር መከፋፈልን ማሳየት ካንተ አይጠበቅም፡፡,,,,,,
ከእለታዊ ፍጆታህ ምን ተርፎ ነው መንገድ የሚሰራው በእርዳታ?,,,,,,
አብሮ መኖርን ነው ማውራት ያለብሽ የብዙሐን ሀገር ናት ኢትዮጵያ,,,,,,
ከዚህ ቀደም  ኢንተርኔት በመዘጋቱ የተከፉ ሰዎች  አሁን ከሀገር አይበልጥም ይሉናል።,,,,,,
ፍርዱ በተመደበው ጊዜ ይደረጋል,,,,,,
የራስን ችግር ይዞ የሌላ አገር መሪ መዝለፍ ትክክል ነው ?,,,,,,
እኔ ተገቢ አይደለም ያልኩት እነርሱ ከነበራቸው ተሳትፎ አንፃር አሁን የሰብኣዊነት ተቆርቆሪ ሆነው መቅረባቸውን ነው,,,,,,
ቤተሰብዎ ችግር ውስጥ ወድቁዋል ፡፡ በድርጊቶችዎም ሊፀፀቱና ለረጅም ጊዜም ሊጎዱ ይችላሉ።,,,,,,
ለመሆኑ ኢትዮጵያ ውስጥ ፕሬስ ሴክሬታሪ አለ ብሎ መናገር ይቻላል,,,,,,
የሰው ነፍስ የሚጠፋ ከሆነ ጠ/ሚሩ ስልጣን እለቃለሁ ብሏል ብለህ ነበር ፤ የጅማውስ የሰው ሕይወት መጥፋት ምን ሊባል ነው ?,,,,,,
ማስመሰል እና አንድ ነገር ላይ ብዙ መቆየት ይወዳል፡፡ እኔ ደሞ ደስ አይለኝም,,,,,,
ህዝቡን አይወክልም ተብሎ ተነስቷል። አቶ አዲሱ ለገሰ ምነው ድምጻቸው ጠፋ,,,,,,
ስርአት ካለህ/ካለሽ ፀያፍ ቃልን መለዋወጥ ጉብዝና አይደለም የቋንቋ ችግር ከሌለብሽ ወይ ከሌለብህ ትክክል ነው ያለው።,,,,,,
ቤቲ LTV ፈጣሪ ጎረቤትህን እንደራስህ ውደድ ይላል። የፖለቲካ ልዩነትም መብት ነው። ልዩነታችን በመከባበር ቢሆን ሀገራችን ዘላቂ ሰላም ታገኛለች። ከዚህ ባለፈ ልዩነትን የሚያሰፉ ነገሮች ላይ ማተኮር ግን ለራስሽም ለሀገርም አይጠቅምም።,,,,,,
ምነው ወይ ዝም ብትል ፡፡ግን አልቻላችሁም ፤ በዚህም ዋጋ ልትከፍሉ ነው,,,,,,
እረ እህቶቼ በዙ ሰዎች.?? ይቺም እንደ ወንድሜ እኮ ነው የማይህ ትበለኝ ??,,,,,,
ምን ለአመሉ ከመፀሐፍ ቅዱስ ይጠቅሳል .. ኃይማኖቱን ተወውና ፖለቲካውን በደንብ ያዘው። አሁን ምን አፍ አለኝ ብሎ ያወራል?,,,,,,
እያንዳንዱ የጦቢያ አምባሳደር ሚስቱ ልጆቹ የስጋ ዘመዶቹ ይዞ ቲዊት እንዲይደርግ ቢደረግም የዲፕሎማሲ ችግር መፍታት አልተቻለም,,,,,,
በክፋቱ የሚታወቅ የስራውን ሊያገኝ ነው የምንልበት ቀን ሩቅ አይደለም ??,,,,,,
አንተ ከማንም ጋ ልትከራከር አትችልም ራስ ወዳድ ስለሆንክ,,,,,,
ቅርስ የታሪክ መሰረት ነው ታሪክ የሌለው ሕዝብ የማንነት ቀውስ ውስጥ ይገባል ልክ አንዳንተ - ይኸን መረዳት እንዴት ያቅተሀል,,,,,,
No more Ethiopian Trust Fund የሰብዓዊ መብትን አክብሮ ለሚያስከብር እንጂ ለሌላ ቦታ የለንም,,,,,,
ሙኒራ ቤቲ ጋር መቅረብ የሚገባት አልነበረባትም ለማለት ፈልገሽ ነው:: ቤቲ ጀግና በርሷ interview መደረግ አልነበረባትም:: ሙኒራ ደግሞ ወገንተኛ ናት,,,,,,
ከቤተመንግስት ከባለ ቤትዎ ጋር አንድ ፎቶ ተነስተው ቢታይ,,,,,,
ነገሮችን በራሱ የማያደርግ ሰው ሁሌም ደሰተኛ ነው፡፡ ደብሪፅዮን ቢመጣም ደስተኛ እንደምትሆን እርግጠኛ ነኝ፡፡,,,,,,
የነሱ እጃቸውም እግራቸውም እረጅም ነው እሱ ድሮም አሁንም የነሱ ነው ፤ ኢትዮጵያ እሱን ለሀገሩ ታማኝ ባለመሆን ልትጠይቀው ትችላለች፡፡,,,,,,
አንተን ነው ማነህ። ቢኒያም ምንም አላረገም ??,,,,,,
ኢትዮጵያዊ መልክ ይዞ የአገሩን መፍረስ የሚመኝ ኢትዮጵያዊ ነው ለማለት ይከብዳል። አሳዛኝ,,,,,,
አዎ:አንመሰክራለን። ምን ታረገዋለህ:እነ ቴዲ : ሀጫሉ: አሰጌ: እያሉ:ሁሉም:ደገፊ :ቤተ መንግስት: ግብዣ:ተጠራ።  Ethiopia,,,,,,
ስዩም ተሾመ ያለ ማስረጃ የሚናገር ነበር የመሰለኝ:: አቶ ደመቀ ግን ሰውዬውን ቤኒሻንጉል ይዞት ሲሄድ ሳይ ነው አሀ ያልኩት::,,,,,,
የራሱን ቤተሰብ ለማሸሽ የአሜሪካ ኤምባሲ እየተፃፃፈ የደሀ ልጅን ወደ ግንባር መላክ ያስተዛዝባል,,,,,,
ጥሩ ሰው አይደለም፤ በስተርጅና እንደዚህ ከሚያደርግ ሰው ጋር ለእርሱ መልስ መስጠትም አያስፈልግም፤ እራሱን የሚያሳዩ መልሶች ካልሆኑ,,,,,,
አብይ እና ደገፊዎቹ ግን ሁሉም ሰው እንደነሱ ይመስላቸዋል ልበል? ??,,,,,,
አንድ ነገር ይገርመኛል ኑሮን ለማሸነፍ ነብሱን አሰይዞ በባህር አረብ ሀገር የገባውን ምሰኪን አታስፈልግም ብሎ የረሳውን መሪ እንዴት ነው መሪ ይሆነኛል በየ,,,,,,
ይህ ሁሉ ስድብ  እሚወረወርብን የኛን ስነ ልቦና ለመዝረፍ ነው። እንኳን ዛሬ፡ ድሮም አልሰራ,,,,,,
ከአንቺ ይኸ አይጠበቅም ነበር ፤ የነዚህ እንባ ይፋረዳችሁ ፤ አንቺም በዚህ እድሜሽ ወደ ቤተክርስትያን እንጂ,,,,,,
ፓለቲካ ውስጥ ምንም አትሰሩም ተብለናል፡፡ጠንክረን መማርና መስራት ይጠበቅብናል ሌላውን ለሚመለከተው በመተው,,,,,,
ይሄ ሰው እንዴት ያለ ደፋር ሆኗል ባካቹ፡,,,,,,
ነገሮችን ቶሎ የሚረዳ ሰው አይደለም,,,,,,
ሌሎች በፈፀሙት ጥቃት መንግሥትን መውቀሰ አይገባም::,,,,,,
እሱ ማለት ያ አበበ ግላውን ባልሰራው ስራ ስሙን ሲጠራ  የነበረው ነው አይደል?,,,,,,
የጀግናው ጄነራል አሳምነው ጽጌ የቀብር ስነ ስርዓት ጀግና አይሞትም ሞት በአፋቸው ስለሚያወሩት ሰዎች,,,,,,
በህግ የተከለከለንም ነገር  እንደ ምግብ ስራ ቀለል አርገህ ነው እኮ የምታስተምረው,,,,,,
ዝም ብትል ይሻላል፡፡,,,,,,
አስረዳኝ በሉት፤ የእናቴ ቀሚስ አደናቀፈኝ ይላል። ፖለቲከኛ ለመሆን የፖለቲካል ሳይንስ አዋቂ መሆን ግድ እንዳልሆነ አዉቃለሁ ነገር ግን ትንሽም ቢሆን,,,,,,
እረ አባ ቢያ እየቆየህ እንዲህ ክብርህን የማይመጥን ነገርን አታድርግ,,,,,,
ምንድነው የሚያወራው እባካችሁ? አንተ ኢትዮጵያውያንን አሁን ለጊዜው ያታለልክ መስሎህ ሊሆን ይችላል። ታሪክ ግን ይፋረድሃል።,,,,,,
እሱ ያንቺ ፍላጎት ነው መብትሸ ነወ የመሰለሽን ማመን ።እኔ ግን የማምነው አምባገነን እና ወገንተኛ እንደሆነ ነው።,,,,,,
ቆይ አንቺ ሌላ ተረት አታቂም እንዴ? በጣም እኮ ነው የሚገርመው,,,,,,
በቴይለር ስዊፍት የተመዘገባችሁ  ፡፡ ይህ  ጨዋታ ነው ብለው ያስባሉ?,,,,,,
አንተ ነገሩን በጣም እንዲዳረስ አደረከው፤የመንግስት ሜዲያን ወይንም የውጭ ጉዳይ ሚኒስቴርን ይመስል,,,,,,
ያንተ ፔሮል መቼ ነው የሚቆመው ፤ ያለበቂ ማስረጃ ባትፅፍ ጥሩ ነው,,,,,,
ለማ መገርሳ ስልጣን ላይ እንዳሉ ቢሆን የሦስተኛ ዲግሪያቸውን የጨረሱት የብልፅግና ሰዎች ድጋፍ ቀላል አይሆንም ነበር፡፡ለማንኛውም እንኳን ደስ ያለዎት ኦቦ ለማ ምነው ፒቼዲው ኢትዮጵያዊነትዎን በቀሰቀሰበወት,,,,,,
እዚህም እዛም የምናየዉና የምንሰማዉ ነገር የህግ የበላይነት ግድ ይለናል እንድንል አስገድዶናል።,,,,,,
ሁለት baseless ክስ። ወይ እይ፤ ካላየህ ደግሞ ሳትመርጥ ስማና አመዛዝነህ ፍረድ። የመጣውን እንዳለ አታቅርብ,,,,,,
እንደውም ጨዋ ሰው ነው። እኔ ብሆን አፈላልጌ የከፋ እርምጃ ነበር የምወስድብህ።  ነገር ማመላለስና ስርአተ-ቢስ ነት ይታይብሀል።,,,,,,
እናተ ሰዎች እንደዚህ ብላችሁ ስታቀርቡ አታፍሩም ለምነን አስጠይቀን ሰጠን ብትሉ የተሻለ እውነት ነበረው።,,,,,,
አንድ አንድ ስው ይቅርታ፣ ፍቅር፣ ሰላም እና አንድነት እንዴት ይገበዋል? ለዚህም ነው ፍቅርን በሚሰብክ መሪ ላይ ሁከት እንዲፈጠር ያሴሩት። እንኳንም እ/ር አወጣን feeling sad,,,,,,
ዛሬ ዲሞክራሲ አለባቸው የሚባሉት አገሮች በብዙ ውጣ ውረድ አልፈው ነው ለዛሬ ብልፅግና የበቁት እንጂ አሁን እንደምትለው አይደለም,,,,,,
ሀገርና መሪን ለይተን ማየት መቻል ፡፡ የትኛውም መንግስት ቢመጣና ቢሄድ ኢትዮጵያ እንደ ሀገር ለዘላለም ምትኖር ናት።,,,,,,
አንተ እዉነቱን ተነግረናለህ ብለን አንጠብቅም,,,,,,
ጀዋር ሲፈታ ግን ደስታቸውን መቆጣጠር ሊያቅታቸው ይችላል የሚል ግምት አለ ??,,,,,,
ነገሩን ቀይረህ  መምጣትህ ነው የሰው ልጅ ሞት የሁሉም ሰውየሆነ በሙሉ ነው መጀመሪያ ሰው መሆን ነው ።,,,,,,
አንድ ነገር መጣል አንድ ነገር ማድነቅ አለመቻል ህይወትህን አሰልቺ ያደርገዋል,,,,,,
እሱ ብቻ አይደለም ፤ ጌች ሥቴትመንት እየፃፈ ነው,,,,,,
ብሎክ ያደረከኝ ስራህን ስለምናገር ነው።,,,,,,
አንተ ናትናኤል የተባልክ እንደ ሰው ጥሩ መሆን ያቃተህ,,,,,,
በዚህ ላይ የሚያሾፍ  ካለ ለራሱ ብሄር ብቻ የሚያስብና አርቆ የማያስብ ሰው ነው ሊሆን የሚችለው።,,,,,,
ካመንሽበት በሀሳብ አሸንፊያት።ከለቀቅሽው ደግሞ አሪፍ መረጃ ይሆናል።አንቺም ትክክል እንዳልሆንሽ ማረጋገጫ ይሆናል,,,,,,
የሐገሩ መሪ ምንም  የማያስብ እናንተ ያያችሁትንም አንበጣ የሚያይ ዓይን የሌለው ጆሮውም የማይሰማ  ይመስልሃል ?,,,,,,
ጤናማ ነገሮችን ለማውራት ሞራልም ጤናውም ያለህ አትመስልም,,,,,,
አንተ አዛውንት ሰውዬ የልጆቸህን መሸነፍ ማመን አልቻልክም? ቆይ ታለህ,,,,,,
ግን አንተ አልገባህም ፥ ባሃገራችን አህያ እንዃን ክብር አለው አንተ ግን አልጋበህም ክብር የለለው ደጋፊ አትሁን,,,,,,
በንፁሀን ሞት ውስጥ እድገትን ማምጣት አይቻልም፡፡,,,,,,
የአዲሳባ ፖሊስ ም/ኮሚሽነሩ ከትናንትናው የመስቀል አደባባይ ሁከት በኋላ ስማቸው ቀይራዋል ፡፡ ክልላቸውና ብሔራቸውም እንዲሁ,,,,,,
እግዚአብሄር የሚደረገውን ሁሉ እያየ ነው፤ ዝም ብለሽ ተመልከቺ,,,,,,
ብዙ ሰዎች አይቻለሁ  እንዳንተ ምንም ሀሰብ  የሌለው ግን እስካሁን ኣላይሁም።,,,,,,
እንደ አንቺ አይነት ሰው አያሳጣን። ጥሩ ሰው ከሆንሽ ያልገባሽ ነገር ውስጥ አትግቢ ይቅርብሽ።,,,,,,
መጀመሪያ አሜን የተጻፈው ነገር ጥሩ ነው። አንቺ ስለ ክርስትና  የጻፍሽው  ግን ትክክል አይደለም፡፡,,,,,,
ትምህርትህ የአመለካከት ብስለትህ ማሳያ ሊሆን ይገባዋል,,,,,,
ሰው እየሞተ እና ኢኮኖሚው እየደቀቀ ባለበት በዚህ ሁኔታ ጠቅላይ ሚኒስቴሩ ስልጣን ላይ መቆየት የለበትም፡፡,,,,,,
የምትናገረው ነገር ሰውን የሚያስከፋ ነው ፤ ስርአት የለህም,,,,,,
ውጭ ሆኖ የሚደረግ ትግል ውጤታማ አይሆንም፡፡,,,,,,
የቀድም መንግስት ከስልጣን የወረደው እኮ በህዝብ ነው።,,,,,,
በአንዴ ድጋፍሽን አነሳሽ? ለነገሩ የመጀመሪያሽ አይደለም ??,,,,,,
አንተን ታድዮስ ታንቱ በመድረክ የሀሳብ ፍጭት በደንብ ያሳምናል። ዛሬ ላይ እንዴት እንደደረስክ ሳታምን መምጣትህን,,,,,,
የኢትዮጲያን ስደተኞች በስር እየተሰቃዩ በሳውድ በመቶ ሺ እሚቆጠር ኢትዮጲያዊያን እየተጉዱ እናንተ ግን በሳውድ ይህን በማያሳይ ሆኔታ ነው የታያችሁት፡፡,,,,,,
ትንሽ ብታስተካክለው ብዬ ነው፡፡,,,,,,
ለ10 አመት ተይዟል ብለክ እንዴት ልታሳምነው ትሞክራለህ,,,,,,
ትግራይ ለብቻ ነበር ? አምስት አገር ለአንድ ክልል ።,,,,,,
ኢትዮጵያ በታሪኳ ለፈረንጅ ዝቅ ብላ አታቅም,,,,,,
ከነዚህ ሰዎች  ጋር የሚኖር አንድነት የለም:: እጣፈንታችን በእጃችን ነው::,,,,,,
ወጣልህ ተሳድበህ? ይኸ በምንም የማይድን በሸታ ነው የሚሆንብህ ፤ እኛ ለጤናችን ስንል አንጠላህም,,,,,,
አምባገነን መሪ የተቃወሙትን ሁሉ ያስራል አለ ያገሬ ሰው,,,,,,
መንግስት ውስጡ ያሉትን እነ ስዩም ተሸመና መሰሎቹ የሚናገሩትን ልዩነትን የሚያሰፉ መረጃዎችን  ካላስቆመና ስርአት ካላስያዘ መንግስት እሳት በማጥፋት መጠመዱና ዜጋም ህይወቱን ማጣቱ ይቀጥላል፡፡,,,,,,
ክልል መፈንቅለ መንግስት ሊያደርግ ይችላል? መረጃችሁን አስተካክሉ:: ሌላ ዜና ከተሰሰተ ምንጭ እየተቀበላችሁ ህዝብ አታሳስቱ,,,,,,
አንድ ጊዜ ወንድ የሴት ምንትስ እና ጡት ብቻ ነው የሚያየው ትያለሽ ሌላ ጊዜ ደሞ ወንዶች የውጭ እንጂ የውስጥ ውበት አያዩም ትያለሽ,,,,,,
ፓትርያርክ ማትያስ ብልግናን ስም ማንሳትንም ለምን ተው ኣትሉትም??,,,,,,
የሰዎችን ችግርና መከራ  እንደራስህ  ማየትን መልመድ አለብህ,,,,,,
ታምራት ነገራ አክራሪዎችን  ከላይ እስከታች ሰብስበህ ሁለት ሰንበት ጥሩ ምክርና ስልጠና ስጥልን ።,,,,,,
ሀገሬ እንዳንተ ተማኝነት በማይገባቸው ሳይሆን በእውነተኛ ልጆችዋ ታፍራና ተከብራ ትኖራለች,,,,,,
ኢትዮጵያ የመፍረስ አደጋ ውስጥ ከገባች  ቆየች በጣም የሚያሰዘነኝ አንድ ሰው ለማንገስ ተብሎ ሕዝቡ ደም መቃባቱ ነው,,,,,,
ሰላሜን ክነሱት ሁህ ሳለህ ሰላም ያስፈልጋል ለምን ትለኛለህ፡፡,,,,,,
ቡና ምናምን ትላለች እንዴ,,,,,,
ይሄ ሁሉ ያበቃና የህወሀት ድብቅ ስራዎች በማስረጃ ተደግፎ ሲቀርብ ምን እንደምትል ለመስማት ያብቃን,,,,,,
ይሄ ሰው የድሀ ቤት እያቃጠለ የፈጣሪውን ስም ይጠራል በፀሎት እንዲታገዝ ይጠይቃል።,,,,,,
በሂዎት ኖሮ ብዙም ሳይመቸው የሚሆነውን ቢያይ ጥሩ ነበር,,,,,,
ዝም ብየ ሳስታውስ ጨዋታ ምትወድ ልጅ ነበርክ ግን ይህ ፖለቲካ ሳትወድ አክቲቪስት ያረገህ ይመስለኛል ?,,,,,,
ልበ ደንዳና ሰውን ሲገርፉ የነበሩ በ ETV ስራቸው ሁሉ ገሀድ ወጣ። አሁን ለፍርድ ትቀርባላችሁ,,,,,,
ታላቁ ጋንዲ እንዲህ ይላል። ጠላቶቻችን ፈሪዎች ናቸው። እኛ የሚጠሉን ይመስለናል። ግን ጥላቻ ሳይሆን ፍራቻ ነው።,,,,,,
ችግሩ በቤትህ መጥቶ ቤተሰቦችህ ላይ ጉዳት እስከሚያደርስ ድረስ  ለመረዳት መዘግየት የለብህም,,,,,,
እውነት እልሀለሁ  ትንሽ ርህራሂ ይጎድልሃል፡፡ ሰው ጠልቼ አላቅም አንተን ግን ብዙም ደስ አትለኝም፡፡,,,,,,
ምነው መጀመሪያ ስራውን አድንቀህ ከዚያ አስተያየት ብትስጥ። ህወሃት ካልሰራው አላመሰግንም ማለትህ አይደንቀኝም ምክንያቱም የአዲስ አበባ ቀላል ባቡ,,,,,,
እንዳንተ አይነቱ ሰው እንድያውቀኝ አልፈልግም,,,,,,
ልጁ ትንሽ የዋህ  ስለሆነ እንደ ትንኮሳ ልንወስደው እንችላለን,,,,,,
ፋኑኤል የተባለው መንፈሳዊ አባት የፖለቲካ ሹም በሚመስል አነጋገር ብፁእ ፖትርኩን ሲቃወም እና የተናገሩት የቤተክርስቲያኒቱ ሃሳብ አይደለም በማለት ሲናገራቸው ሰማሁኝ።,,,,,,
አረ ምነው አስፈሪ እንሰሳ አስመስልሽውሳ? ሻሽና ቆቡ እኮ ከርዳዳ ጠጉሩን እንዳይታይለት ነው የሚያረገ,,,,,,
በጥሩ ስነምግባር ያደክ ከሆነ ክ/ት ፕሬዚደንታችንን እርስዎ እርሳቸው ብለህ በማሰብ . የት ነበሩ?,,,,,,
እና ስርአት የለውም ያልሽው ለምንድር ነው?,,,,,,
ከእውነት በራቀ ህይወት ውስጥ መኖር ደስታን ያርቃል,,,,,,
ሁለት ግራ ቀኝ አይሆንም አለ ፈረንጅ፡፡,,,,,,
አፍሪካን ለማረጋጋት መጀመሪያ ከራሳችን መጀመር አለብን,,,,,,
በአሳምነው መገደል ብዙ ሰው መጎዳቱ አይቀርም,,,,,,
የትግራይን ህዝብ አታውቀውም ፡ አትመጣምም፡ የትግራይ ህዝብ,,,,,,
ከአንተ ብዙም አልጠብቅም,,,,,,
አንተ መሪ መሆን ትንሽ ይከብድሃል,,,,,,
በእንግሊዘኛው ስለማይገባህ በሀገሬ ቋንቋ ደግሞ ልሞክር፤ ሀገሬ መቼም አትፈርስም አትልፋ,,,,,,
ተገቢ ያልሆነ ጭንቀትን በማስወገድ ምርጫን ከመጽሀፍ ባለፈ ለመተግበር ጥረት ማድረግ አለብህ,,,,,,
እንደዚያ በለው ያው ማን እንደሚገባበት አይታወቅም ለማለት ነው,,,,,,
በዚህን ወቅት ያን ልጇን ባለማየቷ እድለኛ ነች፡፡,,,,,,
ማስተዋል ያንሰዋል : ስለማያቀው ነገር ሲያወራ ድፍረቱ አለማወቁን ያሳያል,,,,,,
በግዜ ሂደት ማይቀየር ሰው ከሀይስኩል እስከ ሚንስትር ደረጃ አለ። -  ራሱን በትክክል  ያገኘ ቀን ራሱ እንደሚወቅስ ጥርጥር የለኝም።,,,,,,
ይቺን ሴት የአስፈሪ ገጸ-ባህሪ ወክላ እንድትጫወት ካርቶኒስቶች እድሉን ቢሰጡዋት  የሚዋጣላት ይመስላል ::,,,,,,
አረጋኸኝ ትግራይም ወገን ነው? ትግራይ ለመሆኑ 600 የማይ ካድራ ወገናችን ነው። እኛ ድሮውም እርዳታ አንፈልግም።,,,,,,
ያልተጣራ ክስ ካደረጉት የሰልፍ አስተባባሪዎች እና ዶር ፍስህን ካዋከቡት የዲሲ ግብረ-ሃይሎች ዛሬ የተረዳነው ነገር ቢኖር የቀደሙ ይህን መሰል የፖለቲካ ስራዎች መቀጠላቸውን ነው፡፡,,,,,,
ምንጭ ጥቀስ ወይም ማስረጃ አቅርብ። እውነት እንዲህ ብላ ከሆነ። ዝምብለህ በአሉባልታ ብዙ አታውራ,,,,,,
ስለ ኤርትራ ተወራለህ  ወይ ምኞትህ ትንስ አይከብድም  መቸም  የአንተና የኮነሬል አብይ ምኞት ነው,,,,,,
የአንቺ አይንና ጆሮ ደግሞ  የቅርብ እንጂ የሩቅ የማይሰማና የማያይ,,,,,,
ልበ ደንደና እና ስርአት የሌለው ሁልጊዜም የተለያየ ነገር ያወራል እኛ ስራችንን እንቀጥል,,,,,,
ምን ልትለኝ ነው ብለህ ሀሳብ እንደገባህ ያስታውቃል Angela Merkel የነገረችህ ደሞ ስለ ትግራይ ይመስለኛል,,,,,,
እኔ ስጋት አለኝ መሪ ሀገሩን በጥበብ የማይመራ ከሆነ ውጤቱ ተያይዞ መውደቅ እንዳይሆን,,,,,,
መቶዎችና አንድ ወይም ሁለት ግድያዎች  እኩል ናቸው:: ግልፅ ነው :,,,,,,
በአዛውንትነት ዘመንህ የተሻለ ነገና ዞር ያለ ነገርን በበጎ እያየኸቸው አይደለም,,,,,,
ምንም ግራ የሚያጋባ ነገር የለም። እንደዚህ አይነት የተዛባ ስእል ለመፍጠር የሚሞክሩት የበፊቱን ስርአት የሚደግፉ እነ አብርሃም ደስታ ናቸው,,,,,,
ወደዚህም ወደዛም ስለምትል አንተ ላይ እምነት ለመጣል ይከብዳል,,,,,,
እንደዚህ አይነት ሰው ጋር አንድ ላይ መኖር ይከብዳል ፡፡ ስለ ሀገሩም ስለ ራሱም የሚናገረውን የማያቅ,,,,,,
ድሮ አብረን ባቱ ስንማር ብዙም በራሱ የሚተማመን አልነበረም።,,,,,,
አንዱ ጨቋኝ ሌላውን ተጨቋኝ አድርጎ ሀገር አልባ ያደረገንን ይሄንን  ህገመንግስት ላንዴና ለመጨረሻ ጊዜ ገምግማን የሀገር ባለቤት የሚያደርገንን ህገመንግስት ካልፃፍን መቼም ሰላም አናገኝም,,,,,,
ይህ ሰው ከአምቡላስ ላይ ታማሚዎችን አውርደው የገደሉትን ሰዎች ስራ justify ለማድረግ ያቀረበው ነገር አሳማኝ አይደለም::,,,,,,
እሱ ከሴት በላይ ለሴት  ተቆርቋሪ ነኝ ይላል ግን ለሰዎች ሁሉ እኩል የሆነ ዕይታ የለውም,,,,,,
ገነ ለገነ ስራህ እንዳይታወቅ ዕየጣርክ ነው ። እሱ ዝም ቢል የአቤል ነፍስ ትጣራለች,,,,,,
ተቃዋሚ ምትላቸው 40 አመት በስደት እያሉ ያመለጣቸውን መዝናናትን የሚያስበልጡ  አብይ ስብሰባ ሲጠራ ገንዘብ ካልጨመርክ የሚሉ,,,,,,
እኛ ሳንፈጠር ጀምሮ እስካሁን ድረስ ሲጋጩ ነው የሚታዩት,,,,,,
እነዘህን ኢትዮጵያ ላይ ልዩነቶችን ሲፈጥሩ የነበሩ ዲፕሎማቶች ይዘህ የቪዛ ማእቀብ ቢጣልብህ የሚገርም አይሆንም,,,,,,
ዛሬ  ታዬ የተባለ ሰው ተናገረ ተብሎ ከቁምነገር መቁጠር አያስፈልግም። እርሱ ወይ ቁም ነገር አያወራ ወይ ሰው ምን ይለኛል አይል,,,,,,
ወቅቱን አለመጠበቁ ሊያነጋግር ይችል ይሆናል። ነገርግን ወቅቱን በተለያየ መንገድ ሰንዶ ማሰወቀመጥ ለሚሻ ጥሩ መረጃ ለመስጠት መረጃውን ቅርብ ከማድረግ አኳይ ሊባል ይችላል,,,,,,
የፌሚኒዝም እሳቤ ጋር ግን አብሮ የሚሄድ አደለም ?? መላኩ ምን ችግር አለው,,,,,,
ወለጋ ያለውን ህዝብ እና ትውልደ ወለጋ የሆነን አማራ የሚመራው ተመስገን ነው ?,,,,,,
ለምን አንተ የማስተባበሩን ስራ አታስጀምርም። ሌሎች መውቀስ አይጠቅምም።,,,,,,
መሪዎቻችን ከዙፋኑና ከስልጣን ባሻገር ሀገሪቷ የምትገኝበትን አሳሳቢ ሁኔታ ለመረዳትና መፍተሄ ለመፈለግ,,,,,,
ለራስህ ያለህ በጎ አመለካከት ነው ሰዎች እንዲያከብሩህ የሚያደርግ,,,,,,
ዛሬ ላይ ባልተገባ መንገድ የምታገኘውን ብቻ የምታይ ከሆነ ነገ ላይ በርሱ ምክንያት ከሚመጣብህን ጣጣ ለመወጣት እንደሚከብድህ ማወቅ አለብህ፡፡,,,,,,
የህዝብን የፍትህ ጥያቄ መሪው እንደ ተራ ነገር አቃሎ ሊያየው አይገባም,,,,,,
አሁን ምን ወሬ ይዘህ መጣህ? ነገር ማመላለሱን  ስራዬ ብለህ ስለ ያዝከው ምንም ማድረግ አይቻልም።,,,,,,
በጣም ብዙ የኢትዮጵያ ህዝቦች በስንትና ስንት ወረራ እና ጦርነት አንዳንዴም በራሳችን አምባገነኖች እየተጋደሉ ፤ ሀገር ስንት ጊዜ እየወደቀች ስትገነባ ፤ ይህን አድርገው ጀግኖች ባቆዩዋት ሀገር ሀውልታቸውን እያፈረስክ,,,,,,
እኔን ብሎክ ኣድርጋ ግን እኔ ገጽ ላይ ትጽፋለች፡፡ ፊት ለፊትም መከራከር እኮ ይቻላል፡፡,,,,,,
የቱ ነው ቀላል ከሱዳን ማምጣት ወይንስ አገር ቤት ያለውን electricity network bank etc መክፈት ፤ የትግራይ ህዝብ ይህን ይረዳል፡፡,,,,,,
የኢትዮጵያን ሰላም፣አድነት፣እድገት፣ብልፅግና የማይሹትን ሁሉ ፈጣሪ ልብ ይስጣቸው,,,,,,
ታዲያ አንተ እዚህ ፕጅ ላይ ምን ታደርጋለህ???,,,,,,
ለአንተ ቢገባህም የሚለወጥ ነገር ያለ አይመስለንም,,,,,,
ለራሱ ብቻ የሚያስብ ነው  አገሩን የሚመራው,,,,,,
እግዚአብሄር ፍርዱን ይስጥህ,,,,,,
በፆታዊ ትንኮሳ enjoy እንደሚያደርግ ሰው በዚህ ጉዳይ መበሳጨት አይገባህም ነበር,,,,,,
ብዙም ግንዛቤ የላችሁም ።  ምን ሊል አስቦ ነው? የምን ጥሩና መጥፎ ነው? እንዲህ ካመናችሁ እንዲህ ናችሁ እያልከን አይደል? ??,,,,,,
መሬቱ እስኪወሰድ መጠበቅ የለብህም,,,,,,
በዚህ ሪፖርት ውስጥ ዋዜማን እንደዚያ የሚያስብል  ነገር ያለ አይመስለኝም? የአንደ ወገን ሀሳብ ብቻ መስማት ለሚፈልጉ የመንግስ ሚዲያዎችን መስማት ይችላል፡፡,,,,,,
መቼም የፖለቲካ ሹም ልማድ ጨርሶ አይልቀም - ምን ተደርጎለት ይሆን እንዲህ የሚሽቆጠቆጠው?,,,,,,
ስዩም ተሾመ እና ናትናኤል መኮንን በልጅነታቸው ያመለጣቸው ክትባት ይኖር ይሆን እንዴ,,,,,,
ጦርነት ሲያልቅ ነው የሚታወቀው ።ከዛ በፊት ግን አንተ በሰብአዊነት የሚደረገውንና የሚታሰበውን አድርግ ።,,,,,,
የአንተ ድረጅት የፈጠረዉ ችግር ሳይታይህ ቀርቶ ነው አሁን እንዲህ የምትለው፡ አምላክ ፍርዱን ይስጥ,,,,,,
ጀግንነት ሲቪል ሰው ማጥቃት አድርገህ  ነው እንዴ የምታየው ?,,,,,,
ድሮም ሰዉ የሚላትን አልሰማ ብላ ነው እንጂ እዚሁ ብትቀመጥ ኖሮ፣ ይሄ ሁላ አይደርስባትን ነበር።,,,,,,
የደርግ ልጅ ደርጋዊነትን ስትሰብክ.ምን ታድርግ? ሕግ የሚባል ነገር እንዳለ  አባቷ አላስተማራትማ,,,,,,
ልደቱ  ወደ መረፊያ ቤት ተወሰደ:: ከዚህ በኋላ ንቅናቄ እና ግንባር አያስፈልግም ተብሎ,,,,,,
ብሩ የተሰጠው የኢትዮጵያ ጠ/ሚኒስትር ስለነበረ ነው  ፤ ስለዚ ዓቃቤ ህግም ይህን መጠየቅ ይችላል ።,,,,,,
መሰሪያ በሻንጣ የጫነችው የፖሊስ መኪና (ፖሊስ ኢት 0384 ET)  እንድትቃጠል ተደርጋለች።,,,,,,
ከንፅህና መጠበቂያ ሌላ  የሚታይሽ ነገር የለም እንዴ?,,,,,,
አይ እስከሚቀጥለው ክሪስትማስ ይቆያል እንጂ ለምን ይነሳል ልበልህ ?,,,,,,
የግጭቱ ምንጭ  እርምጃ ከተወሰደበት በኃላ ግጭት ብኖር ተጠያቂው ማን ነው??? ??,,,,,,
አልተረዳሀውም እንጂ በእጅ ያለ ወርቅ እንደመዳብ ይቆጠራል,,,,,,
የሱ ነገር አብይን ዝምብሎ መቃወም ብቻ ሆኖል :: በዚህ ከቀጠለ ያለእድሜው ነው የሚያረጀው።,,,,,,
መጀመሪያ ሌሎች አንተን እንዳይነኩህ፤ አንተም እነርሱን ማክበር ከዚያ ውጭ ያለው ነገር ተገቢነት የለውም,,,,,,
ማኅበረ ቅዱሳን አሳሰበህ አይደል? ህወሀትም በጊዜው አልቻለውም። መሰረቱ አለት ነው አሸዋ አይደለም።,,,,,,
የተለመደውን ነገር ቀምሶ እንደማያወራ በምን እርግጠኛ መሆን ይቻላል???,,,,,,
ሰውየው ጋር ችግር ቢኖር ኖሮ እሷን እዚህ ት/ት ቤት ስታስመርቅ አናያትም ነበር፡፡ ስዩም ተሾመ አሁን የመረጃ እጥረት ያጋጠመው ይመስላል፡፡,,,,,,
ሁሉም የተበሳጨ ቀን ከጃ-war የባሰ ጥሩ-ያልሆነ ሰው መሆን አይከብደውም። ጥሩ መሆን እንጂ የሚከብደው.,,,,,,
ከታላቅ ወንድሜ ጆ ባይደን እንዲሁም ከእህቴ ካሚላ ኣሪስ ውጤታማ የስልክ ውይይት ኣድርገናል።ባካሄድነው ህግ የማስከበር ሂደት ድጋፋቸው ችረውናል ይል ይሆናል እኮ ያ ሰውዬ,,,,,,
አቅምህን ብታውቅ ደህና ነው ፤ እናንተ ናችሁ ባንድ በኩል ሀገሪቱ እንዳትረጋጋ ያደረጋችኋት,,,,,,
አንተ በቃል ካልተገኘህ እሱ ምን ያድርግ ብለህ ነው,,,,,,
ሁሉም እናንተ እንደምታስቡት በገንዘብ የሚታለል ይመስላችኋል,,,,,,
ኮሽ? እንዴት ነው ነገሩን የምታቀለው አንተ ፡ ወንድመና እህቶቻችን በሞት እያጣን እናቶቻችን እያለቀሱ እኮ ነው !,,,,,,
አይ አንተ ሜዳ ላይ ምን እየተሰራ እነዳለ በደንብ ስለምታቅ ለግዜው በድብቅ የራስህን ስራ,,,,,,
ለዚኖራል በሬየን ያረድኩት አለአበው ከእንዲህ አይነት ስራ ጋር መያዙ ላይቀር በልቶ ያልጠገበውን ያገሬውን ሰው እንዲጎዳ አድርጎ፤ እስቲ አሁን ምን ያወራ ይሆን?,,,,,,
በህል አለም ያለህ ያህል ነው ነገሮችን የምትረሳወ ፤ የምታወራውን ለራስህም ባትደግመው ይሻላል፡፡,,,,,,
ሰውየው በህግ ጥላ ስር ውሎ ወደ አስር ቤት ቢገባ እንደሌሎች እስረኞች የደንቡ ነው የሚጠየቀው ወይስ ከዚያ በላይ መሆን አለበት,,,,,,
እኔም ችግር አልፈጠረም አላልኩም .ነገር ግን ያንውን አንተ እንዳሞገስከው አላረኩትም.ባይዋጥልህም ይኸው ነው,,,,,,
በሰዎች ላይ አትፍረድ ፤ እንዳይፈረድብህ,,,,,,
ህዝብ ያ ሁሉ መከራና መፈናቀል ሲደርስበት መግለጫ ያልሰጠህ እንኩዋን አደረሳችሁ መቼም ከልብህ እንደማይሆን እንረዳለን,,,,,,
እዩት እሄን ሰው.አሁን በዚህ ሰአት መቀበል ይሻላል ወይስ ስሙ ይቀየርልኝ ብሎ መጮህ ??,,,,,,
በሀይል ጠቅላይሚኒስቴር ለመሆን ማሰብ አርቆ አለማሰብን ያሳያል፡፡,,,,,,
በሞናሊዛ ላይ የደረሰው ግፍ ባንቺ እና ቤተሰቦችሽ ቢደርስስ,,,,,,
መንግስት እንኳን ባመነው ፡ በደኖ፣ አርባጉጉ፣ ጉራፈርዳ፣ ቤንቺ ማጂ፣ መተከል፣ በድምሩ ከ5ሺ ያለነሱ ህይወታቸውን ማጣታቸውን አልሰማሽም ?,,,,,,
በመጀመሪያ አንተ ነህ ነገር የማይገባህ ሲቀጥል ደግሞ ምን  አገባህ መች እንደከፈትኩት,,,,,,
አንዳንድ ጊዜ እንደመንጌ ድንገት ተነስተህ ልትሄድ እንደምትችል አስባለሁ,,,,,,
ውስጤ ያለውን ትልቅ የሀገር መውደድ ስሜት ፤ አብይ የበለጠ አነሳሳው,,,,,,
አብይ አሕመድ ትግራይ ለመርዳት ያሰበ አይመስለኝም,,,,,,
ሴትኮ ሁሉም ነገር ናት፡ ውሻ ደግም ታማኝ ነው ያሳደገውን ያውቃል ይልቅ የአንተ ነገር ገረመኝ,,,,,,
የእርሱ ብስለት ከጊዜ ወደ ጊዜ ከእድሜው ጋር እንደሚጠበቀው አብሮ የሚሄድ እየሆነልኝ አይደለም፡፡,,,,,,
አቤት አሉላ እንዴት ነው የሚያጋንነው ፡፡ ምንድነው እንዲህ የሚያናግረው,,,,,,
ለምን ሄደሽ አትፈልጊም አንቺ? የ360 የስራ ባልደረባ አይደለሽ,,,,,,
ከማይበሉ እንሰሳት ተሰርቶ የሚቀርብ ጥብስ ቢቀርብህስ ?,,,,,,
ነገሮችን በስማቸው መጥራት ለምንድነው ቅሬታ የሚፈጥረው፤ ከባድ የሆነው የቀበሌ ዋጋስ ምንድነው ;,,,,,,
አንተ ይህ ፍራሽ ይመቸኛል ይህ አልተወቸኝም ብለህ ስታማርጥ አነሱ ራሳቸውን በተፈጥሮ እና በሰው ሰራሽ ችግር ሁሌ ይባክናሉ ፤ እነርሱን መውቀስህን አቁም እስቲ,,,,,,
አንተስ የምለውን አትረዳም?   የመናገር መብቴን ተጠቅሜ እንደተናገርኩ አልገባህም,,,,,,
ምግባራቸው ስለሚናገር ነዋ ስለ እናንተ ደግሞ መፅሀፉም ስለሚል 4.,,,,,,
ይሄ በህዝብ ሲያዝ ፖሊስ ነኝ ሲል የነበረ ሌላ ጊዜ ሲቪል መስሎ አደጋ ሊያደርስ ሲንቀሳቀስ ተገኝቶ ፖሊስ ሆኖም ተገኝቷል,,,,,,
ሚዛን የሚደፋ ሀሳብ ከማያመጣ ሰው ጋር ሀሳብ ማጋራትም መመለስም ይከብዳል፡፡,,,,,,
የእኛ ቴሌቪዥን በትግራይ ክልል ስለተፈጠረው የማህበራዊ ቀውስ ምንም ሳይል ፣ በአንፃሩ ስለማዳጋስካር የረሃብ ክስተት ጥልቅ ትንታኔ  ሲሰጥ ሲታይ እንደ ሀገር ያሳዝናል ፡፡,,,,,,
አማራ ክልል ውስጥ ያሉ የመንግስት ሹሞች ችግር ያለባቸው ነው የሚመስለኝ፡፡ የፓሊስ ኮሚሽነሩ ስቲዲዮ ውስጥ  መሸለል የሚቃጣው ነወ የሚመስለው።,,,,,,
ግባና ታገላ እዛ ያለን የገበሬ ልጅ መቀለጃ ማድረግ አያስፈልግም። ጥግ ላይ ቆሞ ማውራተ ጀግና አያስብልም፡፡ ይሄ የፍቅር ክሊኒክ አይደለም ገብቶ መታገልን ይጠይቃል።,,,,,,
በምን ሂሳብ ነው ይንን የፖለቲካ ሹም አባት ብለህ የምትጠራው,,,,,,
የሰውነት ክፍሎችህ ሁሉ ከሰው የሚጠበቅ መልካም ነገሮችን እየተናገሩ አይደለም,,,,,,
አንተ ስራ ፈተህ ተገቢ ያልሆኑ ቃላቶችን ከእህቶች ጋር ትለዋወጣለህ !,,,,,,
ከፊትህ እየተጎዱ ላሉት መጀመርያ መቼ ጮህክ ? የረሳችሁን ሀሰብ ለማስፋፋት  ውስጥ ለውስጥ እንደምትሰሩ እነውቃለን,,,,,,
ኢትዮጵያን ሶሪያ የሚያደርጋት የመንግስት አገዛዝ እንጅ አሜሪካ ያላት አቋም አይደለም።,,,,,,
ጀነራል አብርሃ ወልደማርያም (ኳርተር) ህይወቱ አልፏል፡፡,,,,,,
ስዩም አለቆቹ የሚወዱትን ይወዳል፣ የሚጠሉትን ይጠላል። እሱ የሚናገረው በሙሉ አለቆቹ የነገሩትን ነው።,,,,,,
አስመረረን እኮ እግዚአብሔር ፍርዱን ይስጠው,,,,,,
ገራሚ የሆንከው አንተነህ ይልቅስ ደግሞ በጣም ሚያስቀኝ የዚህ የሚያረገው ግላቭ ነገር ነው ኮሮናን መከላከሉ ነው ፤ እራስ ወዳድ,,,,,,
ከእርሱ ጋር ተባብረሽ  በመስራትሽ  አንድ ቀን ተጠያቂ ልትሆኝ እንደምትችይ ማወቅ አለብሽ ፡፡,,,,,,
ያንን  ነገር ንቀን ትተነው ነበር፤ ኋላ ላይ ሌሎች ማንነታቸውን ቀያይረው  እና ተደራጅተው መጡ,,,,,,
የትግራይ ህዝብ የአንተ  ሆነ ያማንንም ድጋፍ አይሻም::የትግራይ ህዝብ ትግሉ ለነገ ነፃነቱ በደሙ እየፃፈ መሆኑን አትዘንጋ::,,,,,,
እንዴት ነው ይኸ ያልገባህ? ኤኒወይስ ህዝቦችም ይላል:: ምነው ሁለተኛ ሰው ነኝም አልክሳ,,,,,,
DW ሲባል ብቻ ትዝ የሚለን አለን ?? በሙሉ ሥሙ ብንጠራው ይሻላል?,,,,,,
ቤተሰብን የሚያፈርስ ጥሩ ያልሆነ ሰው ብቻ ነው።,,,,,,
አንተ  እየሰራህ ያለኸው ስራ የእነሱን ህልውና አደጋ ውስጥ የሚጥል ሆኖ ሳለ ከእነሱ ፍቅር መጠበቅ አትችልም፡፡,,,,,,
ደግነት በሌላ ሰው ወይም የወል ንብረት ላይ : ለዚያውም ሳያስፈቅዱ ትክክል አይደለም ::,,,,,,
እባክህን ይህንን ምስኪን ይቅር በለው ፣ ባለማወቅ ነው የተናገረው,,,,,,
እሱን የሚመለከታቸውን መጠየቅ ይቻላል፤ በግምት ግን አትናገር፡፡ መጀመሪያ አንተ ታገል እና ሌላው ኋላ ይደርሳል፡፡,,,,,,
የትግራይ ታቦትን እየተመኙ ፤ ህዝብና መሬቱን መርሳት ትክክል አይደለም፡፡,,,,,,
የመቋወም መብት የመናገር መብት ስራውን የማጋለጥ መብት አለምአቀፍ ህግ የሰጠኝ አነተ ምን አገባህ,,,,,,
እዚህ ቦታ እኛ ስድብን አንቀበልም  :: ማወቅ ያለብህ እኛ ለሚሰማ ለሚጠይቅ ለሚያነብ ብቻ ነው ቦታ ያለን::,,,,,,
የመልካም አስትደደር ችግር ያለባቸው እንደ አንቺ አይነቶቹ ናቸው፣ ለሰው አዘኒታ የሌላቸው,,,,,,
እሚያናድደኝ እየተሰራበትን ያለውን ድብቅ ስራ አለማወቁ ነው። ፍትህ_ለ_ዞላ ??,,,,,,
ምን ሆነህ ነው ግን? ያለ አቅምህ ሂደህ እንዲህ እስከሚያደርጉህ ድረስ? አንተንስ አንድ ፊቱን ገብተህበታል ፤ለእኛ ጭምር ተረፍክ።,,,,,,
እንዳንተ ልክ ያልሆነ ሰው አይቼ አላውቅም። ለምን አትተወንም ግን? ተጽኖ ሲያደርሱብህ የነበሩ ሰዎች አሁን የሉም ? እነሱ ከስልጣን ሲነሱ ብትችል ድንጋይ ባቀበልክ።,,,,,,
አንዳንድ ሰው ሁሉ እንደእሱ ይመስለዋል ሲገርም,,,,,,
የት ነው ያለው አሁን ይሄ ሰው? ቤተሰብስ አለው?,,,,,,
አንተ እማታስብ  መተከልን እንዲህ እንዳመስካት አትቀርም  ዋጋ ትከፍላለህ,,,,,,
ማሞ ሌላ መታወቂያው ሌላ ሰውየው ቅኔ ሲዘርፍ አንተ ደግሞ ስላልገባህ ሰሙ ላይ ሙጥኝ ትላለህ,,,,,,
አቤትትት??? የሰፈር ሰዎች ሁሉ ተማረሩ ቤታቸውን ዘግተው ምሳ ሰሩ::,,,,,,
እርስዎ እና ከፋፋይ መሪዎ ብዙም ድምፅ ሳይሰማ ይሸኛሉ,,,,,,
መንግስቱን እንደ reference/benchmark መጠቀም መቼ ነው የተጀመረው?ከተጀመረስ ለሷ ብቻ ለምን ይሰራል? ከፈለገች ለምን በደንብ አትደግፈውም,,,,,,
አንድ ነገር ልጠይቅህ አብይ አህድ ቡዙነገር ሲተነትን ቀላል የማይባል አድማጭ አለው። እንዴት ነው ግን የዚህ ሁሉ ህዝብ እልቂት እንደሰው እማያስቆጣው? ማስቆም እንኳ ባይ,,,,,,
አንተ ባለማስተዋልህ የፕሮፓጋንዳ መጠቀሚያ ሆነሀል፡፡,,,,,,
ይኸ ለመናገርም አይመችም፤ ጥቅምም የለውም፤ ክብርህን መጠበቅ ያለብህ አንተ ነህ,,,,,,
አየህ አገር መቀጠል የሚችለው በፍቅር ዕንጂ በመፎከር ህፃናት እና ሰለማውያን ኣዛውንት ላይ ጥቃት በመፈፀም አይደለም,,,,,,
እዚያው ሆነህ ኑሮህን መቀጠል ይቻላል። ሠፊ ነው ካልክ ደግሞ ሀገር ቤት ሂደህ የወትሮ ሥራህን መስራት,,,,,,
አንድ ቀን አንተም አብይም ዋጋችሁን መክፈላችሁ አይቀርም,,,,,,
እርግጠኛ ነኝ ክሊፑን ያየ ያለቅሳል ያዝናል:: ታዲያ ኢትዮጲያውያንን እንዲህ እንድንለዋወጥ የሚያደርገንና በተመሳሳይ ሰአት የእ/ብሄርም ፣ የእ/ብሄር ያልሆነውም የምናምን እስኪመስል,,,,,,
ከፍታን የሚገለፀው በስራ እንጂ በወሬ አይደለም ከተማው እንዳልነበረ እየሆነ ፣የሰው ልጅ በምታስተዳድረው ክልል ከሰው ክብር ውጭ እየተደረገ ፣ሰው ቆጥቦ የሰራው,,,,,,
አለን የሚል መልእክት ለማስተላለፍ ታስቦ ይመስላል፤ ፎቶ ተልኳል፡፡,,,,,,
አቢይን አንድ አንተ ብቻ ብትጠላው ምንም የምታመጣው ለውጥ የለም,,,,,,
ትገርማላችሁ ቀነኒሳ ሆቴል ያረፈው ሮጦ ለማምለጥ ነው ???,,,,,,
ሰላማዊ ሰው እና ንብረት ለይ አደጋ ማድራስ ነው ውለታ  የታለ አንድ ሰው  የያዛችሁት  ማውራት ምን ያደርጋል ውጤቱን ታየዋለህ,,,,,,
ይሄንንም ጭምር የሙከራ ስርጭት እናድርግብህ እንዴ,,,,,,
ብዙ አትናገር እስቲ። አንተ የሰው ንብረትን ስትጠቀም ስለቆየህ ሰው ሁሉ እንዳንተ አይምሰልህ።,,,,,,
እውቀታችን ሀገራችንን የምናገለግልበት መሳሪያ እንጂ የምንመጻደቅበት ሊሆን አይገባውም,,,,,,
የፍርድ ጊዜ አይደርስ መስሏት ትቆጣለች,,,,,,
ለትንሽ ነው ከአደጋ ያመለጥከው፤ ትርፍ ቃል መናገርም ከአንተ አይጠበቅም፡፡,,,,,,
ለስልጣንና ለገንዘብ እይታሽ ተከልሎ ጥሩ ነገር የለሽም፡፡ ጥሩ ቦታም አይኖርሽም,,,,,,
በአምንስቲ በኩል በዚህ ጊዜ ይህን ማለትህ ትክክል አይደለም,,,,,,
አሉላ እንደ አንተ ዐይነቱ  ብዙም  ለትግረዋይ ግድ የሌለው በለትደር የሚያጠላ ኢትዮጵያዊ አይደለንም የሚል ሰው  ስለ ኢትዮጵያዊው  ና ትግረዋይ ለመናገር አይችልም,,,,,,
መስሪያ ቤት ስለ ኔዮ ሊብራሊዝም መጥፎነት ስንት እንዳላስተማሩን ??,,,,,,
የሚያሳዝነው ሌላ የትግራይና የሀገራችን ትውልድ ለጥቂቶቸ ተብሎ መሞቱና አካሉን ማጣቱ ነው የሚያሳዝነው።,,,,,,
ለየዋህም አልበጀ እያሉ ላለመቀበል ይፈልጋሉ,,,,,,
ተባረክ ለትርጉሙ ማስጠንቀቂያ መሰጠቷ ተገቢ ነው  ዲና ሙፊቲህ አካባቢም ከተነካካ ሌላ ምንም አይቀርም,,,,,,
ካንተ ብዙ ባልጠብቅም ቢያንስ በሰብአዊነት ድምፅ እንኳን መሆን ባትችል ተቃውሞ አያስፈልግም,,,,,,
ጀግነነቱን እያወቅክ በተቃራኒው መግለፅህ እራስን እንደሸወድ ነው የሚቆጠርብህ,,,,,,
እውነት ጋዜጠኛ ብትሆን ለምን እንደዛተች ና ለደረገችው ነገር ይቅርታ ለምን እንዳልጠየቀች ትጠይቅ ነበር,,,,,,
የእኔ መስማት ለነገር መስሎ ታይቶሽ ነበር መሰለኝ????,,,,,,
በግልጽ እንደሚታየው እኔ የማውቀው እውቀት የጎደለው ለመሆን አልፈልግም,,,,,,