"Bueno, haz mi tarea.",,,,,,
"este hombre dijo que iba a dormir un ratito, van 3 horas",,,,,,
Me refregu√© los ojos y me acorde q la estuve re mil acariciando a esta mujer,,,,,,
Me volv√≠ a enamorar,,,,,,
"El 23 de septiembre de 2020 descubr√≠ que DMS significa demasiado, me siento frustrada.",,,,,,
los dioses nos van a castigar x estas cosas,,,,,,
Tengo que dejar de darle vueltas a la facu,,,,,,
"No puedo conciliar el sue√±o, qu√© frustraci√≥n.",,,,,,
noo como extra√±o ganar en el ludo,,,,,,
"AH PERO NO FUERA UN ATAQUE DE SAQUEOS, AH√ç ELLOS CIERRAN INMEDIATAMENTE.",,,,,,
La verdad le duele a ese tipo,,,,,,
"No s√©, son cosas insignificantes que, como siempre, me afectan aunque s√© que no deber√≠an",,,,,,
Miren este video y luego decidan qui√©nes son los verdaderos racistas.,,,,,,
loa verdaderos espa√±oles est√°n en el norte,,,,,,
q pasada macho,,,,,,
"Eso al r√©gimen le da igual,tan habladera y no pasa nada.",,,,,,
Haciendo un gran trabajo como siempre y dejando mal a la izquierda.,,,,,,
AJAJAJAJAJAJAJAJAJAJAJAJAJA QUE VERG√úENZA EL PENALTI QUE LE HAN REGALADO AL MADRID DIOS MIO!!!,,,,,,
Y ganando 4 a 1... en medio de todo esto... intento despejar la pelota con la cabeza... qu√© determinaci√≥n.,,,,,,
"Por un 2019 q, y que todo me duela menosüôèüèª",,,,,,
"No pienses eso jajajajaja que la cambien a la siguiente ciudad si quieren, no en M√°laga",,,,,,
EL CAMPE√ìN ERA WOS,,,,,,
As√≠ que c√°mbiame la cara de malgeniado,,,,,,
Que ninguna me mande nudes es otro asunto,,,,,,
No hay nadie que me afecte tanto como t√∫.,,,,,,
Me falta tener relaciones s√©riales para hacer pleno,,,,,,
"Por favor, te pido que moderes tus palabras.",,,,,,
Esa pistola con nobel me mand√≥ lejos,,,,,,
"Si subo un historia es para que me la respondas, no se c√≥mo explicarte",,,,,,
Uno para pasar los c√≥licos ay chao de aqui,,,,,,
se me ha colado el coche en la rampa m√°s heavy que he subido nunca,,,,,,
Tambi√©n me gustar√≠a casarme con Namjoon cuando lleva el pelo corto y verde. ¬°Divino!,,,,,,
"No intento cambiar a la gente pero si s√© que das m√°s , pues  para que conformarte ?",,,,,,
quien viene a ver detective pikachu conmigo,,,,,,
ellos deben de tener su merecido,,,,,,
Ni aqu√≠ ni en ning√∫n lugar,,,,,,
Va a deficar de tanto apretar,,,,,,
Me ha hecho sentir cosas,,,,,,
Que molesto ir al minor !,,,,,,
"Debido a aficionados como este individuo, se burlan de nuestro equipo",,,,,,
Sigan con sus cosas de marchas para que despu√©s le echen la culpa al gobierno de los aumentos de cocos-19,,,,,,
Nadie querr√° liderar una organizaci√≥n criminal.,,,,,,
Le pusiste sueldo de 50k a pateadores al azar con primas anuales.,,,,,,
"vamos Gil, Luana lo ver√°",,,,,,
Por esta misma raz√≥n me resisto siempre,,,,,,
"Entendido, ve llorando de una vez.",,,,,,
Otra de el mundo es resultado de problemas originario,,,,,,
Cuando se di√≥ cuenta del error que hizo,,,,,,
"Es una pandemia, no comentarios innecesarios.",,,,,,
Es una persona muy limitada en comparaci√≥n con BRANDONI...,,,,,,
"Se debe estar muy adormecido para compararlos, pero se debe estar mucho m√°s adormecido para demeritar a uno por otro.",,,,,,
"S√≠, estoy pensando en arruinar el final para todos porque fue muy decepcionante.",,,,,,
"¬°Oh, vaya! Esta no es precisamente la mejor manera de comenzar, ¬øverdad?",,,,,,
"Resultado: Como suele suceder, algunos individuos son los primeros en retirarse.",,,,,,
"Y aqu√≠ estoy yo, habl√°ndote primero otra vez.",,,,,,
Y me acuerdo del motivo por el que me bloquearon y me parto de risa.,,,,,,
"Daniel Mendoza y Gener Usuga son tan rid√≠culos, la bajeza de ellos se meterse con un ni√±o",,,,,,
"Vaya, todo muerto es bueno",,,,,,
O hacen historias de dudosa reputaci√≥n.,,,,,,
Te hubiera dado el dinero para que me trajeras una bebida a la mesa,,,,,,
"Opino lo mismo, da risa leer a los que no tienen ni idea",,,,,,
Ah√≠ si se sorprender√≠an,,,,,,
COMO DIJO ROSA PARKS UNA BUENA MILI TE HACIA FALTA A TI,,,,,,
Cada quien sabe en lo que se mete.,,,,,,
"Las cortes corruptas y ahora tambi√©n con abusos sexuales, por eso la justicia de este pa√≠s est√° hecha un desastre.",,,,,,
Si entendieran que no por salir embarazada se tienen que casar se ahorrar√≠an muchos problemas,,,,,,
"A veces nose si bloquear a Abi o hablarle para que no me escriba, me molesta",,,,,,
Ayer denunciamos a Mono Ramos y hoy lo echaron,,,,,,
3 horas seguidas dedicadas a preparar todo para la partida. Creo que podr√≠a acostumbrarme a este ritmo.,,,,,,
Quien es el Pirizz,,,,,,
La idea es salir con precaucion para reactivar la economoa que lleva meses por culpa del COVID-19,,,,,,
Asi que  como usted hay tantos que por ser socialista y de izquierda cree que no somos independientes,,,,,,
Sisi viva la patria y coso pero NO SUBAN FOTOS,,,,,,
"Orgullosos de nuestro barrio, no lo podr√©is entender üí™",,,,,,
"¬øSer√° as√≠ de nacimiento, o solamente estar√° interpretando un papel?",,,,,,
JOH tiene queganar,,,,,,
Odio m√°s a los grillos cuando estoy estresada üò≠,,,,,,
pero haz silencio - pero que me abandones,,,,,,
Que ganas de tenerte,,,,,,
Por que iba a ver yo esto si tengo mi mente tranquila,,,,,,
Gran que reflejos ten√≠a Bush,,,,,,
Primera presentaci√≥n de Tinelli que mala es,,,,,,
No vuelvo a hacer ni el mas minimo conmentario al respecto,,,,,,
"Layun tirando carro, el chiste se cuenta s√≥lo.",,,,,,
"Y en mayo m√°s, en junio m√°s, en julio m√°s.......",,,,,,
Estai viejo pa comentar esas cosas,,,,,,
Shhh hay que tener fe,,,,,,
Siempre as√≠ de malos,,,,,,
esta harta de la vida,,,,,,
Cuesta mucho estar con una persona y en segundos todo puede volverse un caos.,,,,,,
No tengo ni idea,,,,,,
Debes saber que este hombre ha firmado 8.000 sentencias de muerte.,,,,,,
Lo peor es que hay tantas personas ingenuas que le creen.,,,,,,
Entrar al metro puede ser una experiencia inc√≥moda o desagradable.,,,,,,
"Firme porque Dalito est√° solicitando asilo, quiere quedarse en USA. Ser√≠a mejor que regrese y enfrente las consecuencias.",,,,,,
"No importa nada, juro que me hab√≠a levantado a jugar y tom√≥ su peluche jajaja K√ºy√©n loco",,,,,,
muy fan de la forma de saludar de Pablo a la gente que no conoce,,,,,,
"Si se sienten mal, acu√©rdense que una vez se hizo una caravana en honor a Paul walker üòò",,,,,,
Se ven bien finas sacando $8.50 pesitos de su bolsa michael kors para pagar el pasaje del transbus.,,,,,,
No hay nadie de la oposici√≥n con la valent√≠a suficiente para presentar la denuncia.,,,,,,
Este Santiago üò°,,,,,,
"Es muy desconsiderado, ni siquiera me habla. ‚úã",,,,,,
"Copito esta insoportable, parece que sabe que es su cumplea√±os",,,,,,
"Me da igual lo que pase hoy, voy a comer un s√°ndwich y ya.",,,,,,
"Mientras tanto, el aprendiz de secretario intenta transferir la responsabilidad a la ONU.",,,,,,
casi lo dejan en covid,,,,,,
"ginobili  que valiente que es, grande manu #T√∫nez",,,,,,
Qu√© es esa ubicaci√≥n millennial que me enoja tanto.,,,,,,
"Mi guatita me est√° matando, prometo dejar de comer mal.",,,,,,
"Por qu√© no llueve ahora, YA",,,,,,
"¬ø¬°A caso pretendes llevarme la contrario, amigo!?",,,,,,
Habla como chileno,,,,,,
Ya me dio esa sed de la que haces enojar a los novios de las mujeres.,,,,,,
A ver cuando ponen la canci√≥n tusa,,,,,,
Cuando nos pinta baj√≥n inventamos lo que sea para comer,,,,,,
ni para un par de medias,,,,,,
"Tener pareja es genial; pero tener amigos, verdaderos amigos eso no se compara con nada",,,,,,
Es decepcionante que utilicen los recursos de un partido para ganar un cargo legislativo y luego lo tomen a la ligera.,,,,,,
Gracias a Dios no te re√≠ste cuando perd√≠ el quinto.,,,,,,
Llevo m√°s de un mes con los pies hinchados.,,,,,,
Tengo un quilombo en la cabeza y el coraz√≥n hecho trizas,,,,,,
"Es ir√≥nico que las Cortes, con sus propios problemas, hablen de moral.",,,,,,
Los que libr√°is hoy no dec√≠s nada ehh?? #DiaDeLaConstitucionEspanola,,,,,,
Ya puse la de Don't Want A Miss A Thing de Aeroesmith por si se acaba el mundo ahorita,,,,,,
"Sali de ah√≠ Mart√≠nez, es pasar verg√ºenza",,,,,,
Luego problema absoluto lo q mover√° en torno a ella en redes sociales por ej,,,,,,
Encontr√© la herramienta para hacer aros. Mmm... 5 favoritos y me hago uno.,,,,,,
se puede morir por falta de relaciones?,,,,,,
estoy re celosa de ustedes tres,,,,,,
"Ellas quieren enviarme por una pizza, pero no voy.",,,,,,
Estamos llevados  y gracias a Quien?,,,,,,
Expusieron sus secretos.,,,,,,
Netflix es p√©simo,,,,,,
"Como me afecta tanto esto, no deberia.",,,,,,
.. s√≥lo hablando cinco minutos puedes cambiar mi pensamiento,,,,,,
"AJAJAJ por Dios, pierde seriedad el asunto",,,,,,
Pero en el otro video usted misma dice que ellas  est√°n treinta estratos m√°s arriba.,,,,,,
La situaci√≥n era que comenc√© a coquetear con ella para ver si algo pod√≠a suceder.,,,,,,
Este sujeto es el que dec√≠a que no era muy de banderas?,,,,,,
"Eso destruy√≥ mi alma en mil pedazos, que mal.",,,,,,
Pero la gente no piensa prendiendo las plantas?,,,,,,
Ser√° que escuchara o leer√° esto para ver si hace caso y deja tanta arrogancia,,,,,,
Mala DERECHA GUARDAR EL HACHA YA Y RESPETAR M√ÅS A NUESTROS MAGN√çFICO CIUDADANOS.,,,,,,
"S√≠, siempre se copan, son unos genios.",,,,,,
En cualquier momento agarro una tijeri y me cort√≥ el cabello,,,,,,
"Pues llevo 6 y estoy harto, que no tengo.",,,,,,
No puedo creer que ama tu opini√≥n le pusieron 3 me gustas,,,,,,
Mis compa√±eros cuando quieren se ponen de modo insoportables como ninguno,,,,,,
Que yo no entiendo como podes pensar si te estas impresionado,,,,,,
"Jajajaja yo lo vi como 20 veces, es que le gusta molestarloz",,,,,,
Creo que no entiende la existencia el ahorro y romperse el lomo en el trabajo,,,,,,
no me quiero ir,,,,,,
Y un penal no fuiste capaz de meter.,,,,,,
Que mal humor tengo hoy,,,,,,
Como memolesta que tarden en contestar.,,,,,,
S√≥lo estoy aqu√≠ desvel√°ndome sin necesidad,,,,,,
Instagram no me preocupa en absoluto qui√©n est√° haciendo transmisiones en vivo. ¬øEntendido? Bueno.,,,,,,
Que problema estar√≠a teniendo de ir al clubüôÑ,,,,,,
mirad qu√© cara de tiene,,,,,,
Ahora me siento peor,,,,,,
En cualquier bar sencillo se come rico en Baires!,,,,,,
Y el papel secundario de Gordon Pinsent es una maravilla!!!!,,,,,,
"Como no encuentro Mickeys, me dedic√≥ a mirar chicas.",,,,,,
"Deje de hablar tanta cosas, que en eso si son buenos",,,,,,
swiss medical,,,,,,
Me encanta cuando la gente habla sin saber,,,,,,
Contin√∫en saliendo de fiesta irresponsablemente. Sigan pensando que esto es un juego y que son inmunes al Covid-19.,,,,,,
La Cuarentena no sirve,,,,,,
CUARTO trabajo que nos mandas en dos semanas,,,,,,
Los espa√±oles tenemos una paciencia infinita o somos avariciosos?,,,,,,
Tiene que ser una persona muy despreciable en este mundo para meterse con los ni√±os de alguien.,,,,,,
"Que mal ya es hacer ejercicio, pero bueno dios me hizo simp√°tico pero no flaco",,,,,,
te podeis ir a otro lado jajajaja #VzlaSeRespeta #LasCallesSonDelPueblo,,,,,,
"No me puedo ni levantar de la cama, q gripe tan horrible",,,,,,
Parece que el Leicester no ten√≠a otra opci√≥n m√°s que venir a Madrid. üòÇüòÇ,,,,,,
que eternas s me hacen las noches con el insomnio,,,,,,
Gracias a Dios que solo Messi juega bien en Arg,,,,,,
Quiero estar en una relaci√≥n pero tambi√©n quiero salir de fiesta. ¬øQu√© debo hacer? üòÇüíî,,,,,,
Tendr√≠a que de jar de escuchar canciones que me destrozan,,,,,,
ver a Pedro el guapo de presidente y piensan que cualquiera puede prosperar en nuestra patria,,,,,,
Las jordan 13 de Villanueva lo hicieron mal,,,,,,
A qui√©n van a salvar hoy?,,,,,,
"Con todos los cr√≠menes y la violencia que hay, ¬øvan a molestar a un chico que trabaja duro?",,,,,,
Lo siento soy consciente de lo que he soltado,,,,,,
Y ella no se desilusion√≥   c√≥mo  con M Macri?,,,,,,
Yo camino hacia alguien que demuestra que le importo.,,,,,,
hab√©is disfrutado de este sistema corrupto,,,,,,
"Acabo de darme cuenta que tengo un taller en la u, obligatorio, no quiero ir",,,,,,
"El ""yo te aviso"" es un ""No espere nada, por que no la voy a llamar ni decir nada"".",,,,,,
"Voy a escucharme mal pero es ""mis amigos y yo",,,,,,
Sufro y extra√±o a m√≠ familia no es necesario que sufra por un novio.,,,,,,
igual alta paja dsps se me parte una y m corto todas seguro,,,,,,
Fr√≠o me sacas las ganas de salir,,,,,,
"yo estoy mil horas pensando si tengo que sumar, dividir, o que cosa hacer",,,,,,
Conclusi√≥n: pura de paranormal.,,,,,,
"Es lamentable ver un grupo de hombres atacando a una mujer, pero estoy de acuerdo contigo, voy por Jos√©an de Comer√≠o.",,,,,,
"En serio NO hagas nada malo, porque ella de todo se entera",,,,,,
"Jajajajajajajaja que soy, me estoy riendo en el colectivo como desquiciada",,,,,,
"Con tal de largarme soy feliz, igual quer√≠a ir a Re√±aca :(((((",,,,,,
"No puedo llegar a ver la serie, y le cambio la contra de Netflix",,,,,,
que cosa ser al√©rgico en tiempos de COVID,,,,,,
"Por qu√© no me mandas mi carta astral en vez de ""cosas de google""?",,,,,,
Mejoremos el nivel por favor,,,,,,
Otro esperando su pagan con la que le pasa Soria no le llega,,,,,,
Trasnochar viendo pel√≠culas es mi pasi√≥n,,,,,,
Y cuando queda liquido l√°cteo pero no te da ni para un sorbo que?,,,,,,
La Camila me tiene cansada.,,,,,,
No puede ser posble que cada vez que saca un tema este incre√≠blemente buenarrrdoooo,,,,,,
Pero hay veces en la que no podes pero eso si podes,,,,,,
Y sin pasar un solo d√≠a en la c√°rcel a pesar de las miles de muertes que tiene en su historial.,,,,,,
que amigo sos eh,,,,,,
Aue coraje la vd,,,,,,
Dejen de hacer spoilers.,,,,,,
"¬øQu√© se puede esperar de alguien as√≠, aparte de problemas?",,,,,,
Se ganan todo eso y muchos no se esfuerzan lo suficiente.,,,,,,
"Pero deben reconocer su talento y habilidad, ¬°bien hecho, CR7!",,,,,,
Que caro nos sali√≥ la revoluci√≥n chavomadurista!,,,,,,
Que mal humor manejo,,,,,,
Pi√±era tiene que estar llorando por no poder ir a hablarle a Trump,,,,,,
Pero que dice el italiano,,,,,,
Mientras el juega con el helic√≥ptero.,,,,,,
Ya q no hay col√© me podes venir a ver üò°,,,,,,
Raro el se√±or ya que est√° invitando cada semana a una marcha,,,,,,
Un beso que  te gust√≥ y por el cual tu pareja te reclama constantemente.,,,,,,
"La persona que qued√≥ satisfecha, ¬°qu√© bien!",,,,,,
Pues no que en la empresa esta siguen poniendo el aire acondicionado CALIENTE con 20¬∫C en la calle tio,,,,,,
El amo de las bromas jajajaü§£ü§£,,,,,,
5 minutos estudiando y 3 horas perdiendo el tiempo,,,,,,
Despertaron al Le√≥n y no saben lo que les vienen,,,,,,
"Al fina les pondremos la alfombra roja, entre aplazamientos y esta cosa.",,,,,,
Jajajaja ven a ordenarla t√∫ que tienes m√°s capacidad,,,,,,
Carabineros ha terminado siendo una organizaci√≥n que no es compatible con la democracia.,,,,,,
"Jajaja, pens√≥ que √©ramos amigos.",,,,,,
"Entiendo, yo tambi√©n estaba bromeando hasta que vi que no era as√≠. üòÑ",,,,,,
De verdad es necesario hacer esta cola para comer en el Mc??,,,,,,
"nooo, es una mala vida, una vida de locos",,,,,,
Les tiembla a ustedes que saben porque les corre,,,,,,
Prometo tomarte la parte posterior y baja de tu cuerpo de esa manera 24/7 enviar,,,,,,
El olor a metro a las 15h me da fastidio,,,,,,
Por que descanso mas el lega si acabo antes?,,,,,,
ni actualizar mis datos puedo en afp modelo,,,,,,
Ayer hice dos andadas por el monte y me pase el d√≠a recogiendo basura de suelo,,,,,,
MIRATE QUE LINDA MI AMOR üôèüòòüáªüá™,,,,,,
O no compramos nada y mejor lo prendemos todo,,,,,,
"Jajaja, tu comentario es gracioso. Pero recuerda, la cartuchera era algo com√∫n en cada pueblo. De todas formas, te perdono.",,,,,,
Yo pens√© que estaban jugando ya... ahora reci√©n van a jugar... problemas de no entender el deporte jajaja,,,,,,
EMPIECEN A TRANSMITIR USTEDES EN VIVO DEJEN EL MIEDO TAMBIEN,,,,,,
unnnas ganas d embriagarme un rato,,,,,,
Me olvid√© de cocinar y adivinen qui√©n se acaba de quemar y no puedo sentir su dedo.,,,,,,
"El esp√≠ritu de Plasencia siempre ser√° una experiencia de liberaci√≥n de tensi√≥n... ¬°Qu√© nervios de tanda, de verdad!",,,,,,
que calor tan fuerte,,,,,,
No son buenos,,,,,,
A esas personas hay que enfrentarlas con determinaci√≥n y abordar sus puntos d√©biles de manera efectiva.,,,,,,
¬øporqu√© le molesta a mi pap√° que me levante a las 2?,,,,,,
"She-ra, temporada 4: todo se complica.",,,,,,
"Encima el pulgar, yo directamente los expulsaba",,,,,,
En ves de estar debatiendo ayudas para el peque√±o y mediano empresario estamos  el luto oficial.,,,,,,
"Los o√≠dos estaban tapados, casi muero.",,,,,,
As√≠ que juntemos plata,,,,,,
Me recomendaron leer Edgar Allan por porque soy curioso,,,,,,
Preferir no tener relaciones sexuales con cualquier persona.,,,,,,
Crush mi boca no se va a besar sola no se a que esperas,,,,,,
Te podes equivocar pero te voy a elegir a vos siempre,,,,,,
Que alguien me explique qu√© hice xq ni yo lo entiendo,,,,,,
"Un ""no me importa"" puede esconder un ""me duele""",,,,,,
"No es la m√∫sica kpop, son las armys que a mucha gente molesta",,,,,,
AHHHHHH POR ESOOO TE VAS,,,,,,
"La Corte y nada, lo mismo de siempre.",,,,,,
Me encanta la gran uni√≥n que hemos tenido todo Twitter para hacer favorita a Mar√≠a #OT18Gala4,,,,,,
"Que canci√≥n tan mala, no me gusta",,,,,,
Que tiene oculto el hermano de este ahora????,,,,,,
"Partido de los llamados dif√≠ciles, donde no se puede cometer ni el m√°s m√≠nimo error. Requiere concentraci√≥n y desgaste.",,,,,,
"#CepedaDestruyoPruebas, eso es realmente despreciable.",,,,,,
"Me acabo de acordar de que el otro d√≠a le dije ""No!""",,,,,,
Siempre me va costar entender matem√°ticas,,,,,,
Me paso de inocente,,,,,,
"PDT: Hoy todo el mundo comentando con #RepescaHugo, por favor.",,,,,,
Me hace re√≠r este Prudencio,,,,,,
y si sigo durmiendo y lo despiden en el trabajo?,,,,,,
Pero como yo estoy solo que no llueva.,,,,,,
Hoy me emborracho o que?,,,,,,
estos personajes cometieron un crimen y se rajaron,,,,,,
Tienen de CM a mr wonderful,,,,,,
no os da como rabia que gente mala tenga pareja y vosotros no?,,,,,,
Creo que empezar√© una relaci√≥n seria con la comida y me importa poco si me engordo m√°s.,,,,,,
Mi trasero se mueve solo,,,,,,
Yo de periodista hacia rato lo habr√≠a ignorado,,,,,,
"Amores bellos, si tienen algo lindo con una persona, ¬øpor qu√© insisten en da√±r todo metiendo terceros a la relaci√≥n?",,,,,,
#TN Felicitaciones al gobernador Morales por encerrar a los imprudentes.,,,,,,
Un d√≠a me tienes comiendo de tu mano y al otro me dejas,,,,,,
Bad Bunny tristemente dice que no va a salir nunca la canci√≥n con Zion y Lennox,,,,,,
"Me averg√ºenza cuando hacen comentarios as√≠, parece que est√°n atrapados en 2018.",,,,,,
Opino que Guanajuato no debe de ser tan conservador.,,,,,,
Wooooowwww premio a mejor hilo sin duda,,,,,,
#APetroLeDigo que no estoy de acuerdo con sus pol√≠ticas.,,,,,,
"Y el otro personaje se pira de casa porque s√≠, a ver que hace por la calle.",,,,,,
Igual te puedo agredir y despu√©s te rasco,,,,,,
Confirmado merezco lo peor jajaja,,,,,,
Algo le dijiste porque el no bloquea por bloquear,,,,,,
Es f√°cil culpar al gobierno y no hacer nada al respecto.,,,,,,
"Se picoooo esto, TE AMO IARUUUU",,,,,,
Por qu√© no puedo dormir con calcetines,,,,,,
Toca agarrar la circunvalar pero por los pedacitos de bajada.,,,,,,
los que no entend√©is la iron√≠a y las cosas llevadas al extremo 0 hermanus,,,,,,
Camila con celos y yo muerta de la risa porque s√∫per x ü§∑‚Äç‚ôÄÔ∏è,,,,,,
Hacia una segura coalici√≥n marchamos ¬°¬°aqui nos hundimos!,,,,,,
"Este tipo se la manda, no se si se duerme por el olor a axila o que",,,,,,
No tengo el suficiente valor para decirte que tendria sexo contigo,,,,,,
"Prefiero no recibir consejos no solicitados, gracias.",,,,,,
Porque te estamos esperando a que subas t√∫ tambi√©n,,,,,,
"Lo que indigna m√°s son los llantos falsos, las declaraciones doble cara, las amenazas furibundas... todo para que todo siga igual...",,,,,,
"Espejo P√∫blico y Susana Griso, portavoces de la extrema derecha",,,,,,
"No tiene ni idea, jaja.",,,,,,
"Ya es el d√≠a 9: Mira, t√∫. Un tipo muy inteligente que quiere sacar provecho burl√°ndose del feminismo.",,,,,,
Hay que ser bien malo para andar tirando molotov en cualquier lugar,,,,,,
Favorito si alguna vez fuiste al Western a comer pizza y terminaste embriagado :(,,,,,,
"Qu√© manera de cometer errores, amigo. üò©üëé",,,,,,
no se haga el santo con esa actitud,,,,,,
"Qu√© genial es esa serie, ¬°ARDEMadrid es incre√≠ble!",,,,,,
"¬øY qui√©n afirma que no los est√°n ayudando, joven?",,,,,,
"Entiendo, est√°s se√±alando que algunas peticiones o comparaciones no tienen sentido, como pedir que un personaje como John Constantine interprete al Pato Donald.",,,,,,
Esperemos que nadie compre nada.,,,,,,
Este hombre como sue√±a,,,,,,
QUE LINDA QUE ES NUESTRA CHOMBA,,,,,,
sisi que mal  q nosotros estemos en 40tena hace mil meses pero hay pa√≠ses q no ?,,,,,,
yo no entiendo como les puede gustar este frio,,,,,,
BBC realiza una broma √©pica.,,,,,,
estoy tan cansado que cada dia me molesta todo un poquito mas,,,,,,
se ve mal la foto perooo,,,,,,
Storm es una persona de car√°cter complicado.,,,,,,
A mi algunas veces me aprieta la entre pierna con los vaqueros ajustados.,,,,,,
Por todos nuestros compa√±eros que han renunciado con esta carrera üòîüòî,,,,,,
Che cuando sea presidente se van a arrepentir,,,,,,
"Por la m√∫sica new age que ponen los vecinos, parece que est√°n realmente en una experiencia de ayahuasca.",,,,,,
"Despu√©s de estos d√≠as te llamar√°n el Le√±ador: ""Palo que ves, palo que tumbas"".",,,,,,
Mis ganas de seguir se est√°n agotando.,,,,,,
Y acaba de defecar... DONDE NO TIENE QUE HACERLO!!!!!!!!!!,,,,,,
Estamos de acuerdo que el terere es mejor que el mate?,,,,,,
Hay que ser muy inconsistente de pedir paz si no hay justicia,,,,,,
Me baje la discografia de Jeffree Star porque me representa: fabulosa.,,,,,,
Te he respondido 2 veces,,,,,,
Tengo algo m√°s efectivo que una pata de conejo.,,,,,,
Quien me mando a hacerme este aro,,,,,,
"Tengo una intensidad al extra√±ar a candela , PK est√° lejos?",,,,,,
el chico este no tiene contacto ? luego el AT Madrid amenazas con denuncias,,,,,,
Aaaah que no me habla ella,,,,,,
"Bueno, tambi√©n puede ser porque nada enfurece m√°s a un ultranacionalista que otro nacionalismo intentando cuestionar su integridad territorial.",,,,,,
JAJAJAJAJAJ qlq valeeee,,,,,,
"Era para que fueras a comprar mandarinas a Jonathan, no para que fueras a cantar con La Cazzu.",,,,,,
Udec se demoran mucho en sus tr√°mites,,,,,,
Lo guapas que van todas hoy?????,,,,,,
"C√≥mo dice el preclaro compa√±ero An√≠bal, sencillo fan",,,,,,
La situaci√≥n se volvi√≥ tensa contigo muy r√°pido.,,,,,,
"A√∫n queda mucho por limpiar en este pa√≠s; parece que est√°n ocupando todos los espacios, incluso en las televisiones.",,,,,,
qu√© estoy haciendo con mi vida me encantaria saberlo,,,,,,
Gran zasca al bolivariano Jordi √âvole,,,,,,
"Cuando se les recuerda a la derecha conservadora lo tradicional que son, a veces alguien del partido conservador se queja.",,,,,,
Podes hablar bien?,,,,,,
Los titulares los encabezados y el primer p√°rrafo est√°n mal escritos.,,,,,,
"Este internet que funciona mal, nunca m√°s recib√≠ un mensaje tuyo.",,,,,,
"Bueno, ¬øqu√© est√° pasando aqu√≠?",,,,,,
Ese se√±or no es de Colombia,,,,,,
nunca en la vida me va a pasar,,,,,,
QUE TE DIERON DE COMER CUANDO CHICO?,,,,,,
Este individuo realmente parece aprovecharse de nuestro dinero.,,,,,,
Amy estuvo media hora para escribir este contenido.,,,,,,
C√≥mo salgamos del corona virus y luego nos mate un meteorito me voy a molestar mucho,,,,,,
Que muchas personas habitan esta aldea,,,,,,
"Por favor, abstente de seguir molestando, de lo contrario, tendr√© que informar a nuestro jefe sobre esta situaci√≥n.",,,,,,
Ganale al que no gana una copa.,,,,,,
"Siempre retrocediendo la pelota una vez pasado el medio, qu√© frustraci√≥n.",,,,,,
La cancion agua es mala,,,,,,
"La afici√≥n blanca recibe al  al grito de ""¬°√âchale ganas!""",,,,,,
lo guapa que va hoy Natalia??????,,,,,,
"Yo pensaba que Cam4 era un restaurante, ahora entiendo todo.",,,,,,
"pero que te pensas que los mato yo a los animales, o que los matan por diversi√≥n?",,,,,,
"que bueno, no voy a picar yo s√≥lo üòâ",,,,,,
Es imposible hacer un gazpacho con manzanas y huevos.,,,,,,
Herramientas de la extrema izquierda anarquista.,,,,,,
Despu√©s de eso casi prendo fuego la campera y la remera de 6to porque la verdad todo mal,,,,,,
Dejen jugar el partido,,,,,,
Ahhhhh que es el beso arcoiris,,,,,,
Nunca seas as√≠,,,,,,
"Ww, una portada sin Neymar jajajaja jajajaja",,,,,,
Yo no estar√© bien pero si no te veo bien intento hacerte sonre√≠r.,,,,,,
Nico a los 3 a√±os se meti√≥ una pila y un PAN en la nariz.,,,,,,
Che cuenten el secreto para tener motos autos y salir todos los Findes,,,,,,
Qu√© buena serie es Billions,,,,,,
Mis vacaciones de Mayo seestropearon por el Covid.,,,,,,
¬øPor qu√© les molesta tanto los que fueron apoyados econ√≥micamente y no tuvieron que trabajar?,,,,,,
malo malisimo,,,,,,
Qu√© pereza ni tengo ganas de salir ma√±ana,,,,,,
me apetece dormir en un hotel con alguien y por la ma√±ana llenarnos de comida,,,,,,
"Reiterando: los m√°s destacados, valientes y mejor preparados.",,,,,,
Pq me despierto a esta horaaaa,,,,,,
Para que echan pirotecnia üéáüôÑ si no hay nada üòí solo despertaron a Mi üò° Solo tirar dineroüí∏,,,,,,
Terminar√© borrando todo y me ir√©.,,,,,,
Se me dificulta encarar a la practica,,,,,,
No quiero contigo porque me da igual lo que me lo digas.,,,,,,
Quiere todo para ella gratis sin importarle los demas departamentos,,,,,,
Algo peor que andar contando con qui√©n te hablas?,,,,,,
Porque hay alerta roja,,,,,,
Toy tan en la m√≠a que si me vienen a molestar me les r√≠o,,,,,,
"Haber s√≠ as√≠ aprenden de historia, y dejan de alabar a las Farc",,,,,,
"¬øPodr√≠as recordar que estoy aqu√≠, por favor?",,,,,,
me voy a secar el pelo asi me lo plancho auq me de fastidio,,,,,,
Una noche me dur√≥ la serie.,,,,,,
como esta el chaval ü§¶üèª‚Äç‚ôÇÔ∏è,,,,,,
Y qui√©n es Harry potter,,,,,,
enserio estas personas puedes ser llamados polic√≠as civiles,,,,,,
"De aqu√≠ a que se d√© de nuevo, que alguien me pegue un paipe por weta",,,,,,
No me gusta andar con un secreteo,,,,,,
Llenos de droga y bandas criminales.,,,,,,
Pruebas y m√°s pruebas y no se investiga nada,,,,,,
Lindo 5to vamos a tener con el colegio en construcci√≥n todo el a√±o,,,,,,
Era el amo jajajajajajajaja,,,,,,
Lo √∫nico q quiere es tomar alcohol,,,,,,
"Parce revisen esos prejuicios, la vaina no es por ah√≠.",,,,,,
quien me mand√≥ a pasarme a abono,,,,,,
Me tienen cansado todos,,,,,,
Que celular tan malo me molesta,,,,,,
"El destino puede ser impredecible y la vida injusta, por eso debemos vivirla al m√°ximo y no desperdiciarla.",,,,,,
Lo guapa que sale todo el rato??????,,,,,,
tio deberia daros verguenza,,,,,,
Tengo un problema serio si ya desde esta hora estoy cansado de la gente,,,,,,
Gracias polic√≠a por malograrme la siesta.,,,,,,
"Iba a salir y una llanta da√±ada, un fastidio de todo hago √∫ltimamente",,,,,,
El madruga anda con sue√±o,,,,,,
Y ESPERE EL CUMPLIMIENTO DE LA ENFERMEDAD.,,,,,,
El verdadero caos comenz√≥ cuando Nito Cortizo declar√≥ que este se√±or se quedaba en Estados Unidos porque √©l era quien mandaba.,,,,,,
Como si nunca vieron la lluvia,,,,,,
Jajajaja q mente  tengo  buen d√≠a crack,,,,,,
"Gol de Alemania, TyC",,,,,,
Jajajajaj la K√ºy√©n haciendo sus necesidades en el depa DESPU√âS DE QUE LA SAQU√â A PASEAR AFUERA!!!,,,,,,
Mejor me voy a dormir porque sino har√© algo indebido,,,,,,
"T√≠pico estas personas se limpian las manos, me voy chao",,,,,,
Van a tener  que seguir convenciendo a m√°s personas,,,,,,
Por qu√© no me contestabas,,,,,,
"Has omitido la parte donde dice: ""la responsabilidad recae en los padres que las visten de manera inapropiada"".",,,,,,
Hacer da√±o a un ser vivo deber√≠a estar penado.,,,,,,
la avispa es la enojada que no come para no engordar,,,,,,
Quiero hablar contigo (en vivo),,,,,,
Jajajaja te amo,,,,,,
Uribe tiene una determinaci√≥n f√©rrea y pocos pueden igualarlo.,,,,,,
"Gir√≥n, monumento nacional (al tap√≥n que se forma desde el Palenque hasta Caneyes) a esta hora.",,,,,,
Estoy cansado de vivir sintiendo que no soy suficiente como para que a√∫n encima me lo recuerden constantemente,,,,,,
"Man, soy bastante autoexigente, qu√© fastidio.",,,,,,
que cosa no poder soltar una persona a pesar de todo lo que te hizo,,,,,,
"Con esas demandas, le estoy creyendo a esa persona cuando dice que no tiene dinero.",,,,,,
"Si esto fuera en La Pincoya, estar√≠an exigiendo castigos severos y juzgando a todos.",,,,,,
Vamos a tirarle el video a este sujeto,,,,,,
Por eso lo siguen,,,,,,
A nadie le importa quien muere por un drag√≥n,,,,,,
¬øY qui√©n es ese?.,,,,,,
"Que gente descuidada la que sigue saliendo a la calle dios, no se quieren ni un poquito",,,,,,
esaes dadme mi sobre de 125 xddddd,,,,,,
"Hoy en d√≠a, la ley de memoria hist√≥rica considera a esta v√≠ctima del Frente Popular como alguien involucrado en el golpe de Estado.",,,,,,
"Mejor amigo, hazme pollitos, ¬°por favor!",,,,,,
"Soy una persona proclive por mucho valor que tenga,",,,,,,
"Personas valientes, las mejores, las m√°s preparadas, llegan a contribuir a nuestras pensiones con determinaci√≥n.",,,,,,
"Definitivamente, para ir al centro comercial o circular por Santiago, parece que necesitas un auto viejo y oxidado.",,,,,,
Me siento preocupada por mi peso y tengo la tentaci√≥n de ir a las cenas/comidas de Navidad solo para comer y potencialmente aumentar 14 kg.,,,,,,
"Good, mute him, es un genio",,,,,,
como se nota que Mario Ferreiro est√° sin laburo.... c√≥rtenle el tw,,,,,,
Aparece cuando quiere,,,,,,
Me he quedado dormido y me he perdido el momento inc√≥modo del partido del Valencia.,,,,,,
¬øEstar√≠as con un chico trans?,,,,,,
"#DebateArg2019 #AlbertoPresidente  es ""indignante hablar de pobreza""?",,,,,,
- ¬°Ya c√°llate Pedro!,,,,,,
"As√≠ luego llegan en patera, cambian de identidad y reciben otro tipo de ayuda econ√≥mica.",,,,,,
"Esto hace falta en Paraguay, no la burla de DDHH de varios pol√≠ticos",,,,,,
Que no lo sigo y s√© quien es cada uno,,,,,,
No tenes sentimientos,,,,,,
Ahora aprenderas a callarüòò,,,,,,
Contento porque hoy se disfruta de Mantecol hasta saciarse.,,,,,,
"Se siente realmente mal, andar sufriendo por un desamor.",,,,,,
Que lindo ser de rowing!,,,,,,
En verdad es irme de chile jiji,,,,,,
Jajajajajajajajaja hasta cuando con esos videos?,,,,,,
Porque hay muchas personas poco informadas en esta red.,,,,,,
soy la √∫nica a la que no le hace gracia esto??,,,,,,
Que malos son los de nintendo y su man√≠a de no rebajar nada de los juegos que tienen a√±os ya,,,,,,
Que hacia el final el mismo le pasaba a los de mineiro jajajaj,,,,,,
Se me fue el sue√±o,,,,,,
"Que no es Abidal, que es Bartomeu, Abidal es solo una pieza m√°s.",,,,,,
√âl no tiene ni amigos. Pobret.,,,,,,
Te he hablado,,,,,,
La gente es tan mala a vecez,,,,,,
Oye que le pasa a alba en las galas :(((?!?!?!,,,,,,
El muro de la infamia,,,,,,
Yo digo que toca hacer un compartir en el hospedaje.,,,,,,
"No entiendo la gracias de este programa, est√°n sin ropa recorriendo una selva con un mont√≥n de animales venenosos",,,,,,
Un poco desinhibido y ansioso por llamar la atenci√≥n excesiva.,,,,,,
Ya vi a Vincent Janssen discutiendo con el Chupete Suazo sobre qui√©n es el mejor jugador n√∫mero 1.,,,,,,
Dios me siento muy mal puede alguien de stray kids aparecer porfa,,,,,,
"Por supuesto, la situaci√≥n actual del pa√≠s es preocupante con la gesti√≥n de estos funcionarios.",,,,,,
Caramba que partidazo de los Wolves en Anfield.,,,,,,
Quiero hacer el amor y dormirme abrazao,,,,,,
"yo sab√≠a que alguieniba a comentar esto jajaaj,",,,,,,
"Los Domingos creo que hay un chip de ""Modo baj√≥n activado""  autom√°tico",,,,,,
Si le botan a ese se√±or de verdad no aman asu ciudad,,,,,,
Era hacerlo enfadarse,,,,,,
Hoy prefieren el arbitraje manual,,,,,,
Qu√© frustraci√≥n cuando est√°s jugando al FIFA y ponen pausa para responder los msj,,,,,,
¬øPor 'Crush' te refieres a una bella dama?,,,,,,
"Llego la persona sin respeto hacia los demas, no le gusta mi forma de hablar igual que Espa√±a y los espa√±oles, que verg√ºenza",,,,,,
Me rio de ti jajajajajajjaja,,,,,,
"Con malos periodistas, con malos empleados",,,,,,
Aprende el significado de mayor√≠a parlamentaria,,,,,,
Es seguro que pase eso,,,,,,
"este chico es un personaje, confirmed.",,,,,,
"Pero conoces a este tipo, ¬øqu√© le pasa?",,,,,,
No entiendes o qu√© te pasa #hackmeseb,,,,,,
"Pues si, es horrible",,,,,,
como para no votar a Vox. 300.000 con la que se nos viene encima,,,,,,
Me cuesta creer que haya alguien igual que Dalas.,,,,,,
"He puesto  maemia, adem√°s de peque√±o, mongolo. üò≠",,,,,,
"Pagamos una barbaridad por alojar gente, mejor con unos servicios que ya quisieran nuestros mayores",,,,,,
Lo hip√≥critas que son algunos con el tema de ladder no tiene tama√±o AJAJAJ,,,,,,
"Costumbre de pa√≠ses en desarrollo que ya disfrutamos en Europa, gracias a los pol√≠ticos simpatizantes, disfruten el logro",,,,,,
Una mala persona jamas sera presi de,,,,,,
no sabes lo que dices,,,,,,
Resultado: Perder la calma por un zumo es exagerado.,,,,,,
Asumir la responsabilidad,,,,,,
Supongo que √©l estar√° llorando porque be Benzema no ha sido titular y Cristiano ha marcado,,,,,,
"El chepas acaba de solucionar el problema de la inmigraci√≥n, ahora vendr√°n los de Vox a tocar molestar...",,,,,,
Yo voy a hacer #BoikotalosGoyas viendo la gala üòÇüòÇ Que pa√≠s!!!,,,,,,
Los m√°s destacados y los m√°s valerosos.,,,,,,
"Los de ahora son un infierno pol√≠tico y social, ocasionados por pol√≠ticos",,,,,,
"Si, esa es la que os gusta a ellos Menos mal que sois cuatro gatos.",,,,,,
"S√≠, se ha mencionado que vienen los mejores y los m√°s preparados.",,,,,,
Estos chinos vinieron a arruinar mi a√±o,,,,,,
Te gustan los ni√±os?,,,,,,
deja de tirarte abajo,,,,,,
es a cuartos de final,,,,,,
"La esposa no solo constru√≠a lofts sin licencia, sino que ni siquiera ten√≠a formaci√≥n en arquitectura. Son detalles sin importancia.",,,,,,
Menudo ba√±o te est√°n dando,,,,,,
Lo que est√° claro es que t√∫ sigues siendo un operador pol√≠tico totalmente parcializado.,,,,,,
Y deportar a los ilegales es parte de las leyes. Si para ti eso es justicia medieval revisalo.,,,,,,
Ese hombre generoso seguramente est√© contribuyendo con al menos 7 u 8 pensiones. Es admirable su valent√≠a.,,,,,,
la cobertura terrorista de # Venezuela de la deriva del pa√≠s y sus medios de comunicaci√≥n es una gran preocupaci√≥n. #Conelfranquismo,,,,,,
Y encima es que eres m√≠a,,,,,,
"Hombre... a mi me tocan mi zumito y tambi√©n me enojo, hay cosas que hay que respetar.",,,,,,
"Estos ni√±os son bastante traviesos, llenos de energ√≠a y travesuras. Representan el futuro con toda su vitalidad.",,,,,,
#VivaElCineEspa√±ol porque me gusta y por patriotismo. A ver si os enter√°is,,,,,,
Qu√© zozobra previa a los recortes de personal.,,,,,,
"es que no lo eres, es decir, qu√© m√°s da ser hetero, el problema no entender las cosas",,,,,,
"ufff eso es como construir puertas l√≥gicas con legos; se puede, pero est√°s haciendo algo qu√© no tiene sentido.",,,,,,
"En una c√°rcel espa√±ola, tienen un costo, pero en su casa en Marruecos, no suponen ning√∫n gasto.",,,,,,
"Una directiva desilusiona deportivamente, unos monguers los votan para que sigan mandando, los monguers se sorprenden de que no sea un √©xito #estapasando",,,,,,
"Culpa de las mafias y lo progres que hacen efecto llamada, nos quedamos sin 57 pensiones",,,,,,
"Y lo bien que les va siendo conservadores, que no es gratis",,,,,,
La jueza archiva el problema de los fascistas a Lagarder porque no  entreg√≥ la denuncia,,,,,,
"El gobierno, deber√≠a dejar de hablar hue√°s contra toda evidencia.",,,,,,
"Los m√°s valientes. Por favor, aseg√∫rate de que avance",,,,,,
Resultado: Es sorprendente el nivel de robotizaci√≥n en el adoctrinamiento progresista.,,,,,,
"Ni caso a un tipo como √©l, es un extrema derecha",,,,,,
"Ni buen √°rbitro, ni buena Conmebol.",,,,,,
"Mano, dos veces te lo he tenio que repetir",,,,,,
Con Mockus y Fajardo hay estos pol√≠ticos,,,,,,
"No hay problema, √©l es el m√°s preparado y valiente, como lo afirmaba la abuela Carmena.",,,,,,
Cuando alguien intenta manipular de manera tan vil lo que provoca es pena.,,,,,,
"Bueno, si es as√≠, ¬øqu√© clase de gente eres.",,,,,,
Qu√© peste esta pillando la afici√≥n madridista...,,,,,,
Qui√©n es √©l y por qu√© ha soltado semejante palabra,,,,,,
"No, lo que parece de ese siglo es su asqueroso programa",,,,,,
Pero qu√© tipo de persona.,,,,,,
"Por supuesto, ten√≠an que ser los guardaespaldas de Le Pen...",,,,,,
Que algunos saqu√©is la bilis contra mi üòçüòç jajajajaja,,,,,,
Soy bioqu√≠mico y estoy trabajando para el Gobierno de Navarra...,,,,,,
"Origen patol√≥gico, ilegal resultado delicuncial usurpante y patol√≥gico",,,,,,
Y ahora me veo y sueno como un partidario de Trump.,,,,,,
Habla espa√±ol catal√°n,,,,,,
Pues s√∫bete tu a repararlo,,,,,,
¬øOfrecen alg√∫n tipo de apoyo al llegar?,,,,,,
Ve na cuando habla Mazzoleni,,,,,,
Recibi√≥ una lecci√≥n por lo que rob√≥ y robar√° en un futuro,,,,,,
a ti no catal√°n jajaja! Esta champions es vuestra y del bayer xd,,,,,,
¬øAd√≥nde fue ese Comunista?,,,,,,
"Tiene que ser fake, no me hagas bromas. Jam√°s volver√≠an a sus pa√≠ses.",,,,,,
PAMBISITOS dejen de responder a personas  como √©ste.,,,,,,
Jaja ok andate con ella chau olvidate de mi :),,,,,,
Conclusi√≥n: Er Benny fue un tipo rudo que ayud√≥ a Trump.,,,,,,
Est√° claro que su lobby est√° bien organizado üëø  üëø,,,,,,
Jajaja..  Que simpatico.. Te vamos a votar a ti,,,,,,
"Y, como siempre, las personas sin educaci√≥n dicen groser√≠as, son las que se oponen a este gran gobierno respetable.",,,,,,
@ promosquevienen no se vayan de viaje de egresados con upgrade xq son la peor que hay:)),,,,,,
A algunas personas les gusta el afeitado en seco.,,,,,,
"No hay problema, al bajar dice que tiene 14 a√±os y a disfrutar la vida.",,,,,,
ya sabes que la TOP FURCIA de Eugenia SILVA estuvo jugando al APOCALIPSIS..con l ex_marido..,,,,,,
La persona de FC. ¬øCon el PP no se pod√≠a abortar?,,,,,,
JAJAJAJAJJA wow que bueno JAJAJAJAJAJA,,,,,,
"Ser√≠a genial que alg√∫n compa√±ero se ofreciera a llevarlos de forma gratuita, para que el precio no sea un impedimento para nadie.",,,,,,
"Los sinverg√ºenzas est√°n empezando ... No seas irrespetuoso, rumana ...",,,,,,
"pin pon , todos los rojos en sus ejercicio",,,,,,
"No entiendo por qu√© no establecen varias l√≠neas de ferry, podr√≠an ganar 2500 euros por cada uno y llenarlos.",,,,,,
"Y lo dice uno que se est√° forrando en la ""democr√°tica"" Catar, para el parn√© no tiene problemas democr√°ticos",,,,,,
"ha habido 6, no 5, 6.... !!!!!!!!!",,,,,,
"Vamos, ¬øqui√©n es Juan Sebasti√°n?",,,,,,
Creo que deber√≠an hacer algo con este pa√≠s.,,,,,,
"Es preferible seguir las indicaciones de Soros que adoptar posturas similares a VOX, que es considerado un aliado de Vladimir Putin.",,,,,,
"Pero qu√© es, extra√±a tensi√≥n entre Jaime y Brandon.  #Game of Thrones  #JaimeLannister",,,,,,
"Resultado: Tienen valent√≠a, pero buscan que otros les brinden la vida. ¬øNo es un tanto contradictorio?",,,,,,
Aqu√≠ lo recibimos con los brazos abiertos y le proporcionamos un apoyo econ√≥mico de por vida,,,,,,
Un caracol inv√°lido es m√°s r√°pido que esta internet,,,,,,
Dios mi madre est√° mal en serio.,,,,,,
Hay alguien silbando en mi calle todo el tiempo.,,,,,,
"Solo la fe, el dogmatismo y falta del sentido com√∫n te pueden hacer votar a un elemento como este #SanchezVeteATuCasa",,,,,,
This. Que mala respuesta,,,,,,
Tantos les cuesta entender,,,,,,
SALVEMOS A ESE ANIMAL DE LAS GARRAS  YA,,,,,,
"eso se elige, no es natural",,,,,,
Esto es pura supervivencia. ¬øMe pones en riesgo? Ser√° mejor que no lo hagas.,,,,,,
Nos mete gol Paco alcacer,,,,,,
Luego si empiezan a aparecer los cad√°veres alguien se echara las manos a la cabeza,,,,,,
Ojal√° no salga por ah√≠ alg√∫n juez de esos pendientes de joder todo a poner su demanda,,,,,,
"Lo qu√© es curioso es que todos los qu√© lleven bandera podemita demuestra cadecer de razonamiento, con nota",,,,,,
Yo quer√≠a estar listisima para lo que se viene.,,,,,,
"Te quisiste Imponer una mala organizaci√≥n üëàNo Pudiste, La reuni√≥n va  En la OEA.",,,,,,
"Los mejores, los m√°s valientes y preparados",,,,,,
"As√≠ act√∫a la propaganda de la izquierda, como cualquier dictadura",,,,,,
Que pena esta econom√≠a tan d√©bil,,,,,,
"Lo siento, qu√© mala √©lite",,,,,,
¬°Este es mi Trump! üá∫üá∏Que los Giligoi y los pelirrojos del s√≥lido veinte vean este horror.,,,,,,
"Se considera ahora que ser liberal es poco com√∫n? Me parece que hay un contraste entre tus opiniones y acciones, amigo",,,,,,
Celebrando mas feliz una victoria del Barsa que una del Sevilla... No me representa como sevillista,,,,,,
Deber√≠a darte verg√ºenza ofender las creencias de otras persona.,,,,,,
Empiezo a sospechar que los traperos quieren competir con los youtubers para ver que grupo es el peor.,,,,,,
Segurola siempre ha sido as√≠ desde el minuto 1,,,,,,
menudos fachas xDDDDDDDDD,,,,,,
"Israelitas, chinos, moros,... as√≠ estaba el Bernab√©u ese d√≠a, que daba entre pena y asco.",,,,,,
Miren la saga de 50 sombras de Grey.. casi todo eran lectoras... le encanta,,,,,,
Me confirman por aqu√≠ que mi padre est√° loco.,,,,,,
"Para los de izquierdas del noreste espa√±ol, Cristina Pardo tambi√©n es de extrema derecha",,,,,,
"enserio, esta sobrevaloradisimo este actor.",,,,,,
Es que hay una gran variedad de zumos.,,,,,,
"Lee hombre, lee. Deja de dar pena.",,,,,,
que frustraci√≥n .,,,,,,
"T√≥melo con calma, ya que debe ser un analista deportivo, no un comediante, aunque a veces puede parecer lo contrario.",,,,,,
Ya te respond√≠,,,,,,
Rojos est√°n subvencionando con 40 millones algo tan innecesario como la cultura #BoicotAlosGoya,,,,,,
Me juegas al reto o c√≥mo va la cosa,,,,,,
"Otro d√≠a malo, en √©ste mes malo, de √©ste a√±o malo",,,,,,
Trump provocando,,,,,,
"Basta ya. Est√°is agotando a la Afici√≥n, lo √∫nico digno que queda en el club.",,,,,,
¬øA qu√© hora cargan el enlace a #HTGAWM?,,,,,,
"Vox aboga por poner fin a la inmigraci√≥n ilegal asociada con delitos, pero eso es todo.",,,,,,
Dejen de molestar a mi amiga,,,,,,
solo son 4?,,,,,,
"Queremos m√°s inmigrantes, S√°nchez trae m√°s!",,,,,,
Siguen estando ah√≠ y recibiendo subvenci√≥nes,,,,,,
"Que mala justificaci√≥n ,mejor no te defiendas",,,,,,
"normal que no sepas de futbol, ‚Äã‚Äãeres periodista.... üòã",,,,,,
"S√≥lo me hacen enojar, no debemos nada a Centroam√©rica ni los invasores para regalarles dinero.",,,,,,
Fuentes del gobierno indican que se debe aumentar el volumen para animar a m√°s personas a intentarlo.,,,,,,
"Y los mejores, y los m√°s valientes. La dixit",,,,,,
Los Reyes Magos JAJAJAJAJAJAJAJAJAJAJAJAJA  #TierradeNadie10,,,,,,
¬øC√≥mo puede ser ella un √≠cono feminista?,,,,,,
"A los machistas no les da miedo el feminismo, (muy machos ellos). Simplemente lo desprecian",,,,,,
No s√© que esperan para cerrar eso,,,,,,
Por que los de Facebook tuvieron que hacer otra app para poder contestar mensajes,,,,,,
"No acerques tus cosas a mis cosas, por favor",,,,,,
Gobierno ineficiente,,,,,,
hombre malo,,,,,,
En el fondo me alegro por Emery.,,,,,,
"Solo llegan los mejores, los m√°s valientes.",,,,,,
Dale la vuelta a la camiseta y tienes el 6 del 6-1 de la REMONTADA!!!,,,,,,
¬øa que sigues los pasos del poeta?,,,,,,
ABC promociona el fracking.,,,,,,
No no no est√© 2020 se anda pasando,,,,,,
"Ah√≠ est√°s, protegiendo a tus hijos. A los m√°s destacados. ¬øCu√°ntos tienes en casa?",,,,,,
Jueves con j,,,,,,
Lo que esta claro es que hay menos ladrones,,,,,,
jaja eso es mejor que ser comunista,,,,,,
Ya me han venido las 4 de turno a molestarme,,,,,,
Cuidado con estas personas,,,,,,
esos individuos huelen el miedo,,,,,,
Parece que tienes un cargador escaso de argumentos.,,,,,,
"Muy ateos que sois pero bien que os gustar√≠a ser dios, eh? Es un poco hip√≥crita.",,,,,,
Ahora este hombre en RTVE #lahoraespinosadelosmonteros,,,,,,
"#CeseDefinitivoCPCCS  su salida del CPCCS va hacer mas r√°pido que su nombramiento,",,,,,,
"si hablas de expulsar a alguien de el pais, porque omites la nacionalidad",,,,,,
"El t√©rmino correcto es ""personas de tono crema"".",,,,,,
A su vez que no es lo mismo ser cristiano que catolico.,,,,,,
As√≠ que ahora la mafia ofrece viajes de ida y vuelta.,,,,,,
A Emery se la devuelven por no see normal. PLANTEA A LA PROXIMA UN BUEN PARTIDO,,,,,,
Entonces podr√≠a trabajar como carnicero para cubrir las pensiones.,,,,,,
ESPA√ëA un partido de derecha CORRUPTO que gobierna con el 30% en Espa√±a no entiende por qu√© Catalu√±a quiere la Independencia y la Rep√∫blica.,,,,,,
"unos vecinos del primero son comunistas, les he dejado 6 entradas en el buz√≥n",,,,,,
"Y a m√≠ qu√© me importa lo que t√∫ ""notes""?",,,,,,
"ma√±ana salgo para ir a trabajar,  cosa que tu no sabes lo que es...",,,,,,
Yo soy as√≠,,,,,,
Para vos y todos los de Fox,,,,,,
"Que traigan otro cargamento, necesitamos m√°s contribuyentes para asegurar las pensiones; son una inversi√≥n de futuro.",,,,,,
Tu tambi√©n Matt Reeves y tus ideas,,,,,,
Esa gente crey√©ndose los reyes de la f√≠sica.,,,,,,
"Como la quimioterapia, nos hace da√±o, pero si aguantamos lo suficiente, podemos vencer al c√°ncer.",,,,,,
"Bueno, me recuerda tus diversas lesiones graves y me enfado.",,,,,,
No soporto a Dani Rovira,,,,,,
Son periodistas o qu√© a√∫n estando en catal√°n ponen franquismo,,,,,,
"Ya ven√≠s en manada a quejaros, anda a tomarte una mandarina.",,,,,,
Apurarse. La memoria hist√≥rica de Carmena cambiar√° su nombre por otro nombre podemita.,,,,,,
Antes me como un Whopper porque decir algo de √©l,,,,,,
No te sale bien el catalan prueba en franc√©s,,,,,,
¬øVan a seguir con el mismo tema de los comediantes?,,,,,,
"Es importante respetar su cultura. Un saludo desde Ronda, M√°laga.",,,,,,
La √∫ltima payasada de EA es tremenda.,,,,,,
Hay que ser inconciente para robar un zumo en alta mar,,,,,,
Cuanta apariencia en una menci√≥n voy a vomitar,,,,,,
"Mientras tanto, la gente trabaja arduamente para vivir en espacios muy reducidos.",,,,,,
qu√© bonito es ver a fachas rabiar dios,,,,,,
Que malo el que public√≥ la foto de los finalistas de master chefüò°üòÇüòÇ,,,,,,
"Est√°n viniendo personas con talento de diversos or√≠genes para contribuir al progreso del pa√≠s, sin duda alguna.",,,,,,
Aqu√≠ ten√©is una canci√≥n para todos y cada uno de los PP... You de Lily Allen,,,,,,
"Los pol√≠ticos toleran todo lo que no les afecta directamente, basta con observar a Iglesias y su gran casa.",,,,,,
"Que terrible gente dios, que busquen el significado de hembrismo y de feminismo y luego hablan",,,,,,
Quien te querria besar a ti,,,,,,
porque no ten√©is a un loco por entrenador.,,,,,,
Es peor que los 1.200 que a√∫n est√°n por venir,,,,,,
Estaba tan bien durmiendo hasta q vino roco a despertarme üòí,,,,,,
ya comenc√© con la depresi√≥n,,,,,,
Llegado a este punto es igual con tal de olvidarnos del PP y su estado,,,,,,
Excepto si lo envenenan con cosas,,,,,,
Nunca esper√© escuchar eso de una mujer.,,,,,,
Lo personal es pol√≠tico pero eso no significa que haya que ir a una manifestaci√≥n que convoque a sindicatos.,,,,,,
"Tienes un problema y no quieres ver. 
Cada uno que arregle los problemas de su casa, aqu√≠ ya tenemos bastantes.",,,,,,
E si non eres un periodista decente deber√≠as cambiar de profesi√≥n.,,,,,,
"Lo considero aceptable, siempre y cuando cada uno deje varias pensiones pagadas antes de regresar a su pa√≠s.",,,,,,
Esta noche manda mi primo,,,,,,
"Maruenda, este que dice ser Catal√°n solo cuando pretende hacer da√±o a todos los catalanes, llama...",,,,,,
Esperando reacciones de que podemos,,,,,,
"Los halagos y buenos modales siempre hacen bien, menos a los izquierdas de la cultura del odio.",,,,,,
"Yo no me har√≠a nunca un twitter, eso est√° lleno de rojos.",,,,,,
"Que el gobierno lo gestione y obtenga beneficios, es decir, que aprovechen la oportunidad.",,,,,,
Jajajajaja qu√© vas a eclipse t√∫ y el otro xd,,,,,,
"Periodismo justificando esto !""",,,,,,
Qu√© analog√≠a confusa,,,,,,
No se puede tener peor gusto dise√±ando camisetas pa una pe√±a  Que verg√ºenza.,,,,,,
"Si la izquierda no hubiera hecho tanto da√±o a Chile, probablemente las cosas habr√≠an sido mejores.",,,,,,
algunos se desgastan por llegar a Paguitalandia,,,,,,
nada puede salvar a este pa√≠s,,,,,,
Te das cuenta qu√© ridiculous se han puesto a soltar espumajaros.,,,,,,
Por mucho que intentes ser del Madrid nunca dejaras de ser un sudamericano xd,,,,,,
La mitad catalana independentista sigue crey√©ndose sus mentiras,,,,,,
Habla espa√±ol,,,,,,
"los Salesianos de San Francisco de Sales, Los Marianistas y los vecinos del San Cirano nos ablandaron en exceso.",,,,,,
Este mal wifi boliviano,,,,,,
"Lo que Cuba est√° haciendo, como siempre, es propaganda para que gente como N√∫√±ez repita.",,,,,,
ps rachel la traici√≥n no se perdona,,,,,,
"Gummy, cuando te comportas de manera inapropiada, te vuelves una molestia.",,,,,,
Este es el de Aida?,,,,,,
Pues mucho no entiendo pq llamarlo asi cuando la palabra no es ofensiva,,,,,,
"Son los mejores. Paguita, alquiler y seguridad social ya.",,,,,,
La √∫nica soluci√≥n es irse de este pa√≠s.,,,,,,
Y adem√°s te apellidas Castillo.,,,,,,
Los mejores los m√°s preparados para realizar el trabajo,,,,,,
el Partido Socialista de Andaluc√≠a no son honrados,,,,,,
: #Modelpodemos ser comunistas y vencer a Espa√±a  # LaHoraAzulPP278,,,,,,
"F√≠jate, todo tiene su lado bueno.",,,,,,
Esto para ti:,,,,,,
Los centros de menores no tutelados pueden presentar desaf√≠os en la prevenci√≥n del comportamiento delictivo.,,,,,,
Sigue existiendo mucha cosas en Espa√±a que limpiar y no solo en lo politico.,,,,,,
Son tradiciones que merecen ser respetados,,,,,,
Tengan los que tengan ellos igual lo nuestro sigue lamentable,,,,,,
"Han quedado los √∫ltimos   ""Gran mayor√≠a""",,,,,,
Vengan a silenciarme ya ver√°n cu√°nto me preocupo,,,,,,
"Realmente fue un acto her√≥ico de quien se bebi√≥ el zumo. De no haberlo hecho, es probable que esa persona estuviera vendiendo corbatas en los bares",,,,,,
"te lo llama hasta tu cu√±ado. pero tranquilo, ¬øquien no tiene a una persona de capacidades diferentes en la familia?",,,,,,
"Pero, prefieres a Charlotte antes que Lana.",,,,,,
No te acerques que me tiznas le dijo la sarten al cazo...,,,,,,
No se juega con el zumo.,,,,,,
"No busqueis mas, aqui esta quien faltaba",,,,,,
Cada grupo tiene sus propias tradiciones y es importante respetarlas,,,,,,
"todos vestidos de alta costura espa√±ola o extranjera como la burguesa verdad,‚Ä¶",,,,,,
La patada JAJAJAJAJA üòÇüòÇüòÇüòÇ,,,,,,
üö®üö® Los okupas causan graves disturbios en Santiago y el alcalde 'podemita' les respalda ‚û°Ô∏è,,,,,,
"Lagarder ya era una mala persona, solo que hoy quiere que quede patente.",,,,,,
"S√≠, pero suelen liberarlo despu√©s de media hora. Alguien que recurre a eso solo aprende de una manera.",,,,,,
T√∫ no eres refinado no confundas t√©rminos,,,,,,
"La democracia espa√±ola y la libre interpretaci√≥n de sus leyes en manos de dictadores. 6D, nada que celebrar.",,,,,,
"Es impresionante ver a los ingenieros, doctores y otros expertos que llegan a nuestro pa√≠s.",,,,,,
estoy harto de los comunistas,,,,,,
Asumen tu g√©nero por tu apariencia f√≠sica.,,,,,,
Prensa deportiva saliendo en defensa de un ultraderechista,,,,,,
Me asusta ver a la derecha pidiendo #BoicotALosGoya M√°s incultura seguir√° formando gente de derechas como ellos... ‚ûïCine ‚ûñToros #Espa√±ist√°n,,,,,,
te has equivocado de captura,,,,,,
"El d√≠a en que desaparezcan todos los extremistas, podr√© vivir en paz...",,,,,,
"Ll√©venlos a prisi√≥n y, despu√©s de cumplir la condena, procedan con su deportaci√≥n a su pa√≠s.",,,,,,
"Le dispara 16 veces y le grita ""No te muevas"", que individuo",,,,,,
vete a un cajero,,,,,,
Es posible que fuera de pera-pi√±a. Es el √∫nico por el que har√≠a algo as√≠.,,,,,,
Estoy totalmente de acuerdo con el diputado que no les permitir√° regresar a Bogot√°.,,,,,,
Estas elecciones les van a venir de perlas a los  de VOX.,,,,,,
En la casa de Aliaga los tendr√≠an que poner,,,,,,
"Y este hombre extra√±o, ¬øqui√©n es?",,,,,,
Otro espa√±olazo coaccionando al pueblo catal√°n secesionista.,,,,,,
Expulsado #Guillermo,,,,,,
Pero el calentamiento global son COSAS DE HIPPIES,,,,,,
imagina y todo fue por entrar con una maleta en un museo.,,,,,,
Los okupas causan graves disturbios en santiago y el alcalde podemita les respalda,,,,,,
"No a los politicos, nunca mas.",,,,,,
ya esta luis enrique arruinandome apuestas sin poner a suarez,,,,,,
"Mejores Autopistas?, Ese G√≥mez d√≥nde vive?, Seguro es un sure√±ito Petrista üòïü§ò",,,,,,
Espero que lo lleven a la c√°rcel por sus acciones inapropiadas.,,,,,,
La derecha sale a dar una vuelta por Barcelona. Via,,,,,,
Debes ser un comerciante costero.,,,,,,
que man rayao el mercedes,,,,,,
Blocs y a otra cosa No le des publicidad,,,,,,
Tanto que hablan de Pinochet y los gringos y estos son iguales o peores.,,,,,,
Lo tratar√©  como trat√≥ a varios de mis compa√±eros,,,,,,
Un Catalan a clasificado al Bar√ßa,,,,,,
Porque usted es un hombre de bien y con valores. Esos otros no lo son,,,,,,
Me gustar√≠a saber qu√© har√≠as si te sucediera a ti. A veces pareces muy persuasivo en tus argumentos.,,,,,,
El Open Arms no los avist√≥.,,,,,,
"Veo el tweet y digo ""mira un personaje"" pero veo los reply y no, son unos cuantos m√°s.",,,,,,
Hay personas que entienden que Hamilton no es el mejor a mediados de 2020.,,,,,,
"En Espa√±a, contamos con un Gobierno PSOE-UP, as√≠ que simplemente estamos experimentando las consecuencias de lo votado.",,,,,,
No pod√≠a esperar a llegar a tierra para comenzar a trabajar.,,,,,,
Su respuesta afirma que no cree que el catal√°n deba ser una lengua obligatoria para ser comprendido.,,,,,,
"Es lamentable que esta persona sea partidaria del fascismo, el machismo y muestre un desprecio hacia Catalu√±a.",,,,,,
Ghostt  se nota a la legua que eres t√∫ el ... ‚Äî Mira como llora,,,,,,
"Cada vez, la situaci√≥n del pa√≠s est√° en mala",,,,,,
Y el drama con el guiri  de seamus en eurovision super living,,,,,,
"Que alguien intervenga para detenerlo, a√∫in tiene pnesiones pendientes por pagar",,,,,,
Encima te pones de maleducado con ella,,,,,,
"Ahora pides asilo pol√≠tico HDP, ahora las oficialistas pidiendo asilo que tal.",,,,,,
"Aqu√≠ Piatti que no met√≠a un gol y en el Espa√±ol, lleva ya unos cuantos",,,,,,
No he le√≠do a una sola mujer quejarse de twitt,,,,,,
"Jajajajaja turco, cu√±ado e espa√±ol madrem√≠a.... PLENOOOO",,,,,,
"Lo positivo es que ya lo tenemos aqu√≠ y debemos asegurarnos de mantenerlo en la c√°rcel, muchas gracias",,,,,,
- Porque se que es la √∫nica forma que me visiten todos los fines de semana.,,,,,,
Daniel has muerto o algo no te veo twittear,,,,,,
La historia reconocer√° que fue el m√°s inepto e hijo  presidente de la historia,,,,,,
"En Espa√±a tienen m√°s derechos que los espa√±oles, esto lo aportan Ebrard y L√≥pez.",,,,,,
Pero que est√°s hablando,,,,,,
Al guadalquivir primo sigue haciendo comentarios ofensivos por internet,,,,,,
Supongo que el presidente le dara asilo en la Moncloa,,,,,,
El  #obispo de #Cordoba recomienda rezar m√°s en vacaciones .  v√≠a,,,,,,
"Y los dem√°s actuando como si estuvieran afectados, cuando en realidad no dudar√≠an en hacer lo mismo",,,,,,
Ahora tampoco respetar√©is la democracia????,,,,,,
#YoSoyAnonymousUE basta de absurda represi√≥n victimista por parte del Estado,,,,,,
"No podemos estar seguros, podr√≠an haber venido de peque√±os. Si es el caso, considerar la expulsi√≥n.",,,,,,
"Ser√≠a apropiado proporcionar alguna ayuda econ√≥mica a ese hombre, parece estar dispuesto a integrarse y aceptar nuestras reglas y costumbres.",,,,,,
Siempre son los mismos individuos desagradables; ¬øpor qu√© ser√° que siempre votan negativo en este tipo de noticias?,,,,,,
"Ah, porque esta hija va y viene. Hacen algo anormal, se apagan y se encienden.",,,,,,
como estar√° el pais para que no quieran estar,,,,,,
En muchas ocasiones en sus c√°rceles sobornan a personas y viven con lujos.,,,,,,
Los gallegos viejos en gran parte son franquistas entre j√≥venes ya hay mucha m√°s dignidad,,,,,,
"gobierno, no ayudan pero como estorban HDSPM.",,,,,,
En el 2013 salas ya se sab√≠a que era m√°s lento,,,,,,
Entonces Neymar se queja... valiente y extra√±o.,,,,,,
Los canis del 2000 y posteriores son a√∫n m√°s malos que los anteriores.,,,,,,
HERNANO YO QUIERO DORMIR TAMBIEN.,,,,,,
Aqu√≠ ustedes tambi√©n tienen responsabilidad en el asunto.,,,,,,
"No salgo m√°s, que mala noche",,,,,,
JAJAJAJAJAJA  *Se crea un Twitter y la sigue poniendo problema,,,,,,
"A aquellos que defienden a Garnero sin importarles nada, que se vayan con √©l de una vez. Gracias.",,,,,,
"Cuando no,   en contra del ej√©rcito nacional.",,,,,,
La Corte est√° llena de gente mala,,,,,,
"Si pudimos mandar a Cantora a la sobrinisima, podemos mandar a  la brilli a su casa!!",,,,,,
Que tedioso tener que hacer mi corpi√±o tambien no?,,,,,,
Y se me colocaron unas personas politicas.,,,,,,
Con 25 minutos nonsakvas lo mal que jugaste en todo el torneo,,,,,,
Tanto problema por las entradas y fue muy mala la egresado del CAI,,,,,,
"Viene a trabajar como cualquier otro, se nota.",,,,,,
Me molesta que a estas alturas haya negocios que no acepten pago con tarjeta..,,,,,,
Ahora sustituye a Nuria por Anabel y NADIE QUIERE A ANABEL,,,,,,
Primero los que deben responder son ustedes,,,,,,
Ocupamos un defensa agerrido y de valor,,,,,,
Es decepcionante ver c√≥mo este noticiero se al√≠a con los mismos partidos de siempre y no brinda oportunidades a nuevas alternativas.,,,,,,
"Jugamos mal. Holgado tuvo una oportunidad clara pero la desaprovech√≥, el resto del equipo tambi√©n jug√≥ mal, ya perdimos.",,,,,,
Ojal√° hubiera m√°s argumentos para discutir con esa persona.,,,,,,
¬øD√≥nde estar√° Daniel Ortega?ü§î,,,,,,
"Ese momento inc√≥modo cuando crees que est√°s comenzando una conversaci√≥n en Grindr, pero te dicen que ya han tenido relaciones sexuales",,,,,,
Me agrada que la gente venga bien preparada y educada en las tradiciones m√°s cl√°sicas y refinadas.,,,,,,
"Nicol√°s Burdisso, eres incompetente, trae un refuerzo como la gente o deja de hablar",,,,,,
Uruuayos ya les tocara venir a Chile!,,,,,,
Claramente te sentaste arriba de la torta porque el pelo te lo cortaron muy mal jsksjsksjs,,,,,,
Unas malas personas que se creen con el derecho de dar c√°tedra a su gusto.,,,,,,
"Uff, realmente me cuesta tolerar a los hombres, con suerte me caer√°n bien.",,,,,,
Jam√°s superar√© su risa enserio vivo enamorada JAJAJAJAJA,,,,,,
rivivio el √°rbitro con el penalti a su√°rez,,,,,,
cada vez que veo la corrida del pity hac√≠a la gloria eterna lloro mucho,,,,,,
gente dejen de molestar si me ba√±o todos los d√≠as no entienden el sarcasmo acaso,,,,,,
Lo r√°pido que todo se desvirtu√≥.,,,,,,
Que mal es no sentirse c√≥modo en ning√∫n lugar üòÇ,,,,,,
Me apetece la de dios comerme la boca  con alguien,,,,,,
C√°llate anda a te√±irte bien el pelo,,,,,,
"Al darse cuenta de lo que pasaba y quien era, baj√≥ el brazo que sosten√≠a la pistola.‚Äî Pero... ¬øqu√© pasa?",,,,,,
Me iba a traer un objeto nazi y al final no pudo un amigo,,,,,,
"El instrumento de aprendizaje m√°s ""efectivo"" que hay es el fracaso",,,,,,
Yo de √©l dejabaal Real y buscaba equipo,,,,,,
se me fue el filtro a la nada,,,,,,
Todo parece indicar que todo me saldr√° mal hoy,,,,,,
Hoy tengo prueba de trabajo,,,,,,
Yo no soy el hazme re√≠r de nadie,,,,,,
No eso no alcanza todos los d√≠as,,,,,,
"esta gente se cree que ser t√≥xico es cool, no, no es cool",,,,,,
"hace dos semanas q me voy a dormir todos los d√≠as llorando, no me canso",,,,,,
¬°Pues ya est√° todo claro! La culpa es nuestra por haberles fallado de nuevo !,,,,,,
Eso muestra lo malo que es Petro.,,,,,,
En cualquier momento Venezuela podr√≠a enfrentar una crisis.,,,,,,
Ella sabe c√≥mo dejar que este enojada jajajajajajaj,,,,,,
Miro a mi novia y digo‚Äùque hice para merecer una persona tan buena y hermosa como vos?‚Äù,,,,,,
"Amonestaci√≥n para Van Dijk, entrega el bal√≥n y choca con el tobillo del jugador de menor estatura.",,,,,,
Escucha es incre√≠ble la cantidad de dinero que les han tra√≠do los reyes,,,,,,
¬øC√≥mo es posible que no haya viadil en esta casa?,,,,,,
"Si, ser√© esa amiga y la t√≠a buena",,,,,,
no tengo pruebas k sino,,,,,,
Estoy harto de Suso hasta el mismo l√≠mite.,,,,,,
No me canso de mandar a todos los grupos mi tema,,,,,,
"No quiero perder el tiempo pero vi a varias chicas hablando de algo, ¬øpodr√≠an decirme qu√© pasa?",,,,,,
Se que sari tiene ganas de Winston fihs,,,,,,
"Mart√≠n es muy ingenuo, como las palomas... el chico inocente. #Los80",,,,,,
"Nadie me va a recibir, ya me imagino durmiendo con fr√≠o en el banco de una plaza",,,,,,
Y cu√°ndo va este individuo a la c√°rcel.,,,,,,
"Esa persona nunca va a contestar, qu√© molesto.",,,,,,
"Si no quiere entender, entonces realmente no est√° siendo muy inteligente.",,,,,,
¬øQui√©n los manda a meterse en esa situaci√≥n?,,,,,,
¬°Hay mucha gente aqu√≠ pidiendo que se les reembolse!,,,,,,
"Hoy o ma√±ana saldr√© (y causar√© molestias como es debido, por supuesto).",,,,,,
Hay que probarlo todo en la vida,,,,,,
Que falta ni que nada,,,,,,
"No se si comer, ir al ba√±o, dormir o ir a misa, me siento tan confundido",,,,,,
"üëèüèºüëèüèº Gracias a ustedes, el pa√≠s va por mal camino",,,,,,
Entonces anda y come un pancho cobra o un lomito de terraterra,,,,,,
¬øQu√© tiene que ver el feminismo con los nazis?,,,,,,
La verdad que necesitaba desahogarme te juro que no me cae bien ese se√±or,,,,,,
"Si la ebau son gacelas nosotros somos leones, venga a por ellos",,,,,,
"Es una v√≠ctima, como dir√≠a Elisa Beni.",,,,,,
Gran Tyrone Lannister sabe dar izquierdazos.,,,,,,
Es demasiado temprano para hablar sin sentido.,,,,,,
Decir mentiras ofende a la gente.,,,,,,
Porque de eso nada que responde y se hace el que no sabe,,,,,,
Para que se les ponga fin a las acciones de los perpetradores de violencia dentro de las FARC.,,,,,,
"La clase estubo buena pero s√∫per corta a mi parecer, si consideramos que es flclore y tiene un background brutal",,,,,,
Hoy practicamos esa patada que barre por abajo y pensaba: en el Mortal Kombat era m√°s f√°cil.,,,,,,
Me retirar√© a satisfacerme y luego dormir√©.,,,,,,
"Es decir, las cortes son la parte m√°s deficiente de la institucionalidad en el pa√≠s.",,,,,,
"Que triste, de la persona que menos lo esperaba, me traicion√≥",,,,,,
"Confirmada la derrota entonces, que man√≠a de a todo partido importante llamarlo ""final""",,,,,,
"adi√≥s al orgullo, le voy a hablar  -Buenos d√≠as, vecino",,,,,,
Es m√°s f√°cil ganarse el baloto que conseguir un  sitp en menos de 35 min.,,,,,,
"D√©jala ah√≠ amiga, siempre es lo mismo, no importa todo lo que digan",,,,,,
"Qu√≠tate la camisa y s√©cate las l√°grimas con ella. Agradece estar presenciando historia pura, te guste o no.",,,,,,
As√≠ que no intente lavarse las manos por los antecedentes de su padre.,,,,,,
porque sale en netflix se enteraron que tacumb√∫  es un kilombo pio?,,,,,,
fue sin querer üíîüíî perd√≥n jeje,,,,,,
Los mejores y m√°s valientes.,,,,,,
Por qu√© ponen solo videos hablando Koala y M√≠riam?,,,,,,
"Puede no ES un enga√±o, no podemos creer en este dictador comunista.",,,,,,
"Extra√±o a mi equipo, extra√±o los martes y jueves de reirnos y tomar mate",,,,,,
OKUPAS en el gobierno.,,,,,,
"Es un conflicto entre el enfoque positivo y la compasi√≥n por los inmigrantes, frente a la preocupaci√≥n por una chica atacada sexualmente.",,,,,,
No soporta la gente hom√≥foba,,,,,,
Nunca sean as√≠  de malos,,,,,,
C√≥mo me alegro de la remontada por todos los madridistas y por el miarma de Emery!!,,,,,,
"Si controlan mucho porque son dictadores, si no controlan est√°n haciendo cosas mal",,,,,,
"Potencialmente S√°nchez es el que m√°s da√±o puede hacer, primer persona que llega a ser presidente en Espa√±a.",,,,,,
"Le tiene que estar pasando algo, pero, como se dice, este es la nueva manera de hacer periodismo.",,,,,,
Jajajajaja que Martin,,,,,,
D√≥nde est√° el venezolano,,,,,,
"# Lista de invasiones, persecuciones y expulsiones: # ANC contra diputados `""",,,,,,
Por encima de la libertad de expresi√≥n est√° la libertad de permanecer en silencio para no decir cosas sin sentido,,,,,,
Ya me hab√≠a dado cuenta que ve√≠a menos personas de origen magreb√≠,,,,,,
"Desde qu√© los nacionalsocialistas falsificaron billets en los campos, este es el peor ataque a la econom√≠a de un pais",,,,,,
Estas personas de la oposici√≥n venezolana y sus c√≥mplices en Espa√±a tienen la suerte de que no somos como ellos.,,,,,,
Qu√© mala red social,,,,,,
Cogiendo el testigo de su colegaRoncero. Vaya paga que tienes,,,,,,
¬øEsto va para la casa de qu√© pol√≠tico?,,,,,,
"Hable como Hernandez, ya sabemos que podes hablar mal de ese canal. ¬øSeguridad?",,,,,,
Voy a leer el art√≠culo para obtener m√°s informaci√≥n.,,,,,,
"Vaya, el miembro de VOX que se siente identificado.",,,,,,
Disney se est√° riendo de ustedes,,,,,,
"Resultado: Acogemos a personas amables en nuestro pa√≠s, quienes aportan lo mejor de su cultura.",,,,,,
"admite el PARTIDAZO como todos los madridistas, no que por rabia digais que ha sido robo",,,,,,
"Yo lo se, los mismos que estan acabando con la Civilizaci√≥n en la Tierra",,,,,,
en tu estado es posible,,,,,,
"Ser√° puerta abierta ,no?",,,,,,
"6 a√±os ha tardado en mostrarse el personaje m√°s grande, bravo üëè",,,,,,
ya ves adem√°s a los polic√≠as que tendr√° esa en el whatsapp‚Ä¶ como para creerse algo.,,,,,,
"Son nuestros j√≥venes, aunque uno tenga 41 a√±os.",,,,,,
"En catal√°n se escribe Espanya. Para d√°rselas usted de ser periodista, no tieene usted  idea de escribir.",,,,,,
"Si eso fuera cierto, el gobierno les proporcionar√≠a ayuda econ√≥mica para evitar problemas financieros.",,,,,,
"A saber cuantos recibieron dinero y sin hacer una mala pel√≠cula siquiera.""",,,,,,
"No s√© si alg√∫n cat√≥lico me seguir√°, si es as√≠, lamento que tengas tanta experiencia.",,,,,,
Cosas que me regala mi encargado dici√©ndome que es el minion de las BOLLERAS:,,,,,,
"Sin duda, en los pr√≥ximos meses se solucionar√° con un correo electr√≥nico, si es que no reciben la informaci√≥n.",,,,,,
"Por favor, que Pedro llegue pronto, porque para m√≠ esto est√° tomando una eternidad",,,,,,
por desgracia a√∫n no entregan Goyas,,,,,,
"Lo que usted llama pol√≠tico no es un pol√≠tico, es un profesional‚Äù.",,,,,,
Responde ahora,,,,,,
No es necesario especificar la nacionalidad o etnia al referirse a una ni√±a.,,,,,,
"Ese tio no ev un delincuente, es su cultura mayormente esta admitido",,,,,,
Y se vuelve a Par√≠s con dos palmos de narice,,,,,,
no soy del Celta.Ves como no entiendes,,,,,,
"Si ese individuo de origen magreb√≠ hubiera estado en su pa√≠s, podr√≠amos haber evitado ese incidente.",,,,,,
Quien est√° RT esto?,,,,,,
Lo que eres no est√° bien y punto.,,,,,,
"hay que echarlos pero ya.O los politicos hacen algo o la gente tendra que ""actuar",,,,,,