यहीं बोलेंगे या कुछ करवाई भी करेंगे इन बुरे लोगों के ऊपर,,,,,,
कुछ बेकार लोग अखबार पढ कर देश छोडने की बात करते है़ं,,,,,,
इस को पहले अरेस्ट करके कड़ी कार्रवाई करनी चाहिए ,,,,,,
बाकी सब लोग तो बेकार का काम करने के लिए पैदा  हुए है .,,,,,,
लेकिन मैं कहना चाहूँगा इन सभी से तुम कुछ भी कर ले तेरी अजेंडा तेरे पे ही डाल के छोड़ेंगे।,,,,,,
मोदी जी बेवकूफ है जो जल संरक्षण के पीछे लगे हुए हैं ?,,,,,,
ये एक दिन पूरा बर्बाद ही कर देंगे ,,,,,,
बुमराह के बाहर जाने के बाद मेरे दोनों हाथों पे बहुत दबाव है पर मैं देश नही झुकने देगा,,,,,,
बाकी देश भर में जो तमाशा मचाया जाएगा वो अलग।,,,,,,
अगर नुकसान नही है तो फिर तुम रोना क्यों रो रहे हो ?,,,,,,
"केजरीवाल को भाड़ में डालो, वो तो है ही बुरा इंसान ",,,,,,
ओर चलाओ तेज गाड़ी,,,,,,
मेरे मन में शंका उठ रही है की तू क्षत्रिय घराने से हो ही नहीं सकता,,,,,,
"सुन, फैमिली को दोबारा बीच में लाया तो बुरी तरह मारते हुए ले कर आऊंगा",,,,,,
सभी को अच्छे से समझाइए,,,,,,
बहुत मुश्किल हुई थी क्रिकेटर की रन मारने में,,,,,,
कन्हैया कुमार की गलती की वजह से सिंधिया हारे शत्रुघ्न खामोश हुए और केजरीवाल पर भी असर हुआ ।,,,,,,
कुछ लोग हैं जो विपक्ष में पहले भी कुछ भी बोलते रहते थे .. ,,,,,,
भक्त बनो पर अंधभक्त नहीं,,,,,,
ये तीन पीढ़ी से कश्मीर में राजा की तरह शाषन कर रहे है,,,,,,
बुरे लोग बुराई  दिखाते ही है,,,,,,
ये पक्षपात मीडिया खासतोर पर एक एंकर अंजना ओम कश्यप  हैं पक्षपाती,,,,,,
बुरे आदमी जिसे फिल्म अच्छी नही लगी उसे तू गाली देगा?,,,,,,
शांतिदूतों ने उसके साथ जो किया वो नहीं दिखा तुझे ?,,,,,,
विपक्ष का काम ही है कि वो सरकार को जगाए..,,,,,,
"बूम बूम बुमराह, कर दिया मोसदिक को गुमराह",,,,,,
अब की बार थोड़ा भी बर्दाश्त नहीं करेंगे!,,,,,,
मुसलमान-हिन्दू आतंकवादी होते हैं ऐसा बोलने वालों का बहिष्कार करो..,,,,,,
"एक यादव एक क्रिश्चियन को बीच मैदान में जबर्दस्ती झुका रहा है, क्यों?",,,,,,
बुरे नेताओं का कोई मज़हब नही होता!,,,,,,
भाग आंधी आई.' समझे,,,,,,
अब तो सच बोल दे,,,,,,
"जो लोग ये कह रहे है कि एयर स्ट्राइक सेना ने किया मोदीजी ने नही,",,,,,,
तो क्या नींबू पानी और क्या रसना,,,,,,
न्यूज कि हेडलाइन बनाने वाले अच्छे लोग नहीं है ,,,,,,
पूरी दुनिया परेशान है,,,,,,
तू तो एक विधायक बनने के लायक नहीं है ...,,,,,,
हद तो तब हो जाती हैं जब आरक्षण का लाभ लेने वाले लोग ही आरक्षण के खिलाफ बोलने लग जाते हैं |,,,,,,
कुछ लोग सिर्फ बुरा भला सुनने के लिए ही पैदा होते हैं,,,,,,
यहां चादर और अपनी राजनीति लपेट लो   हर जगह राजनीति,,,,,,
राजीव त्यागी जी ने क्या खूब कहा था | पक्षपाती बिका हुआ ,,,,,,
"वह यहाँ आके बोल रहा दे दूँगा,दे दूँगा",,,,,,
बहन बेटी की हिफ़ाज़त नहीं करेंगे और फ़िर बेटी बढ़ाओ-बेटी बचाओ का नारा लगाएंगे।,,,,,,
तू सिर्फ रोटी का ही भूखा है क्या  ????,,,,,,
अगर दिल्ली पुलिस उन पर कार्यवाही किया तो उनका मन और बढ़ जाएगा।,,,,,,
जायरा वसीम को लेके जो तमाशा कर रही है,,,,,,
इस बुरे आदमी पर  पंजाब में कारवाई करो |,,,,,,
प्रशासन कब तक चेतावनी देगा उसको.. ??,,,,,,
यह क्या जाने राजा भोज के बारे में?,,,,,,
तुम जैसे को देशद्रोही की बात करनी ही नहीं चाहिए ।,,,,,,
जिस बेवकूफ को अग्नि परीक्षा देना पड़ा,,,,,,
इसमें तुम कहां से आ गए ?,,,,,,
उसके मां और बाप मरे कैसे?? अब जबाब दो,,,,,,
भारत के पक्षपात मीडिया का वहिष्कार करे,,,,,,
कुछ दोस्त ऐसे भी होते है।।,,,,,,
वह अभी बोल रहा था एक महिना हुआ है,,,,,,
बुरे लोग जब भी कुछ बोलेंगे तो बुरा ही बोलेंगे !,,,,,,
बन्दर ने पेड़ की डाली पर दो गुलाटी मारी और मादा सम्भोग के लिए तैयार हो गयी।,,,,,,
मर जाना ही अच्छा है तेरे हस्बैंड का ,,,,,,
मै भी कहेता हूं अबे ये क्या है ?,,,,,,
बेकार का तमाशा करने वालों कहां हो ?,,,,,,
तुम्हारा गुरुर हम तोड़ देंगे ,,,,,,
अरे वाह एक बुरा आदमी दूसरे बुरे आदमी. को बधाई दे रहा है,,,,,,
पादरी बलात्कार का आरोपित  होने के बाद भी तुझसे अपना स्वागत करवा रहा था?,,,,,,
पक्षपाती क्यों करती है ? तुझे हम सुधार देंगे!,,,,,,
तुम्हें अधिकार नहीं है भारत के मामले पर तुम कुछ भी बेकार बोलो ,,,,,,
"धर्म विशेष मत बोलो प्लीज़ भाई, खुल के बोलो|",,,,,,
बाकी का मीडिया बिका हुआ है। बिकाऊ मीडिया।,,,,,,
इतने बेकार लोग भरे पड़े हैं फिल्म इंडस्ट्री में,,,,,,
सच में ये बुरे इंसान हैं भारतीय सेना का अपमान करते समय शर्म  ना आया ,,,,,,
तुम बुरे लोग साधु के नाम पे कलंक हो तुम लोग ,,,,,,
"जडेजा की फिरकी, बांग्लादेश समझ ना पाई  ",,,,,,
वही या बुरी औरत है ,,,,,,
शर्म आनी चाहिए आप लोगों को ये देश वीर जवानों का है. इन नेताओं का नहीं,,,,,,
क्योंकि उसने तुझे बुलाना छोड़ दिया है ना चापलूसी करवाने के लिए ,,,,,,
जानते है जैसे ही तेजस्वी के पास पावर आयेगा चतुर्वेदी पहले से ही चापलूसी करना शुरु कर देगा ।,,,,,,
थमता नहीं है सिलसिला बुरे कामो का    क्या सो गया है ज़मीर नेता और सरकारों का ,,,,,,
अब सेना कदम उठाये और ऐसे बुरे लोगों को ठिकाने लगाए,,,,,,
जब तक हम शांत है ना तब तक अच्छे है,,,,,,
"खाने को रोटी नही, पिने को नही पानी। और ये चला, हिंदुस्थानीयो को सिखाने जुबानी ।।",,,,,,
इस बेकार आदमी को बाहर कर दे ||,,,,,,
अब कहा गया इस देश का बेकार कानून हद हो गयी,,,,,,
जैसे ही यह बुरे लोग ज्यादा हल्ला मचाए तो इन्हीं को चुप कर डालें ,,,,,,
चुप कर रोज रोज अपने राज खुलवाने वाली बुरी औरत ,,,,,,
अच्छा सबक सिखाओ उसे तभी कुछ होगा ,,,,,,
इसका खुद का वीडियो ट्विटर पे है महिला पुलिस के साथ बतमीजी करते हुए,,,,,,
फ्लिपकार्ट मेरा पैसा कब मिलेगा ? जल्दी बता,,,,,,
आपके फूफा सांसद विधायक को रिश्वत देते थे ,,,,,,
बिकी हुई मीडिया को बेकार के काम पर लगा देते है ?,,,,,,
पक्षपाती मीडिया का ऐतिहासिक पक्षपात ।,,,,,,
तुझे अब शरारती तत्व दिखने लगे ,,,,,,
जिस दिन बर्दाश्त की हद पार हुई ना कोई कोर्ट होगा ना कोई कानून बस एक्शन लिया जाएगा |,,,,,,
आजादी में कोई कमी तो नहीं रही बे...,,,,,,
"सब तेरे जैसे बेकार नहीं हैं , गेंहू की कटाई चल रही है, आजा तू भी गेंहू काटने।",,,,,,
तब कहा छिपकर बैठा था तू ?,,,,,,
लेकिन ट्विटर पर बकवास बातें मत करो |,,,,,,
"ये वोट और नोट के लिए किसी भी हद तक गिर सकता है,",,,,,,
ये ही है बुरी औरत ।,,,,,,
इन लोगो को पता है की पक्षपात मीडिया कूछ नही कहेगा।,,,,,,
क्यू इतना राहुल गांधी की झूठी तारीफ करते हो ?,,,,,,
दुष्ट जिस थाली मे खाते हो उसी मे छेद करते हो,,,,,,
तुम भीख मांगने मे हमेशा आगे क्यों रहते हो ?,,,,,,
तुम तो सीएम हो अपने लोगो को ख़ुश करने के लिए रिपोर्ट बदलवा दो,,,,,,
"नौकरियां तो बाद में, सही सलामत रहेंगे तो मजदुरी करके कमा सकेंगे |",,,,,,
तुम निकलो यहाँ से,,,,,,
वो चापलूस रूबीका तुम्हें याद कर रही थी उससे बात कर लेना ओके,,,,,,
क्या गुलाम कोई बेकार के काम में व्यस्त रहता है?,,,,,,
अच्छे से बोल रहा हूँ तो तुम्हारा मूड खराब हो रहा है,,,,,,
आखिरकार अपनी बेकार सोच को आपने परिलक्षित कर ही दिया।,,,,,,
अब सेंचरी बनाना मुश्किल हो गया है...,,,,,,
इंग्लिश फैन्स सिर्फ ताली मारने को बैठै रहते हैं।,,,,,,
लो जी बेकार आदमी आ गया ।|,,,,,,
अगली बार CD बना तो लाइटिंग अच्छी लगाना !,,,,,,
तो भी होश नहीं है? बेकार काम कर निकल अब यहां से।,,,,,,
बेटा घुंगरू मुँह क्यों फुलाया है किसी ने तुम्हें बुरी तरह शांत कर दिया है क्या ?,,,,,,
फ़टी न तेरी ? बेकार आदमी ,,,,,,
तुम्हारा काम क्या रे,,,,,,
बेगूसराय से कन्हैया कुमार <number> लाख वोटों से हार चुका हैं! मुन्ना ज़ुल्म इसको कहते हैं !!,,,,,,
ऐसी कार्रवाई करो इस पर कि दोबारा ऐसी हरकत करने से पहले सोचे।,,,,,,
विनोद  शांत है अब नहीं उछल रहा,,,,,,
तू महौल ख़राब की बात करेगा,,,,,,
अब वो ओवेसी कहाँ चला गया।,,,,,,
"चुप हो जा बेकार इंसान, मैच तू देख, तुझे जरूरत है,",,,,,,
आतिशी को गाली देने वाले बेकार लोग,,,,,,
आप बढे आगे हम इन बुरे पत्रकारों को संभालते हैं |,,,,,,
अपनी ट्रेनों को भी कभी चेक कर लिया करो ।।ट्रेनों के ऊपर बुरे लोगों के लिए गाली लिखते है |,,,,,,
बेटा जिस पर तू चिल्ला रहा है ,,,,,,
तो इस पक्षपाती पत्रकार को पता नही होता,,,,,,
गुजरात के IPS संजीव भट्ट को क़त्ल करने के लिए उम्र केद...!!,,,,,,
मोदी क्या तेरा फूफा है ?,,,,,,
उसके होंठ और बाल बहुत अच्छे हैं ,,,,,,
गलत काम अब भी कर रहा है या छोड़ दिया ?,,,,,,
भारत मे बहोत तकलिफ है?,,,,,,
भाजपा फर्जी मुद्दों को उठाकर देश को विपरीत दिशा में ले जा रही है,,,,,,
तेरी लड़की पहले से ही जाहिल है।,,,,,,
इस भूषण का अपहरण कर के इसके उस जगह मिर्ची भरे जहाँ से ये.,,,,,,
तू अपना बुरा ज्ञान अपने पास रख,,,,,,
दोनों बुरे हो और तू लालची भी है पैसों का ,,,,,,
अबे बुरी औरत चुपचाप भाग |,,,,,,
इस के बारे में तो कहा जाता था कि बालाकोट एयर स्ट्राइक में मारा गया था फिर जिंदा कैसे है यह ,,,,,,
"अंधभक्तों की बुरी हरकत, ये चाहते ही नहीं देश में शांति",,,,,,
कौन बना रहा है ऐसे मीम. आधे घंटे से हँस रहा हूँ.,,,,,,
अबे तुझे डिटेल्स पता ही नही है,,,,,,
बांग्लादेश देश हार गई लेकिन पाकिस्तान को हारना चाहिए था ||,,,,,,
तुम तो मार खाते ही रहते हो,,,,,,
ये बेकार इंसान चुडिया पहन कर बैठ गया है |,,,,,,
क्षेत्र में ऐसी घटनाएं हो तो अंजाम अच्छा नहीं होगा ,,,,,,
ये तो एजेंडा चलता है | उसकी बीवी भी वही एजन्डा चला रही है।,,,,,,
सड़को पे उतरना  जायज़ है?,,,,,,
सबको अपना व्यवहार दिख रही है बुरी औरत ,,,,,,
न्यूज़ चलाते हो तब क्या अपनी मर्यादा भूल जाते हो ?,,,,,,
बुरे लोगों ने दना दन सब कुछ बिगाड़ दिया |,,,,,,
सब ढोंगी बुद्धिजीवी सड़क पर उतरकर हंगामा कर रहे,,,,,,
ये वही बुरा आदमी है जिसने उसको जीते जी मार डाला ||,,,,,,
हम लोगो ने जिताया अब उसके नाम पे सबका विकास कर रहे हो|,,,,,,
सबके सब अब शांत हो गए अब कोई भी आवाज नहीं उठा रहा !|,,,,,,
वह हर समय बेकार का ही काम करती रहती है |,,,,,,
शोएब अख्तर एक उभरती टीम का मजाक उड़ाते हुए,,,,,,
यह भी अच्छा आदमी नहीं है जो खुद उस संग बस में घूमता है,,,,,,
"जो बच्चे ,महिला ,ओर बुजुर्ग पर हाथ चलता है वो बुरे इंसान हैं",,,,,,
नहीं खा रहा है तो भूखे छोड़ दो...,,,,,,
अगर पता नही लगे तो बता देना अड्रेस तेरे घर पर डाक से भेज दूंगा,,,,,,
यह तो बताओ क्यूँ हुआ ?,,,,,,
जैसे भी हो पर काम पड़ने पर हमेशा आगे रहते हैं दोस्त,,,,,,
"राह चलते पागल बनते हैं दोस्त, कुछ भी बातें बना के दारु पिलाते हैं दोस्त,",,,,,,
तुम वो रईस हो जो गरीबों के माल कहीं और लुटा रहे हो।,,,,,,
उन बुरे लोगों पर भी मुक़दमा होना चाहिए ।,,,,,,
"सुन, अगर गलत को गलत मान रहे हो तो मर्यादित भाषा में टिप्पणी करो।",,,,,,
"तुमको मल्टी-बिलियन डॉलर का इंडस्ट्रियल पॉल्यूशन नही दिख रहा, पेसिफिक गार्बेज पैच  नही दिख रहा ?",,,,,,
यह पार्टी किसी बिल के पास करवाने के समर्थन मैं नही दिखती,,,,,,
जिसके कारण आज तुम्हारी जैसी घटिया आदमी फिर बोल रही है ,,,,,,
नीतू का बाप गुस्सा उठा ओर बोला रिश्ता हम नीतू बिटिया का लाए है उसकी माँ कमला का नहि ...,,,,,,
इन लोगों को नारा नहीं सुनाई दे रहा है...,,,,,,
अभी भी सोशल मीडिया पर नौटंकी कर रहे हैं ,,,,,,
बहुत बुरे लोग देखे पर तेरा जैसा नहीं देखा।,,,,,,
थप्पड़ नहि जूता पड़ा है उसे बुरे आदमी को ,,,,,,
तेरा स्तर नहीं दूसरों के बारे में कुछ भी बोलने का,,,,,,
थोड़ा सा तो शर्म कर,,,,,,
ये सब इंसानों का व्यवहार जानवरों जैसा है ,,,,,,
भाई साइंस कभी पढ़े हो??,,,,,,
कितनी भी कोशिश कर लो आप सुधार नहीं सकते || आपके लिए इतना ही कहना चाहेंगे,,,,,,
ये लोग सपोर्ट करने वाले है ??,,,,,,
लड़कियों को देखने के नज़रिया सबका अलग-अलग होता है ,,,,,,
तो सारे बुरे लोग इकट्ठा हो गये वो मना करता रह गया मैने नही कहा,,,,,,
तेरी तरह किसी की चापलूसी नहीं करते हैं हम ,,,,,,
ये सोच जो एक जानवर से भी प्यार करता है वो इंसानो के लिए कितना अच्छा सोचता होगा,,,,,,
बदनाम कर रहा है ये बुरा आदमी,,,,,,
इस ने तब राज्यसभा में कुछ नही बोला ,,,,,,
सब बुरे प्रवक्ता ट्वीट और डिबेट चालू कर देते है। ,,,,,,
धोनी के लास्ट बाल पे सिक्स मारते ही पागलों की तरह चिल्ला रहे थे || देखो इनको,,,,,,
"जिसको बुरा कह कर सत्ता पाये, आज उसी की मदद के लिए इतना बेचैन |",,,,,,
तुम लोग पागल हो गए हो तुम्हारे अंदर दिमाग नहीं है,,,,,,
ये लाइफ ओके चेंनल वाले सावधान इंडिया का नाम बदलकर लड़की का चक्कर मौत से टक्कर क्यों नहीं रख लेते |,,,,,,
देश में परेशानी है और तुम और लूट ही जा रहे,,,,,,
तुम लोगों को अब भी अक़्ल नही आ रही है क्या ?,,,,,,
ये आर्टिकल 15 देखने मे व्यस्त है,,,,,,
अपना नाम भी ठीक नहीं लिख सकते,,,,,,
"सबसे ज्यादा गन्दगी फैलाते है, जानवरों से बद्तर",,,,,,
तुम कभी तो गलत का विरोध करा करो,,,,,,
परेशानी हो रही हैं बात बिगड़ने वाले कुछ बुरे लोगों को |,,,,,,
ऐसे ही सभी जगह बेइज्जत होते रहते हो ?,,,,,,
"सुन, तुझे अच्छा सबक सिखाया है और सिखते रहेंगे ।।",,,,,,
चापलूस मीडिया किसी एक के पक्ष में न्यूज़ बताना स्टार्ट कर देती है ,,,,,,
गाली बकना पाप है,,,,,,
तुम भी चढ़ जा और नहीं दे तो जबरदस्ती छीन लो ।,,,,,,
मुंह में दहीं जम जायेगा। वह बोलेगा तक नहीं,,,,,,
"बुरे इंसान, भक्ति दर्शन पढ़ लेना ||",,,,,,
ये कौन सा फरमान है ???,,,,,,
जभी तू इतनी  नफरत करता है,,,,,,
पाकिस्तान को हरा चुके है आज बांग्लादेश की बारी है।,,,,,,
आज जिसको देखो ज्ञान देने आ जाता है बे,,,,,,
"बहुत बुरे आदमी हो यार आप, , कन्फर्म हो गया",,,,,,
"बिहार का भी ये नज़ारा देख लेना, यहाँ भी शतक लग गया है बच्चो की लाशों का ",,,,,,
ओ। मेरे से ज्यादा बोला तो तुम्हें अच्छे से चुप करा दूंगा समझा ना,,,,,,
"हालत तो बहुत ज़्यादा ख़राब है,",,,,,,
इस को कोई नहीं पूछता आज कल ? एकदम बेकार इंसान है ,,,,,,
वरना कुछ भी बेकार खाओ |,,,,,,
अपनी टीम को खेलना नही आता और हमे गुरु ज्ञान दे रहा है।,,,,,,
दिल्ली का मालिक पूरी सरकार चलाने का ढोंग कर सकता है |,,,,,,
झोपड़ियाँ वालो को IPhone और विमान की टिकट कौन देता है |,,,,,,
ये  काम अगर उसने किया होता तो तुम फालतू का तमाशा खड़ा कर देते ।,,,,,,
ये गुलाबी पैंट कौन पहनता है बे,,,,,,
आत्महत्या की तैयारी कर रहा है ?,,,,,,
ये सब कुछ जाँच के लिये हो रहा है या चुनाव जीतने के लिये ?,,,,,,
अब पत्रकार की इज्जत नहीं की जा रही है  ।,,,,,,
अपनी फोटो तो असली रख,,,,,,
ठीक तो है ऐसे लोग से दूर रहे तो ज्यादा अच्छा है,,,,,,
तुम जहां से आये वहां चले जाओ,,,,,,
अनुभव तू तो बेकार फिल्म में दिखाया है बेकरी ??,,,,,,
ममता बनर्जी ने लोकतंत्र के उल्लंघन करने वालों को आइना दिखा दिया है |,,,,,,
कितना खराब आदमी है तू ,,,,,,
क्यो ये घटनाये तुम लोगो को ना दिखती क्या ?,,,,,,
बीच मै मता ला..समझी बुरी औरत ,,,,,,
लगता है तुम्हारी पैदाइश ही गलत तरीके से हुई है |,,,,,,
क्यो ग्रीन कलर चाहिये था क्या तुझे..,,,,,,
तो एक बहुत बुरा आदमी है ।,,,,,,
तुम लोग दस जनपथ के पक्षपाती हो,,,,,,
इस को बड़ा भाईचारा नज़र आ रहा है,,,,,,
तुम जिस थाली में खाते उसी में छेद करते।,,,,,,
ये तो कुछ और ही बता रहा है जनाब ठेकेदार जी,,,,,,
क्या कोई बात सकता है वह ठीक है ??,,,,,,
सियासत कौन कर रहा है ?,,,,,,
हो गया न्याय? यही होता है जब एक एक्टर नेता बनकर लोगों का कोई काम नहीं करता है |,,,,,,
उच्च पदो में बैठकर शोषन अन्याय अत्याचार करने वाले लोग बेकार ही ज्यादेतर होंगे,,,,,,
इतनी धोखेबाजी लाते कहा से हो ?!,,,,,,
एक बेकार आदमी दूसरों को दिल्ली से दूर ले जा रहा है..,,,,,,
खुद अपमानित होकर घूम रहा है ||,,,,,,
फिर भी कुछ घटिया पत्रकार बेकार का तमाशा क्यों करते है ?,,,,,,
"नाम लिख दे, डर क्यों रहा है |",,,,,,
अपने मैच जीत लेते तो इतनी परेशानी ना होती तुम लोगों को,,,,,,
"उसको मार के भगा दिया था, तब किधर थे तुम ,",,,,,,
अब तक किसी और ने यही किया होता तो बेकार का तमाशा कर दिया होता। ,,,,,,
गलती से कोई नॉन ब्राह्मण किसी मंदिर का पुजारी बन जाये ||,,,,,,
निर्दोष लोगों को मारने वाला तुम्हारा कौन लगता है ?,,,,,,
हिम्मत नहीं है पैदल चलने की बातें फेंक रहा है बड़ी-बड़ी ,,,,,,
हर बात में भाजपा को बीच में क्यूं ले आता है,,,,,,
देखो इसपर भी तो कुछ बोलो,,,,,,
अरै ओ बेकार आदमी कैसे हो ?,,,,,,
तो फिर ऐसे बुरे काम क्यू करते हो,,,,,,
अगर आप BJP वाले नही है तो आजाद देश मे बिना आजादी के जिओ।,,,,,,
चाँदनी चौक से प्रधानमंत्री आफिस कितना दूर है ?,,,,,,
बुरे लोग आतंकवाद भी करे और दुसरो को बदनाम भी .,,,,,,
किसकी चापलूसी करके आए हो ?,,,,,,
हमे लाइफ में जो करना है हम वो करेंगे तुम अपना देखो,,,,,,
कुछ बेकार लोग कहेते है की सरकार की वजा से बेरोजगार बैठे है,,,,,,
"तुम कुछ भी कर रहे हो , एक चोर के लिये इतना रो रहे हो",,,,,,
अगर तेरी टीम 8 मे 1 मैच हारी होती ना तोह तू ये स्पोर्ट्समैनशिप नही देख रहा होता।,,,,,,
न्यूज चैनलो से अनुरोध है की इस बुरे आदमी की पुरी कविता दिखाई जाये।,,,,,,
इनसे क्यों लड़ोगे लोगे तुम लोग ? उससे लड़ो जिसने तुमको अपशब्द बोला ।,,,,,,
कभी वो बेकार मीडिया यह नहीं पूछेगा,,,,,,
दुनिया में कुछ ऐसे बुरे लोग हैं जो दूसरे का भी बुरा ही चाहते हैं..,,,,,,
सही है बुरे लोग बुरे ही होते हैं |,,,,,,
तू ऐसी बेकार बातें क्यों बोल रहा है ?,,,,,,
वह अनसन पर बैठा है और बहुत जल्द निपटने बाला है |,,,,,,
हिम्मत है तो BJP वालों को टेग कर तेरे को अच्छा सबक सिखा देंगे। ,,,,,,
चुप रहो तुम,,,,,,
ज़िंदगी की यही रीत हैं..! पीठ पीछे सब बुरे और सामने सब स्वीट हैं..!,,,,,,
क्या मालूम अपनी मां बहनों को भी ऐसे ही बोलता हो यह बेकार आदमी !!,,,,,,
ये इसको अच्छा सबक सिखाए,,,,,,
हंस मत... अपनी अपनी परंपरा है,,,,,,
तो तू जाके खेल ले।,,,,,,
सब के सब डरे हुए हैं ||,,,,,,
"ये मीडीया की दरिद्रता थी,,,",,,,,,
तुम कैसी इज्जत देते हो बे??,,,,,,
मजहब देख कर कैंडल मार्च निकालने वालो से तो अच्छे जानवर है,,,,,,
तेरे जैसे बुरे आदमी का इलाज मुझे अच्छी तरह आता है |,,,,,,
ये फालतू की बकवास कर रहा हे भदौरिया बेकार इंसान ..,,,,,,
"नेता और उनकी राजनीति अपनी जगह है, वो सब अच्छे लोग होते ही नहीं है |",,,,,,
आदरणीय बुरे इंसान सरदाना कैसे हो ?,,,,,,
"तनि बनारसी बोल दो ,चलो बनारसी न सही हिंदी में बोल दो ।",,,,,,
तो कोई उस बुरी औरत को नहीं बोल रहे हैं,,,,,,
इन जैसे बेकार नेताओं को जो आज उन अफसरों को ही गालियां दे रहे हैं ।,,,,,,
वह सच्चाई सामने आने से इतना डरते है..,,,,,,
चल निकल तू,,,,,,
"रस्सी जल गयी, बल नही गया सच ही कहा है किसी ने बुरे लोगों की आदत कभी नहीं बदलती ",,,,,,
वह ट्वीटर पे भी गन्दगी फैलाने आ गया,,,,,,
इन को कोई बोलो की चीते का मेकअप करने के बाद भी वैसे ही बेकार दिखते हो ,,,,,,
तुझे पानी चाहिए ? दिल्ली की यमुना नदी दिखता नही है तुजे ?,,,,,,
कोर्ट के छत पर झंडा तुम सब फहराते हो तब बेकार का तमाशा नहीं होता है |,,,,,,
और एक हम बैठ कर <number> घंटा सोचे थे तो दिमाग में यही आया बस। ,,,,,,
"बदज़ुबानी से बाज़ नहीं आता है, फिर रोता है कि मुझे ऐसा बुरा क्यों कहा",,,,,,
दम है तो उखाड़ ले जो उखाड़ सकता है।,,,,,,
दिल्ली के चाँदनीचौक में जो हुआ वो क्या था ?,,,,,,
अगर जयाप्रदा बुरी है तो तुम जैसे संसद भी तो बुराई का साथ देने वाले न हुए?,,,,,,
मैं बताता हूँ उन सबको वो सब फिर अपनी औकात में रहेंगे ।।,,,,,,
अब जा डर के छुप जा ,,,,,,
यह  बुरा इंसान तुम्हारे साथ क्या कर रहा है?,,,,,,
तू है ही वह जो पैसे लेकर किसी के लिए कुछ भी काम कर सकती है ,,,,,,
पहले ठीक से बात करना सीख किससे बात कर रहे.,,,,,,
इनके बस की नहीं है यहां ब्लैक कमांडर लगा दिए जाएं फिर देखते हैं कौन आएगा सामने,,,,,,
हमलोग भाई भाई का नारा देते रहेगे और वो हमे बर्बाद करता रहेगा!,,,,,,
हत्यारा कौन है?,,,,,,
"धोनी के बारे में कुछ बुरा बोले ना तो,",,,,,,
एक प्रॉपर्टी डीलर ने मोटा चुना लगया था |,,,,,,
अभी भी समय है इनको इनका स्तर दिखा दो सारे अफसरों ।,,,,,,
"चुप कर, कौन सा दूध का धुला है तू",,,,,,
फालतू ज्ञान बंद होना चाहिए ,,,,,,
तुम क्लास जाकर अपनी इंग्लिश सुधारो,,,,,,
"किस किस्म के प्राणी हैं ये एंकर्स, अब तो चापलूस बिकी हुई बोलना भी छोटा लगता है।",,,,,,
ऐसी भयानक डकार ले रहा है यह मुंह से ,,,,,,
बहुत ही बेकार ट्वीट,,,,,,
बेकार इंसान इस्तीफा दो,,,,,,
"बुरी सोच है और सुधारना भी नहीं चाहते ये, इसलिए अपने आप को इनसे बेहतर समझो ",,,,,,
अरे भाई कोई है जो इस औरत को समझ सके,,,,,,
उस बुरे आदमी को बहुत जलन हो रही होगी ,,,,,,
ये सारे चोर क्या कर लेने वाले है,,,,,,
वह चौका मारे तब बाउंड्री से बोल लाने तुम जाता था |,,,,,,
"अरे शरम करो बेशरमों,,",,,,,,
घोटाले भ्रष्टाचार पे जवाब दे,,,,,,
कोई बात नहीं अफगानिस्तान तुम ने पाकिस्तान को लोहे के चने चबवा दिये उनको उनकी स्तर दिखलाई है...,,,,,,
सरदाना सर कीचड़ तो तुम जैसे बुरे लोग की ही फेलाई हुई है,,,,,,
ये धोखेबाज है! इन पर सख्त कार्रवाई करनी चाहिए।,,,,,,
भारत के कुछ बेकार एंकरों ने भारत को बहुत ही नीचे स्तर पर लाकर खड़ा कर दिया है,,,,,,
अगर करारा जवाब ना दिया तो हिंदुस्तान का मत मानना,,,,,,
"अब क्या क्या करोगे सोके, थोड़े देर में दिन निकलेगा।",,,,,,
अब कहाँ गया...शांतिदूत बोलने वाला पक्ष...,,,,,,
सरकार ऐसे लोगों को टिकट देती है जिन्हें लोगों से कोई मतलब नही बस जीत से मतलब है |,,,,,,
बुरी तरह मरो तुम ||,,,,,,
जिसका बाप ही बुरा आदमी हो उसका बेटा क्या ही अच्छा आदमी बनेगा ।,,,,,,
"टोमँटो तो ख़रीद नहीं सकते चले मर्सिडीज़ ख़रीदने, भाग",,,,,,
"शहीद भगतसिंह, सुभाषचंद्र बोस, सावरकर, आजाद..... की मांओ ने कभी नेहरु को देखने की कोशिश भी नही की",,,,,,
इनके बाप दादा भी इनटोलरेंस का बहाना करने लगते ।,,,,,,
जिसने भी इसे इडिट किया है उसे भारत रत्न मिलना चाहिए...,,,,,,
तुम्हारी सारी परेशानी एक ही झटके में खत्म कर सकते हैं |,,,,,,
तू कौन है ...चल निकल यहाँ से,,,,,,
कैसे बुरी तरह हराया ये जाकर पूछ ,,,,,,
भाग जा नही तो मारूंगा.,,,,,,
सावधान! में पानी भर गया है अब मोटर बंद कर दें।,,,,,,
श्रीमान आपने बेहतर संदेश दिया इस चित्र के माध्यम से.,,,,,,
बेशर्म इतना है कि गलियां मिलती है फिर भी नहीं सुधरता है.,,,,,,
"धोखेबाज, दुश्मन से गले मिल गये ?",,,,,,
कुछ नेता तो बिल्कुल ही चुप हो गए हैं !,,,,,,
सभ्यता कहा है? उसने बताया भी नही।,,,,,,
अपना ज्ञान अपने पास रख,,,,,,
"अबे तो, पुलिस तो है ना, तो क्यो बेकार का रोना कर रहा है ",,,,,,
अगर वो ऐक्टिंग छोड़ रही है़ तो तुम्हें क्यों परेशानी हो रही है,,,,,,
जब तक इन लोगों को सजा ना दी जाए तब तक ये लोग नही सुधरेंगे,,,,,,
ये तो एक बुरा इंसान ही कर सकता है |,,,,,,
आप ने अधिकार छीने और हमने अधिकार दिए हैं,,,,,,
"हॉस्पिटलो मे न आक्सीजन, न डॉक्टर न पर्याप्त बेड और जिम्मेदार अगस्त और प्राकृतिक है। शर्म की बात है !",,,,,,
अगर बदला ना लिया तो कहना ,,,,,,
"मानसिक संतुलन बिगड़ गया तुंहारा इसीलिए बोला था जैसे लोग के साथ रहोगे वैसे हो जाओगे परिणाम सामने है ,",,,,,,
असल मे वह अपराधी था ओर मुझे समझ ने नही आ रहा है तुम अपराधी का साथ कियु दे रहे?,,,,,,
अजी यह बहुत डरपोक है ,,,,,,
आज के बाद उसका नाम तमीज से लेना वरना अच्छा नहीं होगा ,,,,,,
प्रधानमंत्री और मुख्यमंत्री खामोश है और वो लोग भी बेशर्म है जो सरकार के ख़िलाफ़ आवाज नही उठा सकते!!!,,,,,,
चाय पिलाकर झूठ सुना कर कब तक नफरत बचेगा,,,,,,
सोशल नेटवर्क पर जियो का फ्री नेट इस्तेमाल करने वाले अक्सर नताओ को बुरा भला कहते हैं,,,,,,
जब किस्मत में ही लिखा है गर्मी में परेशान होना,,,,,,
अरे बेवकूफ औरत इस हार में भी हिंदुस्तान की जीत है समझी तुम,,,,,,
इमरान सबूत बाद मे मागंना पहले ईन की जबान पर लगाम ला।,,,,,,
इसे कहां से पकड़ लिया ?,,,,,,
गजब बुमराह बहुत अच्छा विकेट लिया ।,,,,,,
"अगर इतना ही दम है तो खुद सजा दो यहाँ शेर ना बनो, चारो तरफ बेकार का तमाशा ",,,,,,
ये लोग कभी नही सुधारेंगे,,,,,,
तुम्हारी धमकिया पर मैं ध्यान भी नहीं देता..,,,,,,
आप का एक बड़ा हिस्सा धोखाधड़ी करने में लगा है और ये आईने की तरह सच है.,,,,,,
तू  कया कर रहा है?,,,,,,
लिस्ट मे साध्वी प्रज्ञा_ठाकुर है?,,,,,,
लेकिन ऐसा भी कहीं नहीं लिखा कि दूसरे धर्म की हम इज्जत ना करें |,,,,,,
तरस आता है उन पक्षपाती बुरे लोगों पर |,,,,,,
लड़का ; पापा पोकेट मनी बढ़ा दो जिम जोईन करना है .... बाप ; बाथरूम को तो जिम बना रखा है,,,,,,
बॉलीवुड की बेकार अभिनेत्रियां कहां पड़ी हो ?,,,,,,
नौटकिबाजी करना कोई इस से सिखे,,,,,,
बुरे आदमी के घर में अच्छी परवरिश नहीं हो सकती। जैसे तुम वैसा ही तुम्हारी औलाद  | |,,,,,,
जिंदगी के उस मोड़ पर. जहा कोई नहीं मिलता. वहां पर गुड़ मिलते है,,,,,,
सच सुनते ही डरकर भाग गया..,,,,,,
कुछ बुरे लोग पैदा होते है और वो पैदा होते ही सारी कायनात को दुःख देते ही रहते है |,,,,,,
भारत देश के इन बुरे लोगों के लिए अब सिर्फ जेल में ही जगह है।,,,,,,
बुरे आदमी को हर जगह बुराई ही नजर आती है |,,,,,,
न्यूजीलैंड के साथ मैच में इंग्लैंड की जीत की दुआ करे ताकि पाकिस्तान सेमीफाइनल में न पहुँच सके,,,,,,
इन नासमझो को समझाना पड़ेगा ।,,,,,,
इस ढोंगी की मां भी खुद को कोसती होगी |,,,,,,
पक्षपात मीडिया पूरी तरह से मातम मना रहा होता !,,,,,,
तुम्हारे  में अब दम खत्म हो गया।,,,,,,
मैं अपने खर्चे पर उन रंगों के कपड़े भिजवाऊंगा।,,,,,,
हर जगह बुरे लोगों की चाटुकारिता क्यों ?,,,,,,
बहन पक्षपात छोड़ के सरकार से सवाल पूछ लिया करो ।,,,,,,
तेरी कौन सी कमाई है कौन तेरा खर्चा चलाता है क्या तु घर से पैसे लाता है ??,,,,,,
आज वो कहा चले गए जो उस बुरे इंसान के पक्ष में थे ?,,,,,,
ऊपर विडीओ देखा तुमने यहां अंधभक्त वाली कौन सी बात आ गयी,,,,,,
तुम गरीब देश के गरीब लोग ,,,,,,
ये तो पुरी दुनिया को पता है कि वह बुरा आदमी  कया कर रहा है?,,,,,,
भाग यहां से बुरे आदमी ,,,,,,
"भाजपा के लोग इस सोच को बन्द करें, विकास की ओर ध्यान दें..",,,,,,
उस बेकार आदमी को क्यो बुलाते हो डिबेट में ?,,,,,,
अभिनंदन को बीच में लाने को किसने बोला ? अच्छा सबक सिखाएंगे  फिर तो ,,,,,,
देश अल्पविकसित देश की श्रेणी में आ गया । भुखमरी में <number> स्थान है ।  संसद में बैठे लोग कुछ नहीं कर रहे हैं |,,,,,,
ये भी एक प्रकार का आरक्षण ही है । <number> रुपये महीना। बिना किसी काम को किये।,,,,,,
लग रहा है कि मुम्बई पुलिस की तरह ही दिल्ली पुलिस भी बेकार हो चुकी है।,,,,,,
"जो बेकार का तमाशा चालू है, ये सिलसिला बंध होना चाहिए",,,,,,
तू भी तो गरीब ही है भाया। तेरे पास तो <number> करोड़ भी नहीं। ,,,,,,
ये इतनी बुरी औरत है की इसको कितना भी गाली दो इसे कोई फर्क नहीं पड़ता,,,,,,
वाह क्या बेकार डबिंग है,,,,,,
क्या यही दृश्य देखने के लिए हमनें चुना था इस सरकार को!,,,,,,
किस काम में व्यस्त हो तुम?? ,,,,,,
इस को अभी भी जानना है,,,,,,
यह तो स्वार्थी और लालची है,,,,,,
अबे फिर उन <number> बच्चो को कहां रखें?,,,,,,
शर्म आनी चाहिए इसको अभी भी बगल में बैठा है |,,,,,,
जिन्होंने भी कीया उनको दंड मिलना होगा |,,,,,,
"बाकी कुछ वैसे भी हैं , जो ऐसी घटनाओं को दिखाने से डरते हैं |",,,,,,
तुझ जैसों बेकार लोगों को मे बांध के रखता हूं,,,,,,
क्रिकेट की कसम तुम्हें बहुत परेशान करेंगे..,,,,,,
"ना बाबर यहां का था,ना जमीन बाबर की थी...",,,,,,
चापलूसी करने वाले भक्त ऐसा कौन से कानून मे लिखा है ?,,,,,,
"दुनिया तो ख़ूबसूरत है, लेकिन लोग बुरे हैं!!!!   ",,,,,,
"खुद तो खा नहीं पा रहे हो, दूसरो को क्या खिलायोगे ?",,,,,,
अबे लिख कर क्या बताना चाहता है? तुझसे अच्छे तो यह जानवर ही है |,,,,,,
सारी सरकार फालतू का तमाशा करती दिखती..,,,,,,
आपकी फिल्मो से सीखे है ...बुरी बातें...,,,,,,
बेशर्म तुम्हे रत्ती भर गैरत है? ,,,,,,
टैलेंट के पैमाना को परिक्षा में अंक लाने से नापने वाली पीढ़ी को अपनी सोच बदलनी पड़ेगी..,,,,,,
वह गंदी औरत गंदे कामों की मलिका बनी फिर रही है ,,,,,,
सुना है इस्लाम में बाल रंगना हराम है। तो यह लोग तो गलत काम कर रहे हैं  ?,,,,,,
कुछ बुरे लोग क़त्ल कर देते है,,,,,,
अब ये बताएंगे कि ये अपमान है,,,,,,
"सब के सब मिडिया चुतुर्मुर्ग बन गये है,",,,,,,
तुझे विश्वास नही होता तो सेहवाग का कोई भी इंटरव्यू देख ले।,,,,,,
डर पिटने का ह ||,,,,,,
हिम्मत है तो सामने आकर कुछ भी बोलो |,,,,,,
रोटी जल गई है ,,,,,,
अगर तेरा इतिहास पता किया जाए तो तू भी बुरा इंसान निकलेगा.,,,,,,
दोनों हाथ उस ने काट दिया था. और नहीं.,,,,,,
कम से कम सोच समझ कर बोल,,,,,,
भाग....तू युसेन बोल्ट तो है नहि जो मेरथोन दौड़ अमरीका निकल जाएगा । घर ही निकल ले,,,,,,
सोनिया के पास <number> करोड़ की संपत्ति कहा से आई।,,,,,,
अब कहा गए वो मोबलीचिंग पर इतना हल्ला मचाने वाले |,,,,,,
बेवकूफ आखिर अपना स्तर दिखा ही दी ना ?,,,,,,
कहां गए बेकार बुद्धिजीवी लोग?,,,,,,
अगर घपला हुआ है उसकी जांच होगी FIR होगी उसके बाद जेल में जाना होता है,,,,,,
धोनी देख क्या रहा है चुप कर दो इन सबको ,,,,,,
तब चापलूस मीडिया गायब था।,,,,,,
उस <number> साल की बच्ची ने तो किसी को नही मारा था,,,,,,
तेरा स्तर क्या है रे तू एक ढोंगी आदमी है ,,,,,,
टीआरपी के चक्कर में इतना सुनने के बाद भी अगर बात नहीं बनी तो कुछ और करो.,,,,,,
ये देखो इसने धर्म भी बदल लिया ,,,,,,
कोई कन्हैया कुमार को सहानुभूति दे दो रे ,,,,,,
कितनी तनख़ाह मिलती है तुझे ये बुरा काम करने की?,,,,,,
पहले तो  सवाल है वो मिले है क्या,,,,,,
हर किसी का दिन आता है ,,,,,,
जनता को भी तो मालूम चलना चाहिए की कितनी जान चली गई है तुम लोग की वजह से ..,,,,,,
वाह ...दुनिया बहुत बेकार है ...,,,,,,
ये संघी सबसे ज्यादा नफरतों का व्यापार करता है अपने चैनल पर,,,,,,
"कुछ लोग मोदी के बहाने बे-वजह, देश को बदनाम करने की असफल कोशिस करते हैं!",,,,,,
माही मार रहा है।,,,,,,
जो दिल्ली में हुआ वो क्या था उस पर तेरी कोई प्रतिक्रिया नहीं आयीं ?,,,,,,
"बात कड़वी है पर सच है, जो उन सब की मदद कर रहा है वो सरकार गलत कर रही है |",,,,,,
तुम जो लिपि लिख रहे हो ना वो हिंदुस्थान की देन है.,,,,,,
अपने भाइयों को देख कर ये भी रन लूटवायेगा...लिख लो,,,,,,
"सोने दे ना, <number> बज रहे है रात के",,,,,,
इतना खुश मत हो जा ...गर्दन टूट जाएगी ...,,,,,,
इस नासमझ को कब समझ आएगा,,,,,,
वह कुछ कर ही नहीं रही है...,,,,,,
"बेवकूफ, बस किसान और जवान ही सब करते है इस देश में ?",,,,,,
बेटा.....BJP नेता कैलाश विजयवर्गीय का हैं !,,,,,,
"अरे , जसा ट्वीट तसा रिप्लाय",,,,,,
उन बुरे लोगों के चंगुल से आजाद हो कर बात कर,,,,,,
कभी अपनी दादी से पूछाने कि हिम्मत क्यों नहीं की तुमने ?,,,,,,
लोगो को लूटने का बहाना चाहिए तुम लोगो को,,,,,,
"सुशांत, चौधरी, सरदाना, देवगन, लियाकत को देखते ही दिल से बुरे लोग - बुरे लोग  की आवाज़ आने लगती है..",,,,,,
वैसे न्यूजीलैंड में जब हुवा तू कहा छुप गया था?,,,,,,
कुछ भी बेकार बात बोलते रहते हो,,,,,,
चुप कर बे आ गया ना अपने स्तर पर,,,,,,
वो लोग IT अफसर से भी चंदा मागेंगे,,,,,,
अब दूसरे पर इल्ज़ाम लगा रहे हो.  बेकार लोग ,,,,,,
ख़ून अपना असर दिखाता ही है |,,,,,,
फिर वह गलत काम कैसे कर पाएंगे ?,,,,,,
तुम जैसे के मुँह लगने की आदत नही.,,,,,,
अभी तक तो तुम जैसे बुरे व्यवहार वालों की टीम ने ऐसा ही किया है।,,,,,,
अब ये दलदल का रूप इख्तियार न करले,,,,,,
तो जेल भेजो ना। यहाँ क्या हल्ला मचा रहे हो?,,,,,,
वही समाज तुझे इज्जत नहीं देता है ,,,,,,
अबे जरा तमीज से बोल,,,,,,
तुम कम काम करते हो और दिखाते ज्यादा हो |,,,,,,
"यही बोल रहे थे, ऐसे ही रहने का",,,,,,
** अब हम कब बोलेंगे **,,,,,,
और कितना करीब आएगा अब ?,,,,,,
कांग्रेस को बदनाम करने वाले पत्रकारों का कुछ नही हुआ?,,,,,,
अबे एक हफ्ता  अपने घर में भी रख के बता,,,,,,
मैंने आज तक इस प्लॅटफार्म पर गाली नहीं दी लेकिन आज तुझे गाली दुंगा,,,,,,
"किसी में भी हिम्मत नहीं ह, ये सरकारें नेता सब नक़ली ह",,,,,,
निगाहे आज भी ढुंढ रही है... उस महान बुरे इंसान को,,,,,,
इस पर तो सख्त से सबसे सख्त कार्रवाई करनी चाहिए,,,,,,
सोच-सोच का फ़र्क़ है भाई |,,,,,,
"तुझे तो भक्तों की ही तारीफ करनी है, तुम सपरिवार आमंत्रित हो",,,,,,
कोई बुरी औरत लगती है | इस महिला की भाषा किसी बुरी औरत जैसी है ।,,,,,,
चापलूसी कर जाकर भाजपा की ||,,,,,,
फिर कयो अपनी ऐसी तैसी करवा रहा है फालतू में,,,,,,
इन लोगो को कोई बताओ कितने अकाउंट हैं,,,,,,
विपक्षी केवल चाटने वाले लोग हैं,,,,,,
कॉमेंट्री वाले आँकड़े बता बता कर जिताने की कोसिस करते हुए,,,,,,
इतना परेशान करेंगे की तेजी से भाग जाएगा ,,,,,,
"तुमको तो हर जगह जाना चाहिए, हर जगह ए.सी. लग जाएगी.  कामचोरी मत करो ",,,,,,
इतना सबक सिखाऊंगा की अगला बार कुछ लिखने से पहले हज़ार बार सोचेगा,,,,,,
धमकी किसे दे रहा है बे.,,,,,,
"क्या मीना, मधुबाला सायरा, शबाना, सलमान, शाहरुख आदि बुरे लोग हैं ?",,,,,,
उसका कौम बताने में तेरी क्यो फट रही है ?,,,,,,
ये सब गद्दार है,,,,,,
लेकिन यह भी साफ है कि धोनी कोहली से बेहतर है ,,,,,,
सभी भाई बढ चढ़ कर हिस्सा ले,,,,,,
इतना हिम्मत है तो तू जा के खेल ले,,,,,,
फर्जी लोगों ने गुजरात ट्रांसफर के बहाने दो इंच की जगह के लिए इसकी नोकरी छीन ली,,,,,,
किसी में हिम्मत नही की कोई हमारे बच्चों को छेड़ दे,,,,,,
अपना नाम अपने बुरे काम जैसा रख ले ज़्यादा अच्छा लगेगा.,,,,,,
ये कब से बड़ी हस्ती हो गया ?,,,,,,
पत्रकार बोलने में शरमा रहा है...उपद्रवी तत्व बता रहा है,,,,,,
तू ही है ऐसी मेहनत करती ही नहीं है ,,,,,,
तुम जैसे लोग महीनों बेकार का तमाशा मचाते !,,,,,,
लगता है इसके आगे इनको कुछ नहीं आता ।,,,,,,
आज़म ने कहा सांसद भवन पहुँचते ही लगा किसी नौटंकी में आ गए ऐसा क्यों लगा आज़म???,,,,,,
ये वह लोग हैं जो हमेशा विदेश में शर्मसार किए जाते हैं |,,,,,,
"दोस्त ख़रीदे नहीं जाते, ये तो वो होते है, जो आपको कभी शरीफ नहीं देखना चाहते !!",,,,,,
महबूबा तुम्हें बुरा इसलिए लग रहा है ना कि पाकिस्तान वर्ल्ड कप से बाहर हो गया,,,,,,
जाके देख रिकॉर्ड में कैसे चुप कराता था तुम्हें ये |,,,,,,
तुम्हारी आवाज़ नहीं निकलती,,,,,,
"जो <number> बच्चो की मृत्यु हुई , उसके लिए सरकार जिम्मेदार नहीं ?",,,,,,
वैसे इस्लाम मे हलाल क्या है?,,,,,,
धर्म है तो धंधा है!  मेरा मतलब  धर्म है तो सत्ता है!!  सत्ता ही धंधा बना दिया है!!!,,,,,,
"बुरे लोग कभी बुरी बात बोलना नहीं छोड सकते,",,,,,,
जितनी नफरत करनी है उतनी कर लो ||,,,,,,
ये जवान है जिनका तुने मज़ाक बनाया है। तुज़ेहे भी एक दिन जवाब ना दिया तो बताना,,,,,,
पहले उन लोगों का धर्म तो पता कर लेता बेवकूफ..!,,,,,,
"इसी की पार्टी का आज़म खान क्या बोला था, ये भूल गया शायद।",,,,,,
ये बुरे लोग इकठ्ठा हो सकते है तो हमारे लोग कहा थे?,,,,,,
जब भी वह बोलता है तो आंख बन्द कर उसकी याद आ जाती है।,,,,,,
आज भी कांग्रेसियों में खराब चीजों के सेवन की परंपरा है.,,,,,,
घर नहीं हो तो किसी अखाड़े पर चले जाओ |,,,,,,
किसे जलाने की बात करते हो ?जो लोकतंत्र पसंद करते हे उसे?जिसे तिरंगे से प्यार हे उसे?शर्म करो,,,,,,
तुझे इमाम बोलने में शर्म आता है,,,,,,
कम से कम टीम की तो इज्जत करता,,,,,,
तुम्हारी शायरी ग़लत हो गयी,,,,,,
ये बेकार लोग नही समझेंगे। ये नही मानेंगे।,,,,,,
<number> के आज ही के दिन इंदिरा गांधी ने भारत के लोकतंत्र को इमरजेंसी के जरिये कमजोर कर दिया था ,,,,,,
अब जिसको इतनी जलन हो रही है वो चिलायेगा तो हैं ही,,,,,,
एक नंबर का बेकार आदमी है!,,,,,,
अंधे हो क्या ? अंग्रेजो की तरफ से खेल रही थी टीम हमारी?,,,,,,
क्या इस नौटंकी में तू बुरा काम किया करती थी ???,,,,,,
थर्ड अंपायर सही नहीं है |,,,,,,
सुधार जाओ नहीं तो जलजला आएगा,,,,,,
अपनी मां बहनों और बीवी से काम करना है तो कराओ हमें कोई प्रॉब्लम नहीं है,,,,,,
उन्हें ऐसे मत बुलाना | बुरी बात होती है |,,,,,,
अपने बाप की बात पर तो भरोसा कर,,,,,,
वो कौन लोग थे जो कह रहे थे कि वह डरा हुआ है?,,,,,,
"मैं गिरिराज_सिंह कन्हैया_कुमार से पूछना चाहता हूं, आजादी में कोई कमी तो नहीं रही",,,,,,
शूरूआत करोगे तो अब बराबर जवाब मिलेगा तब रोते रहना,,,,,,
"अब कोई शिकायत नहीं कर रहा, नहीं कोई मोमबत्ती जला रहा है ",,,,,,
बेकार लौंडे बिना बात के रो रहे होते |,,,,,,
ओर ये बेकार सरकार सो रही है,,,,,,
चुभन होनी ही चाहिए ,,,,,,
पाकिस्तानी पूर्व जनरल और राष्ट्रपति परवेज मुशर्रफ को उसके करतूतो की पूरी सजा मिलनी चाहिए |,,,,,,
"मर्द आखिर मर्द है, कुछ ना कुछ कर ही लेता है। ",,,,,,
"शायद जो तुम्‍हारे माँ - बाप ने तुम को संस्कार सिखाए होगे, उनको तू गहण नहीं करपाए",,,,,,
कुछ बेकार औरतें देश को बर्बाद कर रही है ,,,,,,
वैसे भी फिल्म फ्लॉप होने से तुझे जबरदस्त सदमा लगा है।,,,,,,
इसने रात भर नाचकर बोला कि मैं थक गई ..,,,,,,
मणिशंकर इय्यरने बिल्कुल सही कहा था ये बहुत ही बुरा इंसान है।,,,,,,
अब भी वह लोग झुंड बनाकर कुछ भी बोल रहे हैं।,,,,,,
नही देखना पक्षपाती मीडिया का डिबेट जो पक्षपात के तले दबी है |,,,,,,
इस बुरे आदमी की वजह से सेना के जवान क्यों शहीद हो,,,,,,
"एंकरों को पक्षपाती, बेकार बताकर बुरी तरह लपेट रहे हैं",,,,,,
पूरे <number> मिनट पका दिया फोन पे ........,,,,,,
कोई एक शहीद का नाम बता जिसने कुछ नहीं किया आजादी की लडाई मे,,,,,,
"ऐसे बुरे लोगों पर सख्त से सख्त कार्रवाई करो ,,  ओर पुरे देश मे लाइव दिखाओ ।",,,,,,
CM से लेकर विधायक तक सब लापरवाही कर रहे है।,,,,,,
एक बुरे आदमी से बुरी हरकतों की ही अपेक्षा की जा सकती है ,,,,,,
क्या हम पाकिस्तानी है जो इतनी नफरत करते हो,,,,,,
तुम्हारी बातों से पता चल रहा है कि तुम्हे अभी भी मोदीजी अच्छे नहीं लग रहे हैं।,,,,,,
वो सारे बुरे लोग... और गिरफ्तारी सिर्फ दो....,,,,,,
हरियाणा में ये जब जब आता है इसकी बेइज्जती होती है |,,,,,,
न्यायपालिका और जांच एजेंसियों में भी तो बेकार लोग ही पड़े हैं...,,,,,,
"शेर शेर ही रहता है, चाहे जंगल में रहे या जेल में ! गीदड़ गीदड़ ही रहता है! समझे ?",,,,,,
उस की जली बर्नोल लगाव,,,,,,
सबसे ज्यादा बुरा तू है,,,,,,
इसकी परवरिश अच्छी नहीं हुई है |,,,,,,
जो चाचा नेहरू पर निबंध लिख लिख कर बड़े हुए वो कहते है कि नेहरू ने क्या किया ?,,,,,,
तो फिर बेकार का तमाशा क्यों कर रहा है ?? ,,,,,,
तू अपने मुंह से कुछ भी बोल रहा है |,,,,,,
क्या तुम्हारे में इतना दम है कि अपने पापों को टेग करके ट्वीट करे,,,,,,
बाद में बेकार का तमाशा बना दिया जाता है ।।,,,,,,
पक्षपात मीडिया अब ईमानदार नहीं रही मीडिया,,,,,,
इतना सब कुछ होने के बाद भी मैं पूरे भरोसे से कह रहा हूँ ये बुरे काम नहीं रोकेंगे |,,,,,,
"क्यों, मुकाबला करने में डर लगता है क्या? ",,,,,,
मीडिया बिल्कुल ही चुप हो चुकी होती।,,,,,,
"स्तर तेरा पहले से ही गिरा हुआ था भाई, और नीचे क्यों गिराया ",,,,,,
एक शब्द भी नहीं बोला गया आत्म मुग्ध इंसान।,,,,,,
पत्रकार अपने-अपने हिसाब से भाजपा की चाटुकारिकता कर रहे हैं ।,,,,,,
अगर ये लक्षण महसूस हो रहे हैं तो तुरंत मोदी_भक्ति छोड़ दो,,,,,,
इतने सारे बच्चे पैदा कर लेते हैं उनके लिए खाने को भी इंतजाम करना पड़ता है ,,,,,,
बेटा ये ऑरेंज है ना कि भगवा। समझे।,,,,,,
नाम के आगे चौकीदार लगाने से कुछ नहीं होगा !,,,,,,
क्योंकि उसकी फिल्म देखने के लिए अक्ल की जरूरत नहीं पड़ती ....,,,,,,
जिसका भला माँ की परवरिश से नही हुआ वो बाप से क्या सुधरेगा |,,,,,,
तुमको कुछ बोलने की जरूरत नहीं तुम कुछ भी बेकार की बात बोलते हो ,,,,,,
ये क्या फालतू का काम हो रहा है?,,,,,,
कुछ दिन पहले तक तो तू उस के लिये मातम मना रहा था।,,,,,,
"मुंबई हुई पानी-पानी, सिस्टम की आंखों में सूखा पानी?",,,,,,
"सचाई ज़रूरी है, लेकिन तुमसे उमीद क्या करूँ",,,,,,
हम डरपोक हैं हम क्या कर सकते है,,,,,,
जिस किसी भी दिन फॉर्ब्स बुरे पत्रकारों की लिस्ट बनायेगा. तू टॉप पर आएगा ,,,,,,
अबे पांडिया रन आउट के लिए विकेट को अच्छे से देख कर बोल मार..,,,,,,
आजम खान कुछ भी बोलता है । इस को उड़ा दो  ।,,,,,,
"अबे सिसौदिया,  तेरे को किस एंगल से ये डुबलीकेट दिख रहा है",,,,,,
जिसने तुम को पनाह दी उसने भुगता,,,,,,
ये बुरे लोग दुःख देने के लिए ही पैदा होते है ||,,,,,,
सारी गालियां उसको दे दी  और कुछ बाकी रह गया हैं तो आप खुद समझ जाईए ,,,,,,
तुमको संस्कृत से विरोध है तो अपने कान बंद कर लो |,,,,,,
क्या गांधी जी भी मारते वक़्त कुछ बोले थे ?,,,,,,
केला कहाँ मिल रहा है आज कल ? ,,,,,,
तुम जैसे लोग बात बिना मतलब की ही करते हैं ।।,,,,,,
तुम बेकार लोगों को दुनिया मे कोई देश पनाह नहीं देगा ||,,,,,,
तू ग़ज़िआबाद आया तो तुझे अच्छा सबक सिखाएंगे ,,,,,,
"हम बेइज्जत करके भगाते हैं, चल भाग",,,,,,
"किसी से धक्का मुक्की तो करो, ये सूखा सूखा मैच मजा नहीं आ रहा है!",,,,,,
बात ऐसे बोल रहा है जैसे बहुत बड़ा ज्ञानी है |,,,,,,
तू अपनी संपत्ति बेचकर उनका उद्धार क्यों नहीं करता ?,,,,,,
उफ्फ! बड़ी विडंबना है...!,,,,,,
पोस्टर बनाने वाले पर सख्त से सख्त कार्रवाई होनी चाहिए ,,,,,,
मोदी जी एक बार सीवरेज में उतरिये तब हमारा दर्द पता चलेगा।,,,,,,
सरदार के नाम पर कलंक है ये इंसान,,,,,,
बुरे आदमी बेहिचक पक्षपात भी करनी है ?,,,,,,
जिसका मालिक  एक भाजपाई  है,,,,,,
अबे कौन सा चश्मा पहन रखा है?,,,,,,
हमारे देश तो ऐसे ही कह के लेंगे!,,,,,,
तू ऐसे ही इधर-उधर भटकते रहना ,,,,,,
तेरा लौंडा सरकारी अफसर के बारे में कुछ भी बोलता है |,,,,,,
यह हैं लोकतंत्र का कानून?,,,,,,
तू क्या अपूर्वानन्द की चापलूसी करता है अपूर्वानन्द कितने साल का है जो आजादी के पहले का बता रहा है,,,,,,
ताकि तुम इस तरह पैसे उडाओ. तुम्हारे बाप का पैसा है क्या ?,,,,,,
तभी तु पैदा हुआ बेकार इंसान ,,,,,,
"वह नीम के पत्ते जैसा कड़वा है , .... एक अच्छे आदमी नहीं है | |",,,,,,
जब बात किसी को बदनाम करने की होती है तो कुछ लोग बहुत तेजी दिखाते हैं ,,,,,,
सहन की भी एक सीमा होती है. बहुत हुई तुम जेसओ को इज्जत.,,,,,,
लगता है मेरठ के लोग बेकार बन गए हैं ,,,,,,
तुम सही से पढ़ लिया करो,,,,,,
जिधर देखो इशक़ के बिमार बैठे है हज़ारो मर गयें लाखो तैयार है,,,,,,
तुम थोड़ी भी तमीज़ से नहीं रह सकते।,,,,,,
पैदाइशी बुरे आदमी यह क्या काम कर रहा है ?,,,,,,
सबसे बड़े बुरे तुम पत्रकार हो,,,,,,
किसी ने सही कहा कि जब किसी डरपोक की मौत आती है तो गाँव की तरफ दोड़ कर जाता है।,,,,,,
तेरी इतना जलती क्यों है |,,,,,,
देख इस को लोग मिलकर बेरहमी से पीट रहे है !!,,,,,,
अच्छा आदमी नहीं है आजम ,,,,,,
वो क्या है ना कि कुछ लोगों को अच्छी बातें भी अच्छी नहीं लगती ,,,,,,
और उसी खरीदे हुए फ्लैट के बालकनी से नीचे प्लास्टिक की बोतल फेकेंगे...,,,,,,
कही जाके अब तो डूब मर !!,,,,,,
जो भी देश के जवानों का सम्मान ना करें उसको सम्मान देने की जरुरत नहीं,,,,,,
"ये आप हम जानते हैं, मूर्ख लोग जानते हैं क्या?",,,,,,
इसकी तरह इसकी कस्मे भी झूठी है,,,,,,
<number> बुरी औरतें के चक्कर में पूरी कॉम बदनाम नहीं होनी चाहिए,,,,,,
तुम लोग जो है शांति बचाने वाले बन जाते हो,,,,,,
बात नेहरू की तो उसने इतने गड्ढे किये इस देश में की आज तक नहीं भरे जा रहे समझ गया,,,,,,
मोदी को बोल पकड़े दुष्ट लोगों को जेल में डाले,,,,,,
वह डरपोक इंसान धमकी देता है लेना देना कुछ है नहीं..,,,,,,
तू अब कहां अपनी इज्जत से खिलवाड़ करवा रही है ?,,,,,,
"अब उस बेकार आदमी कि चर्चा कर रहा है, गन्दगी ढूंढना कि आदत है! ",,,,,,
मैं बहुत कद्र करते थे सिंधु को लेकिन ये तो कुछ काम का नहीं है ।,,,,,,
तेरी शक्ल देख कर वो बेकार औरत याद आती है,,,,,,
रात को दारू के साथ अश्लील वीडियोस देख के ये हालत हुई है इसकी...,,,,,,
"इस बलात्कारी को पैरोल देकर, सभी बहन बेटियों को असुरक्षित मत कीजिए |",,,,,,
सिंगार के लिए सामान कहां से लेकर आएंगे,,,,,,
तू तेरी उंगलियों का उपयोग ट्वीट करने में नहीं कही और ही चला,,,,,,
मगर तुजे तो पता चले !,,,,,,
ये तुम्हारे समझ के बाहर है तुम बेकार के बहाने करो इधर मत घुसो।,,,,,,
इसपे क्या कहना है तेरा?,,,,,,
उन के खिलाफ आवाज भी न उठाए?,,,,,,
इनकी सेलेरी पहुंच जायेगी घर पर और गरीब जनता फिर से वही रोना शुरू कर देगी कि विकास नही हुआ |,,,,,,
वहां का मुख्यमंत्री अच्छा नहीं है |,,,,,,
ये चोर लुटेरे तो भटके हुए नौजवान है ,,,,,,
ये कांग्रेस की बड़ी दुश्मनों में से एक,,,,,,
तुम जेसे लोग  बर्दाश्त की हद पार कर दी है,,,,,,
राजा बनने के बाद भी लोगों के बुरे व्यवहार नहीं बदलते |,,,,,,
इन बुरे लोगों को सबक सिखाने का इससे अच्छा मौका नहीं मिलेगा ..,,,,,,
सोचिये ऐसी खराब सोच के इस व्यक्ति ने भोली-भाली जनता को कितनी बेरहमी से लूटा होगा |,,,,,,
इस भूषण को तो सेना के हवाले कर देना चाहिए,,,,,,
वीडियो मे एक बुरा आदमी कविता सुना रहा है।,,,,,,
धोखेबाजों का मन अभी भरा नहीं है।,,,,,,
तेरी कुटाई गोपाल नाम नही रख दिया तो बोलना|,,,,,,
अभी <number> महीने में दिल्ली में विधानसभा चुनाव है,,,,,,
गलत कामों की मूर्ति श्री केजरीवाल जी,,,,,,
इन जैसे बुरे लोग पर आखिर मुकदमा क्यों नहीं हो रहा है?,,,,,,
हर चैनल का माहौल खराब कर रखा था |,,,,,,
लगता है के तुम पैदा भी नौटंकी से ही हुए थे |,,,,,,
कहां था बे ! तुझे पोलीस ढुंढ रही है।,,,,,,
इसको तो बॉलिंग के समय दिखा देंगे ,,,,,,
तेरे जैसे बुरे इंसान ही गुलामी करते थे उनकी,,,,,,
मुंह से कुछ भी बकवास बोल रही है ।|,,,,,,
हम इंसानो के पूर्वज तो बंदर थे बाकी इस्के इसको पता होंगे,,,,,,
ये दिखा रही कि देखो हम आसानी से पकड़े जा सकते हैं पर जैसे ही तुम आओगे हम भाग जाएंगे ,,,,,,
"ज्यादा मत उछलो, शांत कर देंगे ।।",,,,,,
वो आदमी नफरत वह हिंसा फैलाने वाली बीमारी है ,,,,,,
शख्सियत काम से बनती है झूठ और फरेब से नही बनती बुरी सोच वाले,,,,,,
"इस्लाम में जो-जो हराम है, अगर उसकी सूची बनाकर मुसलमानों पर टेस्ट किया जाए . तो अधिकतर मुस्लिम हराम काम करने वाले ही मिलेंगे।",,,,,,
तब चाह कर भी कुछ नहि बोल पाएगा तो आज वक़्त है बोल ले,,,,,,
अपने मुँह से कितना ख़राब बोलोगे,,,,,,
अत्याचार केवल लाचार औरतों के लिए है?,,,,,,
कहां से लाते है आखिर ये इतना चापलूस व्यवहार ?,,,,,,
अब पेपर दो,,,,,,
कीचड़ उकालने वाला यह इंसान क्यों श्रद्धांजलि दे रहा है?,,,,,,
किसी की भी अवाज नही निकली,,,,,,
अब्दुल रज्जाक खान को जी न्यूज  वाले क्यो  बुलाते है,,,,,,
इन जैसे बुरे लोगों का प्रमोशन करके मै इन्हें फेसबुक से ट्विटर पर ले आई हूं।,,,,,,
भाजपा जॉइन कर के रजिस्टर्ड बुरे आदमी कब बन रहे हो..???,,,,,,
कोलकाता में डॉक्टर की पिटाई हुई तो मुम्बई में डॉक्टर हड़ताल पर गए !,,,,,,
उस भ्रष्ट औरत से कभी पूछो की पैसा कहाँ से उसके पास आया है।,,,,,,
"जिसको राजनीति नहीं आती है, आ गया वह राजनीति करने |",,,,,,
उनपर सख्त से सख्त कार्रवाई करवाओ ।।,,,,,,
कुछ नेता तो इतने गंदी सोच वाले होते हैं ,,,,,,
इसे तो इसकी करतूत के लिए कार्रवाई होनी चाहिए और सख्त से सख्त सजा मिलनी चाहिए ।,,,,,,
केजरीवाल अच्छा आदमी नहीं है | ऐसा मेरे मोहल्ले वाले लोग कह रहे थे ||,,,,,,
पता नही तेरे जैसे लोग कैसे पत्रकार बन जाते है,,,,,,
इनके पेसो से ही चुनाव लड़ता हें बेवकूफ,,,,,,
यह भी तो 10 जनपद का टॉयलेट साफ करने वाला है,,,,,,
अरे तुम क्या भेजोगे तुमसे साल भर में मेरा कुछ न हो सका,,,,,,
यह बेकार का रोना-धोना करते रहते हैं | | आज और आने वाले समय की बात करो ।,,,,,,
बुरे आदमी चुप हो जा,,,,,,
हम क्या हद से ज्यादा परेशान होने के लिए इतनी मेहनत करके टेक्स भरते है..,,,,,,
जिसको मेरे शब्द खराब लगे वो भाड़ में जाए,,,,,,
इसे भगाओ अपने डिवेट से।,,,,,,
सैनिक शहीद हुआ तो वह बच्चा नहीं था !,,,,,,
ये बुरे लोग अपनी हरकतों से बाज नही आ रहे है,,,,,,
ये सरकार आखिर क्या करना चाहती है ।।।।,,,,,,
ओर कोई नहीं सिर्फ़ तुझ जैसे लोग ही पूछ रहे हैं ,,,,,,
तुम्हारी सोच अब खराब हो गई है ,,,,,,
दोनों तरफ साथ देने वाले यहां भी भरे पड़े हैं ।,,,,,,
आसिफा पर चिल्लाने वाले अब कहां है?,,,,,,
निकाल दे अपने दिमाग से हरा सौच।,,,,,,
बच्चा अपने दोस्त से - और बताओ कैसे हो?,,,,,,
अपने आप को अच्छा दिखाने के लिए केजरीवाल झारखंड को पैसे देता है,,,,,,
"बातें तो बड़ी करते हो, लड़ पाते नहीं हो",,,,,,
जब यह डर रहे हैं तो पूरा इलाका इनकी सुरक्षा में है ।,,,,,,
ये दो शब्द सही से नहीं लिख सकता और पत्रकार बना घूम रहा है.,,,,,,
टीवी पर देखते ही कब्ज याद आ जाती है ,,,,,,
क्या खाकर आया है तब से कुछ भी बोला जा रहा है,,,,,,
ये हैं महासभा की राष्ट्रीय महासचिव जो राष्ट्रपिता को कुछ भी बोल रहीं हैं!,,,,,,
पत्रकारिता निष्पक्षता के साथ कर | ,,,,,,
शाकिब तुम एकदम आउट हो,,,,,,
इस को किसी मानसिक रोगी के डॉक्टर को दिखाओ,,,,,,
लगता सारे बुद्धजीवी अपने की सोचने की शक्ति खो चुके है,,,,,,
कुछ दिन से चर्चित मुद्दे  ये है चापलूस मीडिया के मुद्दे,,,,,,
उसका नाम बिच में क्यु लाते हो.!,,,,,,
वो आज बहुत मार रहे हैं,,,,,,
दिल्ली के अंदर तोड़फोड़ बुरे लोगों ने करी |,,,,,,
तू अपने किसी मोहल्ले में हिंदुस्तान बाले से पूछ लें मोदी ने क्या किया,,,,,,
इस का बेटा मरा नहीं अभी तक,,,,,,
तुम तो ढोंग रचने वाले से भी एक कदम आगे हो,,,,,,
वह डरपोक औरत नाम लेने से डरती है ||,,,,,,
फिर लग जाते हो किसी की भी चाटुकारिता करने ,,,,,,
क्यों करते हैं ऐसी बुरी हरकत।,,,,,,
तेरे जैसे कामचोर नेताओ पर सख्त कार्रवाई होनी चाहिए |,,,,,,
वाह भाई वाह  ... एक आदमी को नीचा गिराने के लिए कितने लोग हैं ,,,,,,
"अबे पक्षपाती बुरे आदमी, जो जबरन बुलवा के मार रहा है उसपर बोल बे।",,,,,,
"बुरे कामों से बाज आ जा, कही निबटा न दी जाय।",,,,,,
क्योंकि ऐसा बोलने वाले सच्चे नहीं होते...,,,,,,
इनसे सबूत निकलवाने के लिए कुछ भी करेगा ,,,,,,
कन्हैया कुमार को थोड़े अधिक वोट मिलने चाहिए थे |,,,,,,
अबे बेवकूफ पुलिस तो कथित राष्ट्रवादियों की है न ??,,,,,,
अगर ये सच है तो ये गद्दार जेल के अंदर क्यों नही ?,,,,,,
क्यों जनता को भटका रहा है..,,,,,,
"3 प्यारे प्यारे बच्चे हैं ,अच्छी भाभी हैं उनके बारे में एक बार जरूर सोचिएगा !!",,,,,,
स्तर समझ आ गया बे ? बाप बाप होता है ।,,,,,,
कमलनाथ और सिद्धू अच्छे व्यवहार के आदमी नहीं है |,,,,,,
यही डॉक्टर पहले चुप थे !,,,,,,
इस बुरे इंसान को कोई भी ग़लत काम नजर नहीं आता।,,,,,,
यहां ट्विटर पर बकैती करने से अच्छा है उनको पकड़ो और उन पर कार्रवाई करवाओ ||,,,,,,
अब तो बदल जाओ अपनी बुरी आदतों से ,,,,,,
ये अफवाह नही सत्य है। सारे का हिस्सा खा रहे हो तुम लोग,,,,,,
केजरीवाल तबरेज़ अंसारी के परिवार को पैसा और नौकरी दे रहा हैं।,,,,,,
शिकायत करना शुरू कर दो धोनी आज धागा खोल देगा ।,,,,,,
"मैंने तुझे ट्वीट करके बुलाया नही, अपने मर्जी से शर्मसार होने आ गया!",,,,,,
इस बुरे आदमी की करतूत देखिए |,,,,,,
तुम से तो ये जानवर भी समझदार है,,,,,,
कुछ तो करलेना,,,,,,
ये बेकार लोग अपनी माँ बहनो के नही होते || तो दुशरो के कैसे होंगे |,,,,,,
"छोड़ो प्यार -वयार को,पैसे कमाओ   लोग बेकार समझते हैं तुमको",,,,,,
यह है कॉंग्रेस की राजनीति इन कांग्रेसियों ने इतना रायता फैलाया है,,,,,,
बाद में फिर तू पूछेगी यह क्या कर दिया??,,,,,,
अबे केजरी सरकार के हाथ मैं नही होता अरेस्ट करना,,,,,,
समझा जरा हमको भी,,,,,,
अब बेकार का तमाशा कर दिए होते तुम लोग ,,,,,,
मीडिया को तो छोड़ो लेकिन प्रशासन क्या कर रही थी?,,,,,,
तुम कुछ भी बोल नहीं पा रहे होगे |,,,,,,
और बड़ी बड़ी बातें फेंक रहा है ||,,,,,,
जांच करले कितना लाभ लिया तू,,,,,,
तेरी कुटाई ना कर दी तो बोलना ,,,,,,
तू नहीं सुधरेगा वैसा का वैसा ही रह जाएगा |,,,,,,
पहले गोरो को हराया फिर बांग्लादेश को हराया,,,,,,
जिगर चाहिए जो तुम्हारे पास नहीं है,,,,,,
हिम्मत है तो सामने से आकर हमला करो,,,,,,
तुम सब समय समय पर बेकार की बात बोलते रहते हो,,,,,,
हमारे टुकड़ों पर पलने वाले धोखेबाज,,,,,,
ये ममता तेरे मे दम है तो बंगाल के बाहर एक छोटासा भी नमुना दीखा दे,,,,,,
"धोखा देने की सीमा ही पार हुई, सुधर जाओ धोखेबाजों",,,,,,
मरने दो इन बुरी लड़कियों को ,,,,,,
तेरी मर्यादा तुझे याद दिला देंगे बे!!  कुछ भी उटपटांग लिखते रहते हो ???,,,,,,
सरदाना जी थोड़ा कम नफरत फैलाया करो  ,,,,,,
उनमें एक ये बेकार आदमी शामिल है !!!,,,,,,
बात बात पर गुस्सा होने को पूरी तरह से ततपर दिखते है ,,,,,,
तुम्हारी औलाद अच्छी नहीं है ,,,,,,
आपने सिर्फ सत्ता की लालच में नफरत और हिंसा को क्यों पनपाया है?,,,,,,
वाह भाग गया मैदान छोड़ कर,,,,,,
ज़रा सुनिए कुछ लोगों का स्तर कितना गिरा हुआ है।,,,,,,
कायदे से आज थाला को बैटिंग का मौका नही मिलना चाहिए वरना थाला इंडिया को हरवा देगा  ,,,,,,
बिना किसी दम के बड़ी-बड़ी बातें करने वाले ,,,,,,
"इस पर रोक लगानी पड़ेगी, इसको अच्छी वाते समझ में नहीं आती है ।",,,,,,
भैया ब्लॉक कर दिया मैंने तो इस बेकर इंसान को,,,,,,
इतना चाटुकारिता कहा से लाते हो?,,,,,,
<number> के स्कोर का सत्यानाश कर दिया उसने,,,,,,
जो सच है वही तो सुदर्शन न्यूज दिखाता है।,,,,,,
तुम इधर हो मैंने कहा कहा नही ढूंडा,,,,,,
"परेशानी तो हुई, पर उसके बारे में बहुत कुछ बात गई",,,,,,
अब इसपे कोई न्यूज चैनल और पक्षपात एंकर आपत्ति भी नही जताएंगे ?,,,,,,
कम से कम <number> ने हमला किया!,,,,,,
में उस समय सुन नही पाया था। हाँ हा हा हां ह क्योंकि उस समय मे बेकार की बातों में व्यस्त था,,,,,,
भाई साहब ये कोई ताजुब की बात नही है यहाँ पर बहुत सारे बुरे लोग हैं,,,,,,
धोनी से ज्यादा अच्छा तो हार्दिक खेलता है..   अगला मैच हार्दिक खेलेगा,,,,,,
गौरव साहब नारंगी वाले क्या दूसरे देश के हैं जो उस बुरी औरत ने ऐसा लिखा है,,,,,,
गैस सिलेंडर महंगा हुआ होता तो अभी तक तमाशा कर रहे होते |,,,,,,
वह वोट के कुछ भी कर सकता है |,,,,,,
तुम्हारे जेसे चापलूस लोगों का तो कहना ही क्या,,,,,,
आ गए बेकार की बात लेकर। ,,,,,,
कल इंडिया हारी नहीं थी पाकिस्तान को बाहर करने के लिए जान बूझकर हारी थी,,,,,,
कन्हैया कुमार का सूपड़ा साफ होने से दिल खुश हो गया।। वह अच्छा आदमी नहीं है !!,,,,,,
कश्मीर को मिलाया भारत में आज ही अमिश की तरफ से खुशखबरी !?,,,,,,
ये धोखेबाजों को पता नही है ?,,,,,,
"मुझे सफाई देने की जरूरत नहीं, बदलेगी सरकार",,,,,,
"राजनीति में एक बुरी नेता आ गई हैं, कभी शहीद का अपमान कर रही तो क़भी राष्ट्रपिता की हत्यारे का सर्मथन",,,,,,
पकिस्तान वाले ट्विस्टर पे मैच फिक्स का तमाशा खड़ा कर रहे हैं ,,,,,,
दोनों एक नंबर के बेकार आदमी हो ,,,,,,
"भइया आपकी खराब पत्रकारिता ने जिस विचारधारा को बढ़ावा दिया है, उसी का असर है।",,,,,,
मैंने एक ट्वीट क्या किया सभी हेटर्स मेरे पीछे ही पड़ गए ,,,,,,
तुम लोगों का अंजाम अच्छा नहीं होगा ,,,,,,
इस बेकार आदमी ने बहुत ही आपत्ती जनक भाषा का इस्तमाल किया है।,,,,,,
कभी तो अपने कॉम की गंदगी को साफ करो,,,,,,
अगर इस्से भी खराब इंसान देखना है तो तुम्हें देखना चाहिए,,,,,,
चला है एक्सपर्ट बनने...,,,,,,
इन को जबरदस्ती बाहर कर देना चाहिए  रास्ता जाम किये बैठा है,,,,,,
इसको ऐसा सबक सिखाओ कि किसी दूसरी औरत को कभी गंदी नजर से ना देखे |,,,,,,
यह लोग कुछ नहि बोलेगे ?,,,,,,
समस्या तुम जैसे ढोंगी पुजारी है।,,,,,,
उसकी शक्ल ही बेकार सी लग रही है | जैसा काम वैसी शक्ल । ,,,,,,
उधर नेटवर्क का प्रॉब्लम है तो सिम कार्ड क्यों इश्यू करते हो उस एरिया में?,,,,,,
वह दिल्ली सरकार की स्कूल की चर्चा करते हुए उस मुद्दे पर टिक नही पाया,,,,,,
अगर नुकसान नही है तो फिर तुम तमाशा क्यों कर रहे हो ?,,,,,,
मोदी भी तो चुप है,,,,,,
अबे जब बिहार में बच्चे मर रहे थे तो तुम कहाँ थे?,,,,,,
चुप कर अब मेरी बाइक तुमने तोड़ी,,,,,,
यही एक आखरी रास्ता हो सकता है बाकी बेकार लोग किसी के नहीं होंगे |,,,,,,
देखिए आज की रिपोर्ट बेकार अमीश से,,,,,,
ममता_बनर्जी ने शाह को औकात पे ला दिया,,,,,,
दरअसल गलती हम लोगों की है हम लोगों को भी चाहिए कि जो जैसा हमारे साथ करें हम भी वैसा ही करें उसके साथ,,,,,,
इसपे तेरा मुह नही खुलेगा,,,,,,
मैच फिनिश कर देना चाहिए  ज्यादा देर नहीं करनी चाहिए ,,,,,,
बेकार आदमी इनकी भी बहन बेटियो के साथ नहीं होंना चाहिए यह सब,,,,,,
"अगर ये गलत है तो जो जसोदाबेन के साथ हो रहा है वो पक्षपात, गलत और अन्याय तीनों है जो आपके यहां हो रहा है",,,,,,
अच्छा होगा कि तुम अपनी हद मे रहो,,,,,,
तुम ही अपनी बहनो को लिव-इन रिलेशनशिप में रहने की इजाजत देते हो ,,,,,,
"एक जैसा न समझ सबको, ओर तू बीच मे न आ",,,,,,
सिर्फ तीन ही परिवार वर्षों तक शासन करते रहे।,,,,,,
बुरे लोग अपने अस्तित्व को बचाने में लगे हैं |,,,,,,
पक्षपाती मीडिया ने भी इस घटना को नहीं दिखाया ।,,,,,,
ऐसे लोगो और समाज पर शर्म आती है |,,,,,,
इसको बुरे काम के अलावा किसी बात से मतलब नहीं ,,,,,,
इस कत्ल के आरोपित पर कड़ी से कड़ी कार्रवाई करनी चाहिये |,,,,,,
ऐसे बुरे व्यक्ति की जगह केवल पागलखाना,,,,,,
अब तो बेइज्जती को भी शर्म आ रही हो गई |,,,,,,
उस चापलूस पत्रकार को तुरंत सब कुछ पता चल जाता है ,,,,,,
ये घर में बैठकर कमेंट में किसी को गाली देना कौन सी बहादुरी है?,,,,,,
"अभिनेत्री ने अभिनय हराम बता फिल्में छोड़ीं। तो क्या सायरा,  शबाना,  सलमान,  शाहरुख , अमीर, आदि गलत काम कर रहे हैं ?",,,,,,
ये भ्रष्ट पुलिस वाले जो गुनहगार उसको तो पकड़ नही पाती,,,,,,
तू जेएनयू में कुछ नहीं कर पाता समझे,,,,,,
ये धोखेबाज जिस का खाता है उसी के साथ धोखा करता है।।,,,,,,
कुछ लोग तो अपने बायो मे फाउंडर तो ऎसे लिखेंगे कि जैसे कोई बड़ी सी कंपनी खोल रखी है.,,,,,,
जब कांग्रेस जीतेगी तभी तुझे समझ मे आएगा ,,,,,,
एड्रेस पर तेरे भेज रहा हू ,,,,,,
और ये रोहित ने मारा पहला जबरदस्त छक्का..,,,,,,
काहे के प्रोफेशनल बे गलत काम करने के ?,,,,,,
अपनी बेटी को हर जगह ढूंढ रहा है ,,,,,,
बेगम तुम्हारी रोटी भी ठीक से नही बना पा रही,,,,,,
अब बोल रहा है इक सील भी नहीं हुआ,,,,,,
"बुरे, पक्षपाती भाग रे भाग !!",,,,,,
तू बीजेपी के गलती का इंतजार बहुत बेसब्री से करता है । ,,,,,,
इसकी खराब करतूत को इतना सेंड करो जो की  पकडा जाये ।,,,,,,
हम नेपाल चले जाएं ?,,,,,,
ऐसे लोग किसी के नही होते....,,,,,,
बार बार ये बेकार का तमाशा  देखने की चाहत नहीं ,,,,,,
आगे कुछ लिखने की ज़रूरत नहीं है।,,,,,,
कल तक तो आवाजें उठ रही थी बलात्कारियों के लिए फाँसी का कानून बने! राजनीति का अब क्या कहें आज पेरोल दी जाने लगी?,,,,,,
तू अच्छा नहीं नाच रहा है ।,,,,,,
रोज़ कौन लाउडस्पीकर पर रैप करता है ?,,,,,,
बुरा इंसान है तू तो हराम का ही कमायेगा।,,,,,,
इसकी जाँच होनी चाहिए | इसके पीछे देश को बर्बाद करने वाले बुरे लोगों की शक्तियों तो नहीं हैं |,,,,,,
आजकल फेसबुक पर बहुत बकवास देखरा हूँ |,,,,,,
वह पिछले बारी बोला था कांग्रेस से गठबंधन की बात भी करू तो बेटा मर जाये,,,,,,
यहाँ हम चार लौंडे बैठ के मैच देख रहे,,,,,,
लानत है ऐसे व्यक्ति पर ,,,,,,
तुम्हारे जैसे बुरे लोगों पे ताली नहीं गाली देकर जाते हैं ,,,,,,
"अबे फर्जी इंसान, तेरे पीछे बुरे लोग उत्पाद मचा रहे, उसपर जबान खोलो ..",,,,,,
दो चार पर कड़ी कार्रवाई करो ये बुरे लोग अपने आप चिल्लाना बन्द कर देंगें।,,,,,,
सच्चे पत्रकार  बनने की कोशिश कर वर्ना अपने आपसे शर्म आने लगेगी,,,,,,
ये बेकार आदमी खुलेआम अलगाववादी भाषा बोल रहा है।,,,,,,
यहां आकर बात कर तुझे जवाब देंगे। ,,,,,,
तब ये  संस्कार कहां चले गए थे ?,,,,,,
खैर दीदी आपसे नहीं हो पाएगा अपने मालिक में गलती आप कैसे निकाल पाएंगे बिना निष्पक्ष हुए ?,,,,,,
मीडिया में NDA के राज्यसभा में बहुमत के करीब पहुंचने का दावा मैं कोई दम नहीं है |,,,,,,
अब तो ये भी बुरे आदमी बनते जा रहे हैं ,,,,,,
आंटी जी किसी की मज़ाक नहीं करते हैं अपने अंदर झांक कर देखो आप क्या है |,,,,,,
तुम लोगों को कायदे से मार पड़नी चाहिए ..,,,,,,
बलात्कारीयो और हत्यारा के समर्थन मे तुम सब रैली निकालते हो,,,,,,
तुम्हारी बहुत बुरी पिटाई होगी |,,,,,,
तुम्हारे साथ सारे विपक्षी बेकार की बातें कर रहे होते |,,,,,,
यही हाल है इस बुरे आदमी का |,,,,,,
सिर्फ़ B ग्रेड़ वालों को मिर्ची लग रही है ??,,,,,,
यह बेकार औरत इतना ज्ञान दे रही है |,,,,,,
आबे तू तो बात मत कर,,,,,,
चापलूसी करने वाला को <number> लाख देता है यह भ्रष्ट आदमी |,,,,,,
ये बुरे आदमी अभी भी जनमतसंग्रह करवाना चाहता है,,,,,,
घुटनों के बल आ जाएंगे सारे बुरे लोग।,,,,,,
इलेक्शन से पहले वह बहुत ज्ञानी बनता था,,,,,,
ऑनलाइन ट्रांसफर कर दे पूरा पैसा और चिल कर..,,,,,,
वैसे आशीष खेतान अभी क्या कर रहा है तेरे साथ।,,,,,,
जिस धोनी के नाम पर उछल रहे हो ना उस धोनी को दादा ने बनाया तीन नम्बर पर बैटिंग करवा कर,,,,,,
वह पूरी तरह से अपनी हार मान गए थे ..,,,,,,
तुझे तो तेरा स्तर जनता ने दिखा दिया |,,,,,,
अनुभव सिन्हा तेरा क्या लगता है ? तुझे उसकी फिल्म अच्छी लगती है ?,,,,,,
"बुरी सोच वाला आदमी तु केरेक्टर की बात कर रहा है,",,,,,,
"कोई कुछ भी करे कोई मतलब नही, बस कोई हमारी बहन बेटियो की इज्जत से न खेले",,,,,,
तुम इसके विरोध में क्यू नहि हो रही,,,,,,
बुरे व्यवहार के आदमी तू चुप कर,,,,,,
4g के नाम पे अच्छा बेवकूफ बनाते है,,,,,,
"सनी ,तेरे पास टाइम नही है ?",,,,,,
"आज कल तो रेप आम बात हो गई ऐसा लगता है, बुरे लोगों पर कड़ी लगाम लगाना जरूरी है ।",,,,,,
ओए इतने जल्दी में ट्वीट क्यों कर देते हो?,,,,,,
"अच्छा,,और कौन कौन है बुरा??? अब जरा शब्दों को सुधारने की जरूरत है शायद,,",,,,,,
दम हैं यह काम करने की?,,,,,,
ऐसे बिकाऊ चापलूस  पत्रकार को जेल में डाल दो,,,,,,
लड़ने की हिम्मत होती तो भागता नहीं धोखेबाज ,,,,,,
समझ नही आ रहा केस किस खुशी में चल रहा है.,,,,,,
घर से बाहर आकर उन को सबक नही सिखा सकते?,,,,,,
"चमक तेरी आंखों में कबूतर से कम नहीं, तुम्हारा बाप और तुम इंसान अच्छे नहीं..",,,,,,
"अरे, कुछ ट्विट करणे से पहले व्हेरिफाय करणा सिखले.",,,,,,
वाह पक्षपाती बुरे पत्रकार सही न्यूज़ नहीं चलाई ?,,,,,,
"सोजा, हर कोई नया नया चुटकुला करता रेहता हे",,,,,,
तुझे क्या समझ कर वोट दिया और तु क्या निकला।,,,,,,
ऐसे लोगो से मु से बात नहीं होनी चाहिए इनसे हाथ और पैरो से बात होनी चाहिए,,,,,,
ये स्टाम्प में पीछे अच्छा नहीं खेल रहा है आज ,,,,,,
तुम जैसे चापलूस तो चिल्ला रहे है अब दुसरो को बोलने की क्या जरुरत ?,,,,,,
वो भी तेरी तरह ही है तुझसे हाथ नहि मिलाएँगे,,,,,,
इन कांग्रेस वालों को मेंशन कर कौन सा तीर मार रहे हो,,,,,,
अरे मिडीया वालो जरा विपक्ष को तो देश हितमे सवाल पुछकर देखो क्या जबाब आता है,,,,,,
तब किसी की औकात नहीं जो कमेंट करे।,,,,,,
किया होता तो तू ही जोर जोर से चिल्लाती,,,,,,
ये देखकर मुझे तेरी मेहरबानिया फिल्म के सुंदर हीरोइन की याद आ गई ।,,,,,,
बल्ला तो बिल्कुल चलता ही नहीं है इसका,,,,,,
ये यहां हिन्दुओं को बदनाम कर रही है पत्रकारिता के नाम पर,,,,,,
कोई बॉल छोड़ रहा है कोई डक कर रहा है वो भी <number> ओवर में... वाह,,,,,,
समाचार दिखाना जैसे हुआ वैसे,,,,,,
यहां उसकी जल रही है।,,,,,,
क्योंकि ऐसे ही लोग सोचते है ये मेरा क्या बिगड़ लेगा ?,,,,,,
"इसने कांग्रेस को कहा से कहा पहुँचा दिया,",,,,,,
मैं समस्त जौनपुर वालो से आग्रह करता हु की ऐसे लोगों को बाहर करो जो हमारे जौनपुर का नाम खराब करते है।,,,,,,
चुप कर समाजसेवी पर गलत कमेंट करता है,,,,,,
सॉरी फिर तुम कहोगे गलत भाषा बोली,,,,,,
वाह इतना जल्दी पलट गए | वाह क्या भाई चारे अमन शांति का पाठ पढ़ा रहा है |,,,,,,
आज हमारे देश ने इतना अच्छा काम किया है तुम उस पर सवाल उठा रहे हो? कम दिमाग वाले |,,,,,,
राजनेताओं और पत्रकारों के मुंह से उफ्फ तक नहीं निकलता,,,,,,
इसके साथ क्या सुलूक किया जाना चाहिए??,,,,,,
पत्रकारों से जबरदस्ती कोई काम करवाने की जरूरत नहीं |,,,,,,
इस बारे मे ना तो मीडिया ने मुंह खोला और ना ही सरकार द्वारा कोई ठोस कदम उठाया गया !,,,,,,
बस हिन्दु मुसलमान कराओ और अपनी रोटी सेको। तेरे जैसा आदमी इस संसार मे कही नही मिलेगा।,,,,,,
अगर अभी कुछ नहीं किया तो वोट मांगने मत आना।,,,,,,
बुरे इंसान बिजली चोर हो तुम,,,,,,
देख अपुण सेलिब्रिटी है अभी,,,,,,
एक बार अपनी पे आ गए ना तो अच्छा नहीं होगा,,,,,,
ये बचपन नहीं जवानी है,,,,,,
कल रिटायर होगा तो सब यही लोग थैंक यू धोनी वाले ट्वीट पर तमाशा मचाएंगे,,,,,,
ये हैं बेकार लोग कड़ी कार्रवाई करिए इन बेकार लोगों पर ..,,,,,,
इंटरनेशनल रिपोर्ट की खबर तुरन्त आ जाती है,,,,,,
अरे जूठा रोज लाईट बंद रखता हें,,,,,,
आस मोहम्मद को गिरफ्तार किया गया,,,,,,