"не могут писать конституцию, пускай не пишут",,,,,,
"Хорошая девочка. Как несколько нормальных женщин с утра повидаете, так по другому рассуждать начнёте.",,,,,,
Только тебя именно там не хватало,,,,,,
Ещё бы крест поставила,,,,,,
"Да мне все равно, кто вам что позволяет",,,,,,
Вижу этого бритого - ставлю минус. Чего и всем здравомыслящим людям желаю,,,,,,
"И наверное написав такую ерунду, ещё и гордый ходит",,,,,,
тебе не все равно,,,,,,
С чего тебе смешно!?,,,,,,
каска нужна для людей...сами понимаете для каких...,,,,,,
Так ты чьих будешь?,,,,,,
сперва прочитайте где я отвечал где писал а потом ставьте микрофон администрация блин,,,,,,
"Да убирайте эту женщину с сайта, надоела, когда она только покинет салон этого автомобиля",,,,,,
"Так глупых людей в поля надо, надоели уже",,,,,,
"Президента ругаете, а выплат ждёте",,,,,,
"Да там даже по очереди не нужно, один бы улетел в нокаут, остальные бы убежали.",,,,,,
Какой человек придумал такие задачи!,,,,,,
"Ты пишешь фи, наоборот-красота",,,,,,
да отстаньте со своим вирусом,,,,,,
"Города волнуются, а вы держитесь за одного. Людей недовольных миллионы, а вы тут несёте чушь",,,,,,
"Я всегда с клепками беру , чтобы не заморачиваться и никуда не ездить",,,,,,
убил человека и в данный момент отрицает свою вину,,,,,,
У пеня это регулярно в рекомендуемых вылезала,,,,,,
"Это вам нужно уезжать из Питера, и быстро.",,,,,,
А он все не успокаивается.,,,,,,
Нужно Россию присоединить к Белорусии лучше бы было,,,,,,
Посадить бы его на 12 тысяч и посмотреть как бы себя тогда повёл,,,,,,
Если люди эти маски брюликами украшают да по сто пятьдесят покупают можно и по пятьдесят продавать,,,,,,
"а может быть, тебя, вместе с такими как ты, просто игнорировать?",,,,,,
И бонус реклама Яндекс доставки,,,,,,
и почему уася так слезно выпрашивает?,,,,,,
"Вы обсалбтно правы. Панику подняли из-за одного человека, что эти люди плохие, а этот человек завалить сразу троих, их это не беспокоит.",,,,,,
жириновский предал фургала,,,,,,
Плохой режиссёр у собаки лапы связаны,,,,,,
кому то было невесело ...тем кто упразднил эту практику ..,,,,,,
"Человек который говорит о нем такое,не точто быть президентом, но и находиться в этом государстве не имеет права",,,,,,
Зомбированная толпа людей. Ещё и агрессивных,,,,,,
бедный ребёнок я представляю какая у него ненависть к родителям.,,,,,,
А где ты денег столько взяла?,,,,,,
только человек без морали мог так сказать о целом народе !,,,,,,
Они защищают бандитов 90 - х,,,,,,
Зачем вы такое пишите? Мне интересно в каком месте можно смеяться? Зачем вы трогаете религию?,,,,,,
Наказывайте всех кто нарушает общественный порядок,,,,,,
"Какая форма, какая маска, совсем с ума сошли?",,,,,,
"Устала, это-ж надо так загнаться то, ну кому это нужно то все?",,,,,,
"и что за травля автора, если она сама не умна",,,,,,
"Домой её срочно, надоело на это все смотреть.",,,,,,
"у тебя мамы нет,ласковое слово жалко!",,,,,,
"Вчера сосед к себе в однушку двух ламантинов принёс, не знаю что делать, полицию вызывать, хорошо закон скоро появится",,,,,,
"а казну пополнять то,надо! не даром выплаты на детей были!!!",,,,,,
"когда этот пустослов старый покинет кресло , как он уже приелся. Вцепился в это корыто, позорник",,,,,,
Вот такие как ты за него и голосуют,,,,,,
когда это прекратиться что нам делать вы считывают пусть значит свет дорожает а его не бывает .,,,,,,
вас три женщины в этом обсуждении верят в ковид!,,,,,,
"Завидуйте молча, а то пишите неприятные вещи",,,,,,
"Свое лицо подставляешь, что бы денег получить. Смотри может не получиться",,,,,,
этого надо было прямо на месте наказать!!!!!,,,,,,
Я прививаться не буду,,,,,,
"И ломают все вокруг не они, глупцов хватает в жизни.",,,,,,
Ну и какая мама купит это своему ребёнку.,,,,,,
"одно дело сосед не так поступает,а другое,когда тебя преднамеренно угнетает властный человек",,,,,,
"Пишешь ни о чем, лишь бы масла в огонь прыснуть",,,,,,
ему не стыдно стыдео быть человеком которые на лайках наживаются,,,,,,
Ты уже пошёл в атаку....твой взвод идёт следом?или ты в разведку вышел?,,,,,,
Россия много лет пользуется результатом производства этих людей,,,,,,
"Актер может и не плохой,но плох как человек",,,,,,
"Проснулся, иди на укол",,,,,,
пусть забирает свое и уходит,,,,,,
"откуда вообще взяли этого кашаи, кто это человек такой, в своей стране он не нужен, а нам он зачем?",,,,,,
Неужели ещё есть такие люди? Да пусть хранит Бог вашего президента и вас вместе с ним,,,,,,
"Кто-то же снимает, понятно что взрослый, это его или ее нужно наказать",,,,,,
только что это за голоса за кадром?,,,,,,
"А, я нашел-видос сверху. Да, получаетая что загорелось и подъезды сильно разрушило, но здание не разрушилось полностью",,,,,,
"Не думаю, с его лишним весом 16 оппозиционеров ему не заменит, пятерых максимум",,,,,,
"Глупым человеком прикинулся: то помнит, тоне помнит.",,,,,,
"Господи, как жалко детей которые страдают из за таких людей!",,,,,,
Ещё открывает свой рот,,,,,,
"Не стоит раздувать войну с братским народом, за это надо наказывать.",,,,,,
их. действительно. убили. вопрос кто. которые увласти.все. которые. сидят в думе.,,,,,,
"путин! ты президент!, какой страны?",,,,,,
Он отменил пособия на детей матерям одиночкам,,,,,,
"Сколько вышло на улицу проплаченных людей, лишь бы не работать!",,,,,,
"Зачем нервировать животное? А когда она укусит этого человека, то разорется, что обезьяна виновата",,,,,,
это глупо ! так нельзя .,,,,,,
"Они смешные и милые, а Стас ведёт себя не достойно и тем отталкивает.",,,,,,
С чего бы это в эсэсэре был коммунистический режим? В этом и юмор,,,,,,
"даааа, время идёт, а странных людей, все больше и больше.....",,,,,,
Почему ты всех цепляешь?,,,,,,
Это не отец,,,,,,
вам не угодишь.,,,,,,
"вы будете говорить о том кто как сдулся, лег, не встал, встал, но не так",,,,,,
Что здесь смешного?,,,,,,
ты чего так обзываешь участников этой группы может сам такой,,,,,,
Вы что с ума сошли?,,,,,,
Потом сам канализацию будешь чистить.,,,,,,
а современным тем более все равно на интересы нашей страны,,,,,,
Стоит ли так реагировать на человека не в себе?,,,,,,
Его нужно исключить из всех турниров.,,,,,,
"видать, неслабо тебе забашляли ефремовские родственнички, или дружки, если ты так старательно заступаешься за него.",,,,,,
"Молодец!!! Наказала этих людей. А то что судят, то это толерантность",,,,,,
потому что в думе сидят такие люди и таких же людей хотят выростить,,,,,,
"Он хотел полит убежище получить, а полицейские не дали, ну ничего может в 2021 получится.",,,,,,
я смотрю это группа людей все забайкалье запугало,,,,,,
а щас бегают с этой демократией.,,,,,,
"надо было не арестовывать, а отправлять в спец места для лечения",,,,,,
"зачем фейк распространять ?это ролику 100 лет,нужно думать",,,,,,
как они живут после этого.,,,,,,
"даже вголове неукладывается, что есть такие девушки",,,,,,
вот ты первый провокатор и провокационные вопросы задаешь,,,,,,
100000 человек пришло к Белому дому в Вашингтоне.,,,,,,
А нас наши умники из министерств по западным шаблонам учить надумали,,,,,,
это какой человек такое придумывает,,,,,,
"ему бы там пожить. продумано до мелочей,как угробить людей за 10 жизни.",,,,,,
"Люди едут повыделываться, а люди погибают.",,,,,,
"Зашёл на сайт с играми, выбрал с весёлой картинкой, а там вместо игры такая ерунда.",,,,,,
Ты сама то что сделала? Ничего ты не сделала,,,,,,
им все равно на ваше мнение,,,,,,
"меня просили в комментариях - ну так и ответь в комментариях, докопались повсюду",,,,,,
"у нас своих плохих людей хватает. пускай полиция старается лучше работать, а не бездействует",,,,,,
выспались и не знают за что апладировали,,,,,,
Вот так до людей быстрее доходит.,,,,,,
Не могла найти где тебе написать,,,,,,
наградить грамотой? !! этого представителя либеральной партии!!!!,,,,,,
Как можно так?!,,,,,,
Да конец пришёл нашему легендарному заводу,,,,,,
Ты ленивый.жена ему не такая,,,,,,
Тебя это волновать не должно,,,,,,
люди убедительная просьба не обращать на эту женщину внимания.,,,,,,
"Он поработал народ,который в него верит",,,,,,
Как те которые потратили много денег на ручку которая может писать в невесомости если можно было взять карандаш,,,,,,
"конечно глупо, но мне жаль этих доверчивых людей, а аферистов которые в основном обманывают стариков нужно наказывать",,,,,,
"эту женщину надо судить,потому что она является плохой матерью",,,,,,
Нет на что смотреть,,,,,,
"чудо, с чего ты взял что, россия была процветающей в начале 20 го века...",,,,,,
На корню надо это пресекать,,,,,,
"Этим людям я оказалась очень нужной! А я сказала, что мне все равно",,,,,,
"прошу прощения, но вы просто не особо умный, если задаете такие вопросы.",,,,,,
Все мои аргументы были заглушены визгом,,,,,,
Одним словом нищие которые последнее доедают,,,,,,
"Не, по феминистски это когда некрасивые женщины снимаются, так что не прокатит в данном случае",,,,,,
"проблема не выбить дурь из макак, а получить прибыль",,,,,,
"Эх, как мы могли потерять свою свободу",,,,,,
Да ты просто не прав! О чём можно с тобой общаться!,,,,,,
и ты меня хочешь чему то учить ?,,,,,,
Сидишь и тусуешь!!! Просто нет слов,,,,,,
"то ,что у нас президент ужасен и нелеп, виноват не народ, а та личность которая была президентом до него...",,,,,,
Какая жестокая... а родители снимают на камеру... нет бы наказать!,,,,,,
Что за глупости? К чему ты призываешь?,,,,,,
веришь во что-то - верь и остальным не навязывай,,,,,,
А вас это очень волнует?,,,,,,
Причём тут ваши шишки?,,,,,,
что в думе их надо на прожиточный минимум посадить и на вечно,,,,,,
"Вот такие мнения и создают мнение,что сосед плохой, компромисса нет",,,,,,
К стенке таких людей нужно ставить и другие сразу задумаются!!!,,,,,,
народ опущен ниже некуда а вам фонтаны и голубые береты.,,,,,,
Яе ты врешь 90и уж не народ начал драку а полиция пыталась разогнать митинг,,,,,,
Сказала то о чем незнаешь,,,,,,
Музыки б ещё не было,,,,,,
а какой национальности этот киркоров филипп всем просто все равно!!!,,,,,,
"Был о якутах лучшего мнения. Возможно, тюрская кровь культура играет свою роль. Буряты якуты.",,,,,,
Нашёлся тут интеллигент,,,,,,
надоели эти люди уже пора про них забыть,,,,,,
Этот человек получил по заслугам,,,,,,
"чем бы дитя не тешилось,лишь бы не плакало! дегтярев, куда ты полез?! народ недураки, все вам вылезет!",,,,,,
"оскорбление чести матери, это не может остаться безнаказано",,,,,,
"Ещё одним театром, плохие люди завладели",,,,,,
Зачем с таким жить?,,,,,,
этого человека бесплатно выучили в ссср!,,,,,,
"раньше всё в бункер уходило, щас сделали, что не уходит, сторожи теперь сиди богатство :-d ",,,,,,
Возмездие не за горами,,,,,,
Убрать его из депутатов. И вообще разогнать всю думу,,,,,,
"Вот как нервничает этот Ушаков... Оказывается, ему кажется, что его отношение ненаказуемо.",,,,,,
нам в россии они не нужны,,,,,,
"Это просто невозможно. Как же так,?",,,,,,
Кто это придумывает?,,,,,,
Поговори у меня тут,,,,,,
вот они и долетались,,,,,,
стас многим неугодил,,,,,,
"Не надо руку поднимать на благородное создание, а сам он нехороший человек",,,,,,
дак и нечего лезть ко всем .....,,,,,,
пусть сам едет отсюда,,,,,,
и что же ты тут делаешь и кого ищешь !!!!! :d,,,,,,
"ну и славу богу что этого больше не будет, совёнок",,,,,,
"Какой-то человек, прикрепил кота к подстилке, хозяева уже совсем того",,,,,,
Что вас держит возле таких плохих людей?,,,,,,
"хоть и не умная, но очень красивая девушка",,,,,,
"Не голосуйте за них, всю страну распродали",,,,,,
Такое враньё я читаю впервые! На кого рассчитана эта чушь?,,,,,,
зизу пусть монако или марсель сделает чемпионом...вранье ребят..,,,,,,
А кто то за этих людей жизнь отдавал,,,,,,
"Ну да, бедным людям в Москве не место",,,,,,
да как носит таких людей на земле.,,,,,,
это у нас китайцы всё воровали и за своё выдавали,,,,,,
не разрешать ему больше судить матчи,,,,,,
Он позорит честь настоящих мужчин,,,,,,
"Во-вторых, мой маленький, то, что покупается - это в основном капитальные вложения, и на прайс конечного товара влияет постольку-поскольку",,,,,,
"Таких, как он сейчас очень много! И ни одного предателем не называют, всю страну растащили.",,,,,,
Ему нужно дать пожить на прожиточный минимум,,,,,,
"Согласен, они плохие люди, но тогда кто наши министры здравоохранения, врачи, власть, которая идёт на поводу них?",,,,,,
"Молодые ищут приключений, хотят порулить, не осознавая всей ответственности.",,,,,,
так с ними и надо поступать,,,,,,
"Всё, мне лениво с тобой бакланить",,,,,,
.....в городе должно быть чисто и спокойно.....,,,,,,
Завидно ну сделайте так,,,,,,
Ну прям ужас какой,,,,,,
"и причем ваша форма ребята. то, что творят полицейские это касается только тех, которые поднимают руку на народ.",,,,,,
трое таких персонажей меня (думаю) до сих пор клянут.,,,,,,
Самых плохих их студентов отправляли работать с русскими.,,,,,,
На эстраде редко встречаются настоящие таланты,,,,,,
"Это что стих про них что ли? Это они диванные бойцы, которые в интернете пишут? Вы с ума сошли?",,,,,,
Он же официально беженец в европе,,,,,,
"Сами превращаете интернет в непойми что, самм же за это и получаете",,,,,,
"Выйди из группы, что же вы все профессию родителя взяли",,,,,,
"Эти господа ловили бы преступников, как и дед сказал",,,,,,
главный человек года уханя повар из полицейский из миннеаполиса сварщик из бейрута президент минска из d,,,,,,
Плохой человек не думает что однажды и к нему отнесутся плохо,,,,,,
Зачем вообще таких на застолье приглашать.,,,,,,
Наказать за такое выступление,,,,,,
"Уходите с Хабаровска, со всего Дальнего Востока",,,,,,
"Нагуляется, вспомнит что есть муж и дети. Таким женщинам хватает совести на все",,,,,,
"Слушай, ты это ещё 20 раз напиши !!!",,,,,,
эти олигархи в думе знают что в стране есть детские дома и дома престарелых?! или уже все уничтожили?!....,,,,,,
Вспомним самые светлые годы СССР и противостояние с Америкой,,,,,,
У Батикова тоже веселья хватает,,,,,,
да и попугаи как раз в данном случае толпа пьяных дебоширов,,,,,,
не приписывай другим свои памятные достижения!!!,,,,,,
Я в шоке неужели вот эта не чувствует что у неё разрез по самую нк хочу,,,,,,
"А ты, что 41 й год помнишь? Сколько ей заплатили, чтобы она такую информацию произносила?",,,,,,
протрезвел- одумался ? теперь будет выкручиваться пока адвокаты будут с него деньги тянуть ?,,,,,,
"Дынин Александр, это твой пост? Тебя за такое наказать надо",,,,,,
"уахаха, человек, ты гений.",,,,,,
Автор повторяет слово русские много раз,,,,,,
на металлолом. ни себе ни людям . какие же казахи хитрые,,,,,,
"вы же считаете фургала преступников,а людей хабаровска глупыми людьми, хотя тоже лично незнакомы.",,,,,,
Звезду героя превратили непонятно во что. Звания героя раздают своим. Куда катится страна,,,,,,
да какой-то сидит и выставляет её фотки,,,,,,
я в шоке с них,,,,,,
"Они никак не поймут, что кошки самые чистые существа на планете",,,,,,
"Террористов истребляют хорошо, а коррупцию ну такая трудная задача!!!",,,,,,
"опека зря получает зарплату и ПНД не нужна, не умеют работать",,,,,,
Яб сказал:хорошо что ты водила маршрутки!,,,,,,
"не понимаю, вас клонируют где-то что-ли?",,,,,,
сидишь в своей латвии и сиди нечего нос сунуть в чужую страну.,,,,,,
"скорее всего мы видим самый конец астронавтики Америки, как и самого этого государства",,,,,,
она как будто дар речи потеряла,,,,,,
"И опять метлы, помидоры и подарки. Снова теплицы, столярку, котлы. Надоели.",,,,,,
"2 человека чушь рассказывают судьям, а теперь их слушают",,,,,,
"любой человек не заслуживает доверия , и не важно хорошо нам или плохо .",,,,,,
"Я знаю про крутую грузинскую культуру, которую вы, судя по всему, нагло украли в свое время",,,,,,
Зачем ты это писал,,,,,,
А почему в Золотом альбоме нет трека Black Стара незаслуженно Забытый трек,,,,,,
"Ну вот значит, что если ты не скидываеш бумагу в унитаз, то ты отдаешь свои материалы на изучение людям из зарубежных стран",,,,,,
"Очередная ложь. Глупые люди уже переводятся, все это неправда",,,,,,
"Владелец сайта, на котором нарушаются Правила этого сайта, публично выставленные, врет.",,,,,,
Барса ни о чём спартак бы забил бы 6:0,,,,,,
ваш балл уходит в пользу форума!,,,,,,
И нечего здесь орать что нам что-то принадлежало,,,,,,
Ещё один герой нашего времени..,,,,,,
когда мы будем дышать чистым воздухом. адмистрация это к вам,,,,,,
это просто кошмар а не массаж,,,,,,
"Я из Америки,а ты из России",,,,,,
"тут не про деньги говорится, а про поведение этого человека!",,,,,,
А какие то факты приводить вам смысла нет,,,,,,
они о детях своих бы подумали что ждет их детей,,,,,,
Где увлекательный рассказ про хабаровск,,,,,,
"в россии много проблем будет ,законы у нас такие",,,,,,
судя по твоим словам - ты точно русский.гордись собой,,,,,,
какую красоту губят почему нет управы,,,,,,
ужасно!,,,,,,
если торопитесь выезжай пораньше,,,,,,
я уж точно не советский,,,,,,
Дурят по всем фронтам,,,,,,
"Кто кормил? Путин что-ли? Налог даже с грудного ребенка, на 2 памперса помощь",,,,,,
"эти либералы воду мутят, хотят Америку устроить",,,,,,
Телевизор лет пять не смотрю и в одноклассники это лицо появляется,,,,,,
ты эт сталина вспомни .он 14 миллионов своих убил..,,,,,,
Зачем этот палач нужен.,,,,,,
А письмецо накрапал - сущий ангел,,,,,,
"Как всегда сказочно рассказал, особенно про дочку, сделавшую себе вакцину",,,,,,
кто собирает крышу на саморезах.кто вас учил?,,,,,,
а этому что надо,,,,,,
у нас в семье 3 поколения там родились,,,,,,
вот это разговоры. вы не нашли в другом месте вести такие разговоры,,,,,,
Плохой человек старое кино переименовывает постоянно.,,,,,,
Можно хоть один тред без политикот? давай лучше про фигуристок говорим.,,,,,,
"Ненавижу, презираю, никогда врагам не верила и не доверяла.",,,,,,
"чтобы ещё раз все убедились, в творческой среде гомосексуальность в порядке вещей",,,,,,
"лично я сейчас за дальневосточную республику,как 1918-1922г,сибирь,алтай,и др.проживут без москвичей,а вот они?",,,,,,
Начните с себя и своих детей.,,,,,,
"тебя нужно вывести за грань , ешь с рук этих учителей и рабочего класса и их -же угнетаешь.",,,,,,
"В России только предлагают, но ничего не делают.",,,,,,
люди салатом делятся она про косточку,,,,,,
Эти польские люди надоели. Везде они,,,,,,
"Та иди отсюда, очевидно что ты упрямец",,,,,,
тебя бы в первых рядах на эту войну погнали,,,,,,
"явная цензура, 100% заказ людей с газпрома, плохая контора",,,,,,
"напишите нормально, вы, что не нашли что-ли?",,,,,,
"Такую резонансную точку и я могу поставить на любой конбер. Автор, ты редкосный человек.",,,,,,
Я глупый и не понял шутки или это спам?,,,,,,
"везде бабушки и дедушки: бабушка ездит к внукам, а дед работает, но она всегда хорошая, а дедушка плохой. Парадокс!",,,,,,
этим странам необходимо признать а то деньги не получат от российских налогоплательщиков,,,,,,
"спецназ мог так поступить, в одном случае-им не дали бить протестующих - как положено!!!",,,,,,
Таких людей заграницу их отправить и что бы не возвращались сюда не когда больше...,,,,,,
почему не кто не видит плохой фотошоп,,,,,,
"Желаю всем, кто так считает на себе испытать все прелести болезни с последствиями",,,,,,
А работники магазинов не хорошие люди им все аукнется,,,,,,
Что ты тогда тут делаешь? Читай ресурсы в другом месте,,,,,,
"Я вас поддерживаю, плохие люди на передачу приходят, трудно не кричать. И Гордон и Барановская очень хорошие ведущие.",,,,,,
"Работать нужно, а не лайки ставить.",,,,,,
Такие неучи как я берегут тебя с автоматом,,,,,,
Ну так из -за этого человека большинство постов не в теме,,,,,,
у нас есть Путин,,,,,,
его бы так трясти,,,,,,
"Это мошенничество,не верьте,обманывает,деньги ложишь,а она блокирует",,,,,,
этот человек опять истину глаголет....,,,,,,
Что за люди?Наказывать таких,,,,,,
"Хорошо, блокируй, но что ты хочешь от меня?",,,,,,
"Ну, посмотрел я комментарии к твоим постам, процент плохих ниже средней отметки.",,,,,,
Коммунисты всегда игнорируют такие неприятные треды,,,,,,
а нашим безответственным людям на верху не объяснить такое.,,,,,,
Плохие люди,,,,,,
"А рядом просит мясников не поднимать цену на газ, а то поголовье просто падёт.",,,,,,
Его посадить без суда и следствия,,,,,,
"Я бы тоже не пускал, больной человек принесёт в школу туберкулёз и заразят нормальных детей",,,,,,
так ты просто обманываешь людей,,,,,,
"откуда ,,, дровишки ,,,? кто тебе дал неоспоримый факт ,что россияне презирают путина ???! откуда ты такой?",,,,,,
"Гена, не ври... все знают, что ты в доле",,,,,,
"При чем дальше не читал РНЕшника глупого. Мне не стыдно, для меня быть русским не значит быть расистом",,,,,,
Придёт время отвечать придётся перед народом,,,,,,
"примолкли все, кто батькой восхищался!поняли теперь, что это за человек!",,,,,,
"вот если бы наказывал за воровство подчиненных, цены бы ему не было",,,,,,
убил человека надо посадить пожизненно,,,,,,
"ты где пдд учил,который фонари хотел побить,сядь на фуру и проедь.",,,,,,
"откуда столько в 21 веке религиозных людей, удивляюсь просто просто",,,,,,
философ интеллектуал не любит взрослые фильмы смотреть. О вкусах не спорят же.,,,,,,
Среди умных людей - безусловно. Но стреляют в основном не такие.,,,,,,
С чего это ему легче? Бери телегу и кати до машины,,,,,,
"а ты покажи свои накопления, наверняка не 10 тысяч рублей",,,,,,
Кто вам дал право распоряжаться народным достоянием,,,,,,
ну может тебя вместо лукашенко?!,,,,,,
"Администратор, кто тебя за порядком поставил следить?",,,,,,
Надеюсь ей все вернётся,,,,,,
отстань,,,,,,
Этой забаве лет больше чем тебе,,,,,,
"Говоришь все правильно, но мне кажется что это вранье.",,,,,,
Не показывал бы свое видео никому,,,,,,
этой бабке каждый месяц исполняется 100 лет. смените фотку!!!,,,,,,
"лёха из озинок, который под другую ориентацию косит",,,,,,
Это фото надоело,,,,,,
Им ничего не платят,,,,,,
"Если мы им не скажем нет, то так и будет",,,,,,
Сам такой. Драпанул из страны за лучшим куском,,,,,,
"зачем делать добро и спрашивать хорошо или нет ,что это такое. пишут всякие",,,,,,
"Так обьясняла, ещё когда беременная была, толк есть? Он опять привёз дите и уехал до ночи на работу",,,,,,
Мало их обижали в армии,,,,,,
значит у этого дяди есть что терять? наворовал со школы у детишек..,,,,,,
"У меня вопрос, почему те кто этого некомпетентного человека выбирал не отзовут его полномочия обратно? Или он депутатское кресло купил?",,,,,,
благодаря ему ты щас пишешь ас эти коментарии,,,,,,
не надо учить меня культуре,,,,,,
когда ты перестанешь изворачиваться,,,,,,
"Ему невозможно объяснить, он как робот, которым управляют с пульта",,,,,,
Людей Путинских больше чем вдвешников,,,,,,
Ты что игрушек нашёл,,,,,,
Всей толпой в церковь и свечки за его здравие. Или успокоится или у вас пропадет интерес.,,,,,,
"вам бы жить на этот минимум и посмотреть на вас ,как будете жить вместе с нами",,,,,,
"Откуда они берутся , это же надо себя на посмешище выставлять",,,,,,
"Нужно работать, что бы получить деньги. А судьбы Белорусов не интересуют.",,,,,,
вот пускай себе её и колит,,,,,,
"Знаете, порой думаешь, какие злые люди среди нас живут. А ведь сказано, зло излученное тобой, к тебе назад вернуться!!!",,,,,,
развалили такую часть помню как прибыл в неё в 2005 с начало шмс а потом 4 бат,,,,,,
"Молодец мужик, надо было и подраться с ним",,,,,,
Потому что эти люди уже трубопровод туда планируют протянуть,,,,,,
"Для людей, кто ходят в масках и перчатках нужно закупить скафандры",,,,,,
А как ты их лайками будить будешь,,,,,,
Ещё называются спортсмены,,,,,,
"В поезд не сядет тот, кто помнит время при горбачеве",,,,,,
Народ России снимает видео и нападает. Русский бунт.,,,,,,
"Лукашенко просит помощи у России, а сам поступает плохо. Нам такой друг не нужен",,,,,,
"Разницу чуешь, или мне снова разжевать? Так что нечего пытаться обелить то, что было",,,,,,
"Единственное, что мне не нравится - надоели с ВОВ, как будто больше войн не было",,,,,,
А это её раздражает и она устраивает скандалы,,,,,,
Откуда у пьющих людей оружие? Ведь даже слабым людям оружие не дают,,,,,,
а вот при нынешнем образовании молодежь слаба в знаниях.,,,,,,
Какие же это плохие люди!!! Они заслуживают того же.,,,,,,
"я лебедя знал лично ещё в приднестровье, он там хорошо придавил местную группировку людей из Гос.Безопасности",,,,,,
ПРОПУСТИЛА ГОДОВЩИНУ ПОБЕДЫ ЛИТЛ МИКС НА ИКС ФАКТОРЕ:(((( ТОЛЬКО Я ТАК МОГ,,,,,,
А белоснежка не нужна? У меня их уже 3. Бэлль тоже хочу,,,,,,
Офигеть.Они совсем в правительстве чокнулись,,,,,,
"опять его кормить пожизненно, надоели своим мараторием от ельцина",,,,,,
если вы не вышли замуж то уже и нечего пытаться,,,,,,
А какие то девушки из них шубы покупают,,,,,,
"о рабочих профессиях надо фильмы снимать и везде агитировать, а не о предателях по всем программам",,,,,,
Все ты помнишь,,,,,,
С квадратиками на лице тяжело жить,,,,,,
"а вы упрямые, не хочу, не буду",,,,,,
не позорься тут лучше.,,,,,,
И от такой штуки можно много до чего договориться,,,,,,
"Ааа ну конечно, деньги то в Москву не попадут, останется в регионе, не порядок.",,,,,,
"Не культурный человек,два слова связать не может...",,,,,,
"Вот пусть он и объясняет глупцам, ведь живёт то он по соседству, чего они к Европе и России обращаются",,,,,,
есть такая вещь называется интернет !,,,,,,
"Да ускакали деревянные лошадки, пароходики бумажные уплыли",,,,,,
"звонок в три часа ночи: - алло, ты спишь? - да, сплю",,,,,,
Его статус был понижен из-за доклада правоохранительным органам,,,,,,
"продают машины, Россия не может. Не может я говорю.",,,,,,
"Модер почисти от негатива тред,его смысл теряется в дебатах",,,,,,
"Если бы был, такую чушь не писал бы",,,,,,
"говорит--моя жена предложила прогуляться к метро, посмотреть",,,,,,
а то название напишешь так сразу какой то человек модера позовет,,,,,,
"кто проедет первым, не знаю, но если ученик вбубенится в маз, то инструктор учебной машины точно получит премию года!",,,,,,
Это же последователи президента Д. Трампа сделали.,,,,,,
Это кто? Несёт какую-то ерунду,,,,,,
Они до сих пор живы,,,,,,
"покажи мне хоть одного чеченца, который моет туалеты",,,,,,
что перестали прятаться,,,,,,
Он мог долго заниматься любовью,,,,,,
"Сталина преступником объявляют фашисты, власовцы и их потомки",,,,,,
Для тебя любой человек который ухаживает за собой не такой,,,,,,
Это не мать,,,,,,
Он в каждой бочке затычка. Где мы его ещё увидим,,,,,,
"Тебе послышалось. Полицейские орали моритури те салютант , а не стой.",,,,,,
все равно что много на земле ? брошенные женщины,,,,,,
Очередной развод ! Сейчас скачками побегу и куплю ящик,,,,,,
"Плохо отношусь к тем, кто пытается себя превознести. Знайте, это флаг Казахстана.",,,,,,
"Та, что пишет, даже лицо не показывает. Все понятно",,,,,,
Кому сказки рассказывает человек? Израиль с турками сегодня в любовь играют против Армении. Кого пытаетесь обмануть?,,,,,,
мужики не обращайте внимания на этого человека,,,,,,
Опять какую-то глупость нам толкают,,,,,,
"А я узнаю, бойтесь",,,,,,
Юрий на первом месте все деньги потерял глупый человек так и лезет на 1 место,,,,,,
С вас я просто в шоке,,,,,,
"Не надо указывать русским, что им делать",,,,,,
Тебя сократили за пьянку и не надо ля ля что что-то закрывают,,,,,,
"Только в отставку, вместе с правительство, одевайтесь в робу и на работу, хватит посидели",,,,,,
Че за глупец это придумал? и самое интересное под каким он психотропом был?,,,,,,
"будь по проще,и не грей голову ответом...!!!",,,,,,
"Зачем ему ставить лайк, я с трудом даже ответил в комментариях",,,,,,
"не подменяйте понятия,тебя в 90 без работы ,умник",,,,,,
Хватит нас грабить,,,,,,
кто придумал эту группу,,,,,,
"Отойдите от моряков, не чего же плохого не сделали",,,,,,
Да они все здесь врут.,,,,,,
Администраторы не справедливо отключили интернет ссылаясь на обрыв связи,,,,,,
"мой котяра садиться какать во время моего завтрака.... стукнула бы, но люблю эту животинку!",,,,,,
У кого-то есть его домашний адрес? Опубликуйте..,,,,,,
"Почему бы этого челоаека, который выставляет себя журналистом, не закрыть?",,,,,,
что хотел?,,,,,,
Не трать нервы на них они этого не стоят,,,,,,
Кто бы говорил!,,,,,,
ну какие же люди жестокие. пусть и с вами также поступят,,,,,,
как он надоел уже. когда посадят за решетку. .,,,,,,
"хозяйка чем народ кормить собирается. умные люди учатся на чужих ошибках, а они на своих....",,,,,,
Чтоб костями не колола!,,,,,,
Нет вы не правы она у меня очень достойная девочка моя только всяких нехороших людей слушает,,,,,,
Умник такое впечатление что сейчас вся полиция похожа на этого красавца,,,,,,
Гетте самый известный человек в группе,,,,,,
"Писать научись правильно, тогда и лайкать будет не стыдно.",,,,,,
я бы сказал так: надо гнать всех депутатов,,,,,,
надейся и верь! это все что тебе осталось!,,,,,,
"Они поддерживали свой народ, они националисты, ты забыл? Путина они не поддерживали",,,,,,
кто придумал-это глупость....того надо наказать!,,,,,,
С которым через час расстанешься и встретишь другого?,,,,,,
К своей башке приставил бы,,,,,,
Договоритесь до того что россия отвернётся и вас съедят,,,,,,
И что это ? скажем так то что твориться в россии просто ужас!!!!!!!!!!!!!!!!!!!!!!!!!!!!!!!!!!!!!!!!!!!!!!!!!!!!!,,,,,,
"Мне без разницы, как и что ты называешь",,,,,,
"""Пэк"" а не ""пек"", фирсофу с филатовым позвоню, скажу что так пишете!",,,,,,
девушка за рулём ну да мы же забыли папина дочь за рулём им же всё можно....,,,,,,
да и пусть идет туда,,,,,,
"Весь мир видел, много свидетелей, а он сервер изнашивает, ну не надо из людей таких же делать каким сам является",,,,,,
Не нужно портить города ненужным старьём.,,,,,,
"эх ты, получается это я бухал и не появлялся дома по две недели.",,,,,,
"Не уважаю мужиков, которые обещают и не выполняют, одним словом не мужик",,,,,,
"Если этот человек ничего не помнит, то это его не освобождает от ответственности",,,,,,
"Ужас какой то.Дети без матери, отец глупый в тюрьме",,,,,,
почему он до сих пор не в бане?,,,,,,
Американцы считают себя хозяевами земли,,,,,,
Не наглейте!!! Я сейчас еще в службу поддержки напишу на вас не хорошие люди,,,,,,
Самое глупое - это невозможность удалить все оставленные где то комментарии,,,,,,
"Сейчас так говорит. До власти добираются,другие люди становятся",,,,,,
"американцы не успокоятся, пока Россию не развалят.",,,,,,
По себе не надо судить.,,,,,,
И на этом закончить с тобой беседу...... Видно не человек,,,,,,
да потому что по телефону разговаривают когда едут! своими глазами вижу каждую неделю мотаюсь по облостям,,,,,,
Посадить бы на наши пенсии,,,,,,
какой человек придумал неделю досрочных выборов ?,,,,,,
Да всем всё равно на этого человека,,,,,,
"Я уже не знают, как обратить на себя внимание, зачем нам это все показывать",,,,,,
"Речь идет о поступке настоящих мужиков, про других речь не шла",,,,,,
уровень 7139 плохой! всем тем кто до него дойдет желаю великой удачи-а тем кто его придумал-наоборот!,,,,,,
"так этот акимат только себе в карман кладет деньги. а для людей они нечего делать не будут. ни дорог, ни парка. полное разочарование",,,,,,
"правильно, дальше эти люди маньяками станут!!",,,,,,
И я буду этому!!! Путинская власть в деле,,,,,,
очистите страну от всех плохих вещей,,,,,,
"Ловко обманул - значит молодец, понятия подлость и честь отсутствуют нацело",,,,,,
"Какие-то интересные сайты? Ты там сидишь? Пойду тоже схожу, спасибо за подсказку.",,,,,,
из подтишка умеют бить,,,,,,
На телевидение и в газетах один обман.,,,,,,
"позорит доброе имя олега ефремова,нет слов",,,,,,
"Велком это вообще полная ерунда, а по внешнему виду даже и не подумаешь",,,,,,
"Таких хулиганов нужно наказывать сразу, чтоб другим не повадно было",,,,,,
"Ну,Александр,представляющий в комментариях мужское мнение,насколько я поняла,был окружен запросами женщин.",,,,,,
"ты можешь сказать что-то со смыслом, парень?",,,,,,
"Дело не в религии ,кто вы если не евреи и не кавказцы?",,,,,,
"Кстати, плохая шутка про коран Кому как",,,,,,
"В настройках поставил дваче капчу, а у меня опять это странная гугловская иконка появляется",,,,,,
"других учит, та сама личную жизнь не устроила",,,,,,
оставьте свои мысли при себе,,,,,,
Что хватило? Что добавить?,,,,,,
"Потому что тебе сказать нечего, сидишь и не знаешь кому угодить.",,,,,,
а что то не так?,,,,,,
Читай историю своей страны внимательно,,,,,,
ефремов один негатив вызывает,,,,,,
Ты зачем обманываешь людей?,,,,,,
"Такая группа о Самарканде, и этих рекламируете, вот зачем?????",,,,,,
Сколько неприятного было на меня вылито,,,,,,
"За ер? Много ли людей проголосуют, хотя фанатов в любой секте хватает",,,,,,
Что скажут то и говорит в своем эфире,,,,,,
"выучи сначала русский язык, или белорусский а потом говори",,,,,,
Кто даёт разрешение на вырубку - наказывать невзирая на ранг,,,,,,
Это не современные девушки. Современные нормальные. Не путайте.,,,,,,
Что это за поток обвинений? ответить на вопрос не в состоянии!,,,,,,
Просто такого у нас даже к проверке Путина не было,,,,,,
"Дай бог, чтобы ты испытала тоже самое, вот от таких плохих и рождаются плохие",,,,,,
уезжай за любую границу и там прояви себя.,,,,,,
ты рф живешь и грязью россию полеваеш.,,,,,,
"Россия, да забудь ты этого Фургала и Хабаровск",,,,,,
"И так во всем, все 20 лет , одни обещания! Всей планеты!",,,,,,
"матери не виноваты что такой сын вырос, но наказать его надо",,,,,,
"Браслетов нет в продаже,они запретили",,,,,,
Надо его наказать,,,,,,
полностью солидарен. всё уважение к карелину как к великому спортсмену пропало после его высказываний,,,,,,
"Взрослые мужчины всё лезут к молодым, их не устраивает своя жена, значит пусть отвечает за свои поступки, раз мало ему было",,,,,,
"Бедные дети, а тех кто над ними издевается - наказывать",,,,,,
Некрасивые губы,,,,,,
Это ты слишком стараешься.,,,,,,
Что испугался за себя. В тюрьму тебя,,,,,,
Как земля таких людей носит,,,,,,
как же я люблю свою родину!!!,,,,,,
"Нормальные люди от юмора смеются, а ты тут разводишь скандал. Может тебе не здесь?",,,,,,
"Родители виноваты , что детей не научили все вернётся",,,,,,
А это не хороший человек,,,,,,
Рано или поздно все закончится и мы придём за каждым,,,,,,
"Фу, как некрасиво хейтить за внешность. Слова не мужа, а подростка.",,,,,,
Он и показал на руке все им не так,,,,,,
им бабушкина квартира нужна вот и хотят свести в могилу и остаться не причём,,,,,,
Теперь я точно не стану досматривать этот сериал!,,,,,,
Что за люди в рваных штанах,,,,,,
"Они вторую волну начинают! чувствуют, что им приходит!",,,,,,
"Покажи свой митинг,может ты обманываешь",,,,,,
"Вообще нет, у меня татарское лицо, а это типикал латыш или бульбаш",,,,,,
"Много людей, не разбирающихся в теме.",,,,,,
Ничего себе честный разговор. Фу!Такой же льстец.,,,,,,
У Пескова есть гражданство.,,,,,,
"Эх, как можно так? это дже твой ребёнок. маленький человечек. ужас просто",,,,,,
я считаю Ельцин всю страну развалил,,,,,,
все деньги хотят загребсти.а люди страдают.,,,,,,
"как передает общую атмосферу. Очень тонкий подтекст. И очень толсто передал все, что нужно.",,,,,,
"вы бы ещк сделали ""узнайте актера по пятой точке""! совсем с катушек съехали",,,,,,
Арестуйте этого человека,,,,,,
"готовься к санкциям Не проецируй. Разрыва контракта не будет, Россия, платит - значит всё хорошо.",,,,,,
Зачем в приколы эту картинку поставили не понятно,,,,,,
я горжусь своей страной и президентом,,,,,,
"за него народ поднялся, а тебя люди даже и не знают! фургал- порядочный человек",,,,,,
а иногда бывают просто плохие гены!,,,,,,
"если ты думаешь что я от фотошопа стану хуже ,то это неверно",,,,,,
стоит ли уделять внимание каждому плохому человеку,,,,,,
Мишустик ты бы замолчал,,,,,,
вы что хотите что бы ваши дети в будущем в плохих условиях жили?,,,,,,
этих людей надо всех сократить.,,,,,,
"точно, нехороший человек, и это мягко сказано, уже в каждую спортивную передачу лезет, приходится искать каналы и репортажи без его присутствия и участия !",,,,,,
"Вы же за полный разрыв отношений с агрессором, тогда зачем вы хотите транзита",,,,,,
?так хоть кто то по обочине бы ехал.а так все как ненормальные встали...дальнобои порою в шоке...,,,,,,
"глупышка, приехала в одессу со своим уставом !",,,,,,
Там написано он попросил и убедился значит они повернулись уже,,,,,,
Нет на сегодняшний день нормальных мужчин,,,,,,
что за группа одна реклама..,,,,,,
Уходите с проекта на вас смотреть уже противно из за вас дом 2 смотреть не хочется,,,,,,
и стабильные закоренелые люди восхваляют все это,,,,,,
Это пипец! Грех какой!,,,,,,
Я поражен. Кокаин был не свежий?,,,,,,
"доказательства оскорбления тредов, к примеру",,,,,,
"Таких родителей необходимо найти и наказать, однозначно.",,,,,,
Этих людей ничего не исправит,,,,,,
"Вернись, будь настоящим русским патриотом! Попробуй забрать все, что слева от Днепра+Одессы! Тебе кто-то мешает?",,,,,,
"Если любого из нас достать, то мы можем очень сильно разозлиться",,,,,,
"С чего ты решил, что это мне подарили, и мне надо завидовать?",,,,,,
Я не твой друг,,,,,,
"Беззащитное животное избить, которое не может себя защитить",,,,,,
Нуи отчаяный человек а мог бы и душу богу отдать на суд,,,,,,
и т д....нечего им там делать прежде всего!,,,,,,
еврейское тв пересмотрел???,,,,,,
"Больше ничего не умеют делать, кроме как обижать слабых и беззащитных",,,,,,
Завтра в хабаровске вдвшники будут разгонять нарушителей,,,,,,
"Это старое фото, в середине мэр орши лисовский.",,,,,,
А что рядом других мужчин не оказалось? Кто ему лицо на чистил? Вывод? Мужики к сожалению перевелись,,,,,,
"хватит выпрашивать классы, просто помните.",,,,,,
"Веселись сегодня, удрученный ты наш)))",,,,,,
Глупые награждают себя. кто пойдёт за них воевать. сам и путин.,,,,,,
песня есть у шнура эт про него,,,,,,
"Эмбрион это не человек потому что у него нет памяти, нет личности, нет эмоций, нет ничего",,,,,,
обоих посадить нужно. за преступление и непрофессионализм,,,,,,
"Как интересно,может мне стоит посмотреть,а не тутурукать тут)",,,,,,
эти люди живут за счёт пенсионеров,,,,,,
И в 3 подъезде бывает такое. Поймать бы его.,,,,,,
вот кого наказать то надо,,,,,,
"глумление над народом,тяжелее ручки в руках не держали,всё воздасто сполна,как не крути и это будет",,,,,,
"сама то что, только официальных 5 мужей, а сколько еще любовников! чтобы такое говорить самой надо быть кристально чистой!",,,,,,
"Я знаю на что способна.. я тоже не древний, в конце конце женщине скажут что она современная дама",,,,,,
"там человека убили, а они будто на выставку машин приехали",,,,,,
"Это невежливый человек, к не папа?",,,,,,
"умный какой, не одна вышка наверное!!",,,,,,
"посмотрите независимое расследование васильевой, а потом делайте выводы",,,,,,
Зачем он туда заперся?,,,,,,
От туда не хорошее к нам плывет.,,,,,,
за такие деньги нетолько закупить и страну можно из кризиса вытащить,,,,,,
"ерунда какая то, картинка с ними одна и та же, по 10 раз.",,,,,,
нет возможности володина вызвать .напомнил бы ему о многом.,,,,,,
"бедный ребенок, как с такими родителями дальше жить",,,,,,
"от плохой жизни, от голода, человек распух!!!!",,,,,,
он понятия не имеет о чём ты. ему что говорят его отцы и деды он в это и верит:d,,,,,,
"Если не знаешь о чем говорят, помолчи",,,,,,
"Модераторы, отвечайте, ! Почему демонеток удалили, а запрещенные танцульки на месте?",,,,,,
"Ты ещё на сайте, договоришься",,,,,,
маникюр лучше чем у меня,,,,,,
"Если водитель из плохой компании, на уголовную ответственность наездил, покушение на убийство дадут",,,,,,
Ты ещё не устал всех оскорблять?,,,,,,
нужно было просто уплыть куда плыли.,,,,,,
вас что-то не устраивает?,,,,,,
"Выйдут мужики, полицейским плохо будет",,,,,,
Уничтожают народ! Народу не дают работать,,,,,,
"конечно двое на подхвате можно и в течени беседы нанести удар , и друзья такие же не спортивное поведение",,,,,,
Правда ? Ты много говоришь от зависти,,,,,,
Сколько же заблуждающихся в России в месте с тобой,,,,,,
Оставьте меня в покое.Приставайте к своей жене и ждите,,,,,,
Я сам смеюсь как ненормальный с них.,,,,,,
этому захар дал паспорт днр,,,,,,
Водитель молодец,,,,,,
"продали будущее семьи на поколения вперёд,...и теперь они ещё и рекламу делают.",,,,,,
"Тебя выгнали из авиации за твои высказывания, и правильно сделали",,,,,,
кто до сих пор позволяет ей отзыватся о нас ?,,,,,,
А ведь сколько денег могли бы отдать кубе с Африкой Ирак с ираном-а так все растянули,,,,,,
"Какая не хорошая, не устала врать на форумах? Откуда столько плохого в тебе",,,,,,
"и чувствуется по школотной наивности админов - и не увидим. ни ссылки, ни клипа. поколоение егэ.",,,,,,
нормальный водитель так себя не станет вести,,,,,,
"это он, а не она , провокатор",,,,,,
"Итак, вот не будь у меня этой вещи, может и поверил бы",,,,,,
а чем лучше Власов ? такой же как и Бандера,,,,,,
Смотри что делает сегодня твой президент.,,,,,,
"импеллер же, импеллер",,,,,,
Надеюсь тебя накажут за такие надписи ...иногда головой думай что пишешь!,,,,,,
"глупое видео, да и ребенок не пристегнут, а блин такой ,,умный,,",,,,,,
"Идеальный анонимус: изобличает, тралит, давит на больное и делает это со вкусом. У людей сильно подгорает, just is planned.",,,,,,
"Ничего себе, сколько людей его смотрели и подозреваю, что присоединятся",,,,,,
Кто это постит?,,,,,,
было.))).20 лет в браке.ушла.оставила семью бомжами.)))и еще условия поставила.))).все равно этого человека люблю.но простить не могу да и ...,,,,,,
"С прискорбием тебе сообщаю , ты обманщик коля",,,,,,
"РФ готова поддерживать хоть кого, если это поднимет цену на нефть.",,,,,,
Зачем кино снимать!? подмазался ... и тебе медалька и премия!,,,,,,
взять что с них,,,,,,
не оболщатесь это миф,,,,,,
"Приграли не мы, а правительство",,,,,,
можно подумать конкуренты хотят народу помочь.все во власть лезет.а его просто кто то тащит в депутаты!,,,,,,
Где они такие зарплаты нашли,,,,,,
"о таких людях я даже не знаю,что писать!!!!",,,,,,
"Да какое поколение? Украли машину у тех, кто войну проиграл. Стыдно должно быть.",,,,,,
И как земля таких носит?,,,,,,
Не отвечай на провокации этого человека все и так ясно,,,,,,
а судью бог накажет. все возвращается бумерангом.,,,,,,
Водители не смотрят в зеркала.,,,,,,
дайте уже пожить создать семью отдал 35 лет жизни кормил правителей власти 30 лет мой отец 60 лет хватит,,,,,,
Такие же люди и привели этих людей,,,,,,
В такой ситуации виноваты из ростелекома у которых даже кошка может купить фильм с пульта,,,,,,
Я за этим проектом 5 лет наблюдал с первого выпуска,,,,,,
"тебя там унизили, что ты такое утверждаешь?",,,,,,
"Только хотел спросить, что за завалы. Плохие в Рашке плотники",,,,,,
"Даа, страна нуждается в героях",,,,,,
крым всегда был и будет российским!!! всем назло!!!,,,,,,
Вы у себя разберитесь сначало,,,,,,
да кто ты такая!!! и так врачей не хватает (((,,,,,,
Хомячки вышли размяться.,,,,,,
Родители пьют за счёт детей,,,,,,
Конделаки опять в апл не прошла?,,,,,,
"Да врёт он, форма флора, а кепки с какого ларька?",,,,,,
Что с них взять?,,,,,,
У ребенка плохое поведение,,,,,,
"Должен получить срок 12 лет, он убил человека.",,,,,,
Он плохой боец,,,,,,
Если вас раздражают тиканье часов - это синдром неврастении.,,,,,,
"ага,прямо таки наблюдатели это всё пропустили ...эк как поправки не по нутру",,,,,,
"Может хватит, Иуд светить?",,,,,,
хочется поинтересоваться психическим состоянии этого человека?,,,,,,
"его не зря построили, собирается все, предатели.",,,,,,
От одной избавились,,,,,,
"это им, не стариков да студенток метелить.",,,,,,
своих увидела и голосок прорезался?,,,,,,
называется - веди себя как шут перед камерой на потеху толпе,,,,,,
Может он их ещё в СБУ передаст?,,,,,,
Всем привет из российского Крыма,,,,,,
вот это правильно. а не участников из дома 2 показывать,,,,,,
кто этот человек,,,,,,
"кулибин, на хонор это не прокатывает",,,,,,
Вот так и живем среди них,,,,,,
"им все равно на все эти митинги, главное что бы они бизнес классом летали на мягком и уютном.",,,,,,
"подумайте лучше об этих людях и о стране, которую они превратили в собственную кормушку",,,,,,
собрать народную дружину и слухи быстро пойдут,,,,,,
Надоели вы уже своими котами,,,,,,
"Дороги начали строить, видимо с администрацией провели жесткие переговоры.",,,,,,
Соболезнования родителям! А виновника найти и наказать!,,,,,,
Тебе вопрос задали: что плохого написано о мусульманах?,,,,,,
ты чего это плохого плохим обзываешь,,,,,,
и где они хоть 8 нема вообще негодяи обнаглели,,,,,,
Молодец таких людей надо наказывать если закон бессилен,,,,,,
Ты о чем Клава?,,,,,,
"Добрый, но это сразу не поймёшь",,,,,,
Папу поймать и наказать. И пусть растит детей,,,,,,
Да оно и по Росии эти существа гуляют,,,,,,
потому что жизнь глупого ничему не учит,,,,,,
Так что господа оккупанты ничего у вас не выйдет!!!!!,,,,,,
Какой отношение твой сайт имеет к этой теме?,,,,,,
"С ним все возятся, если бы не было видео, он давно бы опять вел себя аналогичным образом",,,,,,
Что выделываться. Пусть благодарит бога что ноги ни зажевало,,,,,,
Как вы надоели показывать одно и тоже,,,,,,
этот человек уже внес свою лепту в развал страны в свое время,,,,,,
"А кто тебя будет спрашивать, на каком языке нам разговаривать?",,,,,,
Какое неприятное у нее выражение лица.,,,,,,
Короткова кстати. Она нас учила 3 года.,,,,,,
"Дай бог, если очередному человеку это будет уроком - не делать плохого соседу",,,,,,
нечего врать. сидишь тут провоцируешь,,,,,,
"Ребята я уже на французском, одного человека нет, другой просто притворяется ну читать уже не интересно",,,,,,
"всё здорово,леса валом, 95% нелегально добытого и всем по..",,,,,,
А работать не хочешь? Хочешь за свои фотки деньги получать? Не выйдет,,,,,,
Что ты можешь людям предложить ?,,,,,,
"Это, что, живой собаке глаза прищепкой, ради прикола? А себе пробовали? Это самое больное место, веки. Ужас!",,,,,,
"емедленно извинись перед МНЕНИЕМ! Да, я в курсе, что Титан мысли его довничем считает",,,,,,
А что нам остаётся делать? Принимать всё как есть,,,,,,
Пусть они тогда сами делают,,,,,,
Дело даже не в iQ - просто им там не место.,,,,,,
Что притворяется китайским философом.Иди мебель двигай по феншую,,,,,,
"мягко сказано,конца не виднои россии нет,всю почти продали",,,,,,
"О, пришла весна, начались обострения",,,,,,
"значит ты написал необосновоанное сообщение, а как попросили подтвердить - ушел и даже не извинился?",,,,,,
"а сейчас эти люди забрали то, что строили наши деды. и потешаются над нами",,,,,,
наказывать за такое надо,,,,,,
"Его обидели и он ушёл на ютаб, кадавр, кстати на стриме вроде как разбирал его ролик, но я не смотрел",,,,,,
"Не может быть, а все, никуда не уйти.",,,,,,
"Люди уже перестали ругаться, а тут ты пришол",,,,,,
"Сочи не склоняется! Не в сочах, а в Сочи!",,,,,,
"я ещё работаю и внукам помогаю,спасибо путину,добавил ещё 2,5 года",,,,,,
Австралийцы доберутся до всех материков,,,,,,
"Она уже сказала, с миру по нитке! Когда они уедут на острова, подальше...",,,,,,
Почему вы меня не понимаете я же сказал что ваше мнение мне не интересно,,,,,,
"и правильно,пусть уезжает в родные пенаты!",,,,,,
спам!!! информацию он распространяет ложную,,,,,,
"слушай, админ, прикидываешься? тебе тут кондитерская или что?",,,,,,
Встал народ от мала до велика значит не так хорошо как об этом говорят сми,,,,,,
Почему у папича такой странный чат. Традиция,,,,,,
"Очередной способ угнать лавэ, откройте глаза и заблокируйте останкинских",,,,,,
Он с жиру бесится. Какой миллион? У народа и так денег нет.,,,,,,
Была же информацию что американцы собирают генетические материалы россиян..,,,,,,
Всем она надоела,,,,,,
"сейчас я все поясню подожди,до дома доберусь,виски выпью и расскажу тебе",,,,,,
Еще хватает наглости выставлять на лайки,,,,,,
На том свете уже никто не отмажет,,,,,,
вот такие люди управляют страной,,,,,,
"Неужели непонятно, что задавая глупые вопросы, эти люди зарабатывают деньги, отстаньте уже",,,,,,
один раз избрали а теперь невыгониш,,,,,,
Она не сможет для пропитания ничего добыть,,,,,,
аж зла не хватает песня написана предположительно 1920-21,,,,,,
В Бангладеше тоже население растёт,,,,,,
дочь в нее пошла-такая же,,,,,,
А сам в Канаду уехал,,,,,,
"так получается,что батька за одно с киевом придумали это!? Не знаю что делает лукошенко .как жить будет с этим?",,,,,,
"Если некоторое время деньги не вносишь, наказывают",,,,,,
ты на зарплату посмотри че ты пишешь гражданин,,,,,,
слов нет одни эмоции.,,,,,,
Его скоро прогонит собственный народ дай бог людям другого президента,,,,,,
потом от избиений и правда хромой станет,,,,,,
Чем меньше на это обращать внимание-тем лучше,,,,,,
сколько изворачиваться будешь никто уже не верит твоим словам,,,,,,
Вот так и живём. А вы за эту партию голоса отдали.,,,,,,
Я видел этого человека недавно в Химках на гик-конвенте. Довольно крупного телосложения,,,,,,
Побить росгвардейцев у вас теперь появится возможность только через год,,,,,,
"Как тогда те самолеты, которые разбились, поднялись в воздух?",,,,,,
Да там русских достаточно живет и они временами совершают преступления но почему-то не слышно про митинги и погромы,,,,,,
адвокат трактует его по своему. лишить лицензии навсегда.,,,,,,
"правильно, ты ничего не смог толком пояснить за свои измышления, кто бы сомневался.",,,,,,
И что ты им докажешь - у них все деньги мира и все СМИ.,,,,,,
Очень нехорошие люди проникают во все сферы жизни 5 дней снимает ролики с зумом на фурункул,,,,,,
"Еще и Живчик возить перестали, с эхинацеей, и Бiле, мое любимое.",,,,,,
"Больным детям собираем всем миром на лечение, а некоторые люди откармливаются бесплатно зачёт всей страны. Когда уже наедитесь",,,,,,
муж её говорит денег нет у них а она маску заказывает дорогую несколько тыс,,,,,,
Зачем он нужен?,,,,,,
Такое враньё в комментах почитал,,,,,,
Впереди шла тоже девочка ребёнок они вместе вошли в подъезд а за ними зашёл этот человек,,,,,,
"А дополнительно депутатам. А сейчас мы должны обеспечивать не только их, но и их семьи",,,,,,
Мне не нравится что вы анонимно осуждаете людей за доносы. Это очень смешно,,,,,,
Озверели.правильно мужик сказал режиму скоро придёт конец.,,,,,,
Разве ты не понимаешь этого? Вот лол.,,,,,,
"Надеюсь и последние кадры уедут в другие города, где нет такого руководства.",,,,,,
К тому же вальва уже давно не геймдевелоперская контора а занимается непонятно чем,,,,,,
вас кинули ...но они обязуются все это выполнить к 2030 году...,,,,,,
Лукашенко называет нашего президента старшим братом,,,,,,
"вот это непотребство, т. е. гуманность, исходит от тех людей, чьи дети на донбассе не воюют и не гибнут.",,,,,,
Кончай это потреблять и отойди от зеркала.,,,,,,
"прежде чем обвинять его,докажите что он был за рулем",,,,,,
"из какого места этих нехороших людей родили, уже понятно.",,,,,,
"потом этот плохой человек , по другому не назвать, едет в лес и сыпет эту гадость где ни попадя!",,,,,,
"этот американец уже совсем выпал из реальности, он наверное думает что своему богу угождает",,,,,,
и можете дальше предаваться развлечениям и любоваться фотками раз в два дня,,,,,,
наткнешься когда-нибудь на таких же людей и жизнь сразу обретет вкус!,,,,,,
"тебе мало женщин, что на ребенка бросаешься",,,,,,
такие люди не должны жить на руси.,,,,,,
повезло белой легковушке что этот человек в нее не влетел,,,,,,
"ты посмотри за что ты работаешь, за что будут работать твои дети",,,,,,
"послушай,я не смотря на свои 62 года до сих пор на летной работе,врачи пока допускают",,,,,,
это люди им позволяют грабить и унижать себя,,,,,,
"ты на путина и его приближенных работаешь, а в итоге ты зависимый от него человек.",,,,,,
Какие же бессовестные люди сейчас сидят в верхних эшелонах власти .,,,,,,
правители совсем продались америке? или всё таки с ума сошли??,,,,,,
"отстань со своими советами, я тебя не спрашивал, что мне делать и как мне думать",,,,,,
"ты, пожилая женщина, сидишь в очках днями и ночами и никак не разберешься, кто тебя обманул",,,,,,
Человека ради форумных кинула!!,,,,,,
российское воспитание людей теперь поставлено на поток,,,,,,
"киргиз украл,она сбежала,так он ее зарезал",,,,,,
нечего было курортный сизон открывать.а теперь цифры пишут,,,,,,
"Это не с родиной беда, а людьми, которые никак не угомонятся!",,,,,,
почему таких защитников не судят?,,,,,,
"Ужасные люди, полстраны подсадили на кредит и рады этому.",,,,,,
А этих двух и начальника поезда пусть такая же старость ждет,,,,,,
"но вам-то, наверное, достаточно гадостей, льющихся с экрана путиновизора",,,,,,
Я думал с людьми общаюсь оказалось нет,,,,,,
"Представляете, он служит в полиции, делайте выводы,",,,,,,
"Ты стебешься сейчас? есть люди, которые не знают и готовы учиться",,,,,,
"Кланятьcя вcем, кто предcтавляет опаcноcть и cмаковать мучения более cлабых попутно доносить на них",,,,,,
"Ерунду говорит, нужно убирать таких из страны",,,,,,
Найти по телефону нарушителя и наказать по всей строгости!,,,,,,
Он просто немного чудной,,,,,,
Обманщица судить ее надо за такое голосования,,,,,,
дааааа......муж моей знакомой говорит......мне только 40....а жене уже 408oi так знакомая выглядит просто отлично.....а он как попа из кустов,,,,,,
"Но меня осенило когда сначала вернули значки, а потом произошел расстрел мечети в НЗ",,,,,,
а эти люди совершили вооруженный переворот и захват власти,,,,,,
"такие люди управляют страной, не возмущайся, народ.",,,,,,
Этим людям не выгодно против себя принимать эти законы,,,,,,
"удивительно другое , сколько людей верит в эту ерунду!",,,,,,
"Сейчас нужно найти мужчину, а не обманщика",,,,,,
"дожили, безнравственные люди учат как надо жить и что делать !",,,,,,
"он хвастается рязанским говором,еще и гуглит незнакомые словечки",,,,,,
"Да нельзя бросать экскременты на улице, точно так же нельзя бросать экскременты в урны",,,,,,
наша страна не продается,,,,,,
И этой лжи учат адвокаты,,,,,,
и теперь такие люди будут отвечать по закону.,,,,,,
таких людей надо от общества изолировать,,,,,,
"понял, что ошибся по всем пунктам, а теперь пытаешься извернуться",,,,,,
"вы уже надоели с этими открытками, может, хватит?",,,,,,
"что ж ты прячешься, говоришь за чужой спиной?",,,,,,
На какое противоречие ты указал?,,,,,,
говоря прямо: эти фильмы - никому не нужное творчество?,,,,,,
"а, что же вы, люди, сидящие в кремле, свои сбережения не подсчитываете?",,,,,,
"этот мальчик возможно и отомстит, если эти люди не забьют его.",,,,,,
"люди, бог все видет, вернётся все вам людям...",,,,,,
"Для стима пилили петицию , но закономерно потерпели неудачу.",,,,,,
приложил руку к развалу союза а теперь ещё что-то говорит.,,,,,,
"как всегда сказочно наврал, особенно про дочку вколовшую себе вакцину.",,,,,,
Ещё один человек со своим мнением.,,,,,,
"я потерял маму, а после сорока дней жена ушла... вот и вся ваша верность!",,,,,,
"а не людей из дома 2 показывать.',",,,,,,
"ты не первый и не последний,время придёт ,посмотрю как ты скулить будешь.",,,,,,
зря он так про бессмертный полк...,,,,,,
"надоел за 20 лет, стоющего ничего нет, только обещаем обещать, мне такой президент не нужен!",,,,,,
они же дети как можно детей на улице оставить.,,,,,,
да гнать этого человека надо,,,,,,
уезжает пускай из страны вообще.,,,,,,
"семейка боярских, походу те ещё нехорошие люди.",,,,,,
прилетели к нам грачи - москвичи!,,,,,,
А зачем ты тут персональный чатик устроил?,,,,,,
тексты своих выступлений ты хорошо помнишь!,,,,,,
да лжец еще тот и кто его слушает одному богу известно,,,,,,
американцы не очень умные люди раз не могут сделать хорошее оружие дешевле,,,,,,
в этой группе обязательно найдётся человек с тёмной аватаркой и заданием нахамить.,,,,,,
"когда только до этих людей  дойдет, что эти действия называются родину продавать.",,,,,,
админ почему сундуки не открываются,,,,,,
"Алло ,это полиция? Девушка ,у вас все хорошо,не звоните больше сюда.",,,,,,
Кому она мешала бедное животное,,,,,,
он все больше и больше походит на старого потрепанного жизнью,,,,,,
"глупец, пусть посидит, может там ему укажут на его ошибки",,,,,,
"а зачем сразу другая национальность? нам хватает своих. лучше бы полиция работала, а не сидела без дела",,,,,,
надо их штрафовать за такие высказывания,,,,,,
"причина не в пришедших во власть, а в населении, которое их выбирает.",,,,,,
У каждого народа своих плохих хватает,,,,,,
"да у них в думе и на должностях лица растут в геометрической прогрессии, будто едят целыми днями.",,,,,,
"Он защищает только своих детей, а все остальные ему безразличны. Трибунал ему и всем его коллегам.",,,,,,
да странные люди только такое могли сделать!,,,,,,
"патриоты решили ,что родина это власть!!!",,,,,,
У Понасенко плохо все таки с самооценкой.,,,,,,
гоните этих людей отсюда с англию и в европу!!,,,,,,
а эти люди сидят в машине.а этот человек снимает и наверное улыбается .,,,,,,
да это какойто человек с кружкой кофе или чая да еще и сигарета,,,,,,
"эти люди живут на другой планете , в другом измерении мы для них как инопланетяне .",,,,,,
"что это человек без чести и совести,знают все народы советского союза!",,,,,,
сколько же тут людей не читавших и не знающих историю ...тьфу,,,,,,
"Вот и сидишь бессмыслицу пишешь. Думай перед тем, как написать",,,,,,
Этим людям нечего в Магадане делать!,,,,,,
"Так и будет дети гибнут от пьяных людей ! То бьют , то насилуют",,,,,,
Первый раз воспользовался этой неэффективной кнопкой,,,,,,
блин в каком плохом состоянии мы находимся.,,,,,,
", то это однозначно дизлайк.",,,,,,
А если ты ударишь палкой и произойдет физическое взаимодействие этотзначит оно по кругу пошло?разумеется,,,,,,
"ПДД написаны таким образом, чтобы уберегать людей от дтп",,,,,,
"был талантливый и успешный комик, а потом потерял свой успех и талант",,,,,,
а тут опять кто-то понаписал,,,,,,
"Совка никак не может сойти с этого цикличногокруга,скоро новый нарисуется",,,,,,
Ибо и геймплей и сюжет то плохой,,,,,,
"ты всё больше загоняешься, не делай себе же хуже",,,,,,
Все зубы испортили. Сделали огромную дырку. Не умеют работать,,,,,,
"А самое ужасное, что если поставить в настройках старую дваче капчу, она вообще не работает.",,,,,,
"Но если несётся человек с куском плитки в руке,это нормально,а то, что делает милиционер преступление",,,,,,
"ээ их девушек, женщин вообще не понимаю, как так можно испортить свои губы",,,,,,
"Просто поймал себя на мысли, что смотрю контент, созданный исключительно с целью выманивания донатов на хайпе",,,,,,
"В жизни, по описанию очевидцев, немного наглый",,,,,,
"Есть мнение, что ещё человек с излишним весом может немного набрать популярность",,,,,,
В проходящего мимо человека в мастерской? Что? Всякая всячина может отскочить в проходящего человека,,,,,,
При чём коронавирус? Почему вы не пишите что она умерла от натоптышей и мазолей они ведь тоже были,,,,,,
"нехорошие люди, которые по разрешению вовика сделали из ,своих отделов коммерческие кооперативы-корпоративы",,,,,,
Про район Тайвань хочу напомнить. Пахнет очень плохо и всем всё равно.,,,,,,
"ну что поделаешь, согласна что ошиблась",,,,,,
Это недостойные с обоих сторон конфликта,,,,,,
"Прайс такой ,что удовольствие можно получать совершенно бесплатно",,,,,,
и не было рядом настоящего мужчинв что бы разобраться в возникнувшей ситуации,,,,,,
А что его никто не вспомнил?,,,,,,
"Предупреждаю, кто меня пытается вычислить и наказать,тот испытает очень большие проблеммы",,,,,,
"Да ну хватит, этот Павлов зарабатывает, не тратьте на него нервы и время. Его страничка это шедевр",,,,,,
эта фишка в западных околонаучных передачах так же часто встречается,,,,,,
"А им только и нужно, чтобы даром и побольше",,,,,,
которые всегда и во всем видят только плохое,,,,,,
"всем полицейским сказали досрочно проголосовать, иначе-пиши на увольнение...полицейские и им подобные могут в платформе голосовать за луку",,,,,,
И разберёмся вы пришли и мешаете,,,,,,
"Из-за вас-настоение ноль и поведение, ну никакое...",,,,,,
"да уж,многих ребят посдавали бандеровцам",,,,,,
Ничего путного для народа не делают один негатив от власти,,,,,,
"Я вот эту глупость творить бы не стал и если надо, то изменился бы ради общественного блага",,,,,,
Просто либо воруют либо ленятся в лице директора чтобы выбить нормальные условия.,,,,,,
"Склонен ко всем формам наркозавизимости, а так же к религиозному фанатизм, что по сути одно и тоже",,,,,,
"В Европе зп у людей выше в 6-8 раз а цены на все в 1,5-2",,,,,,
"Не знаю сколько тебе, про какие времена пишешь",,,,,,
Это у вас такой мемчик локальный?,,,,,,
"Враг не пройдёт. Победа будет за нами. Все народы хотят мира. А им всё неймётся, они хотят перемен",,,,,,
Может он и норм но количество чуши было запредельным,,,,,,
Не люди бог их накажет как можно так поступать,,,,,,
Вы не нашли в другом месте вести такие разговоры?,,,,,,
И не держи всех за себе подобных,,,,,,
"Люди выходили, чтобы убрать Януковича, такого же, как Путин.",,,,,,
"что отец, что сын.два авантюриста.",,,,,,
"снимал простенько, без вебки, то есть лицо не показывал и было уже норм",,,,,,
А интересно как она связанная с вакциной?,,,,,,
просто для красивой картинки по телевизору,,,,,,
"у людей давление зашкаливает, от масок у многих аллергия, чихают и кашляют, а он со своим ужесточением",,,,,,
Только количеством мы можем противостоять этим людям.,,,,,,
"У меня лично никаких проблем нет, я тебе сто раз сказала чтобы ты больше не общалась с Олей",,,,,,
"Который раз пишут бред,сами не понимая к чему",,,,,,
"Да, нельзя бросать мусор на улице, точно так же нельзя бросать мусор в урны",,,,,,
Им всё равно на страну,,,,,,
"Что-то мне кажется, гинеколог не будет своему коллеге говорить, что он глупый человек.",,,,,,
ушли и слава богу! не будем видеть и слышать Таню и её Алёнушку,,,,,,
если бы ваш салон загадили вот такие нечистоплотные..ваша реакция была такая же..:-),,,,,,
вот до чего доводят драки одно только горе от этого безумия всем,,,,,,
"Не удивлюсь, что Била смотрят в основном не из городов а из деревень",,,,,,
быстро удалили мои фото или из-под земли достану!,,,,,,
да какие ему могут быть оправдания ? ведь погиб человек из-за этого плохого человека,,,,,,
Значит родители плохие,,,,,,
"Этот человек не может быть болен, у него крупное телосложение",,,,,,
"пользуетесь тем,что в интернете таких,как ты,просто так не возьмешь",,,,,,
"Не вижу смысла тут переписываться, вживую бы поговорил",,,,,,
"правда вам глаза колет, с такими всегда так, своё на других примеряет",,,,,,
"это враги своей страны, за 500 евро пошли свою страну крушить, идите работать.",,,,,,
Никому твой героизм не нужен,,,,,,
"Разница в том между мной, автором заметки и тобой, что мы это понимаем, а ты нет",,,,,,
в первую очередь нужно родителя наказывать,,,,,,
"Фирсофу с Филатовым позвоню, скажу, что вы тут пишите",,,,,,
Только я не поняла зачем он нам нужен,,,,,,
Ничего не планирует и плывет.,,,,,,
А по поводу остального не переживай,,,,,,
"Особенно, если сам ничего не можешь, кроме как оскорблениями в интернете кидаться",,,,,,
забавные вы в своей бессильной злобе,,,,,,
прежде чем признаться в своей ошибке оглянись не окружают ли тебя глупцы,,,,,,
полицейские! а вы то куда лезите?,,,,,,
"Но почитал дальше понял, нет ты действительно странный",,,,,,
"А если и посмотрят то просто скажут, что он не умный",,,,,,
"Кто сюда влепил Путина?А какую госдолжность занимает Соловьев?или для количества?очень слабая провокация,очень!!",,,,,,
Плохой кот. Как хозяин позволяет обижать малыша?,,,,,,
"кое как с пробуксовкой , с трудом находишь этот дом( хорошо еще если на нем номер есть",,,,,,
Сидела бы на своей пенсии на старости лет,,,,,,
вот с кадырова и нужно начать,,,,,,
их надо лишить родительских прав,,,,,,
"Ко мне никто не приставал, кроме фанатов 58.50 22",,,,,,
"Сначала отца бы сфотографировал, потом мать, а потом и ребенка бы сфотографировал.",,,,,,
А вы остальные страны ещё до нас не доростете,,,,,,
"Надо, блджад, читать чуть дальше заголовка",,,,,,
а тут далеко и ходить не нужно!!!!!!!такое сотворить могло только бесперспективное поколение(ch) (ch) (ch) (ch) *-) *-) *-) *-),,,,,,
А!занервничал!значит я в цель попал,,,,,,