Вобщєм псіхану і піду на вокзал зустріну їїІ все одно,,,,,,
про гулящих дівок і траву ще.,,,,,,
"Ви за пару годин і не згадаєте кому це писали, нащо цей цирк?",,,,,,
про ситуацію з плагіатом у журналі Vogue можу сказати: 2 глупі жінки,,,,,,
"імхо - жахливо. красіво, більш-менш непогана бойовка, загалом - жах",,,,,,
"Я не я, якщо не пошлю в баню",,,,,,
"Відчуття, ніби все тіло ногами били",,,,,,
"Краще так, ніж всякі",,,,,,
Я і щас навіщо здався?,,,,,,
наш універ—бєспрєдєл.читай погану шеву і буде тобі щастя із розумінням,,,,,,
"за тим самим платоном поетів та взагалі митців - нафiг з пляжа, вигнати за межі Держави Платона)",,,,,,
При мені такої нісенітниці б не було.,,,,,,
Що  за расистський твіттер сьогодн,,,,,,
Мау хай йдутьу куди подалі,,,,,,
"там мало бути ""поганець"", але доля вирішила інакше",,,,,,
Толстой воістіну великий фікрайтер,,,,,,
"А я що, а я собі така шикарна, ніколи не падаю духом.",,,,,,
Навколо якісь діти і вони хочу напиватися і вони про це пишуть.,,,,,,
+1RT не можна доторкнутися людей в маршрутці не можна,,,,,,
"Ох ці жінки, котрі всерйоз думають, що комусь не байдуже на все, що відбувається в їхньому житті.",,,,,,
Почуваю себе тупим :(,,,,,,
"Та  боже, дай мені вже вмерти.",,,,,,
Тріпати мозок -  дуже погано.,,,,,,
ця штука й двигається,,,,,,
"Життя фігня, ми безмежно самотні, тому піду пекти піцу.",,,,,,
"Жах, я вчасно знайшов лігво тараканів у себе над ліжком?",,,,,,
"[городити дурницю про грамотність жахливо неграмотними і українською, і російською мовами: вишенька на тортику цієї феєрії]",,,,,,
Через цей олх в мене вже починає підгорати,,,,,,
я що весь час телік носив з собою і робив казна-що?,,,,,,
"ні, це дає тобі право посилати їх",,,,,,
"в мене така пятая точка, шо їй і 3 торти не завадить",,,,,,
"Хочеш все встигнути? канєха даааа, проспи всьо нафіг:З",,,,,,
Краще так ніж твітити багато всякої непотрібної інформації,,,,,,
"я теж не шарю, за що ціна така.",,,,,,
"не тут то було, Тернопіль Сіті, БАМ",,,,,,
"Залякані люди, збайдужілі своїм страхом...",,,,,,
Нема онлайн,,,,,,
Нічого з неї нікуди не їде,,,,,,
"Ні, та  на однокласниках залишалась)",,,,,,
"Кінець катьонкуі, більше какати не буде.",,,,,,
"Боже, який же чудовий день Треба мені частіше вихідні брати",,,,,,
Можна я перестану буть такою як я є ало мені має буть байдуже а чьото не байдуже,,,,,,
Якщо шось не так то відкрий рота і скажи,,,,,,
Іноді ой як хочеться повиривати волосся всім цих жінкам легкої поведінки!,,,,,,
"Та це був мокрий, снiг!",,,,,,
"Тому що ідіть звідси, ось чому.",,,,,,
я більше не полечу нікуди!!!!!,,,,,,
Вміння дурити арт спільноту,,,,,,
"Буває, читаєш шось і думаєш про себе ""Ну що за нісенітниця?",,,,,,
Моє побажання на 2014-ий: хай би всі погані люди залишились в 2013-му.,,,,,,
"Ну та, i по зноситися було б непогано.",,,,,,
"Дякую всім, хто підтримував мене, але співбесіда пройшла погано",,,,,,
"Воно на стільки просте, що навіть я, яка давно відверто називає Фреймут поганою, не маю що сказати",,,,,,
А при Януковичі ти так само робив?,,,,,,
Їй випав Овен і мій папа овен.,,,,,,
"Отримала нині міні-інфаркт, бо думала, що він мені  дзеркало знесе.",,,,,,
"Завжди хотіла бути коханкою, а не дружиною, бо з ними просто злягаються і все.",,,,,,
"Та навищо то всьо, всі боятся бути відповідальним і накатати ту заяву до ректора.",,,,,,
"#6йсирник RT : - Та я, не из-за бабла.",,,,,,
"я чесно зізналась, що мені все одно, і канєшно ж через це тепер я просто безсердечна",,,,,,
"А ф-зми є різні - я за той, який цю парадигму відправить далеко",,,,,,
Мене той сімл бісить.,,,,,,
"Ааааа, ну для чого ставити це на порозі??????",,,,,,
І все це особисто до мене звернуте.,,,,,,
чорт вибішує ця річ.,,,,,,
Точно не моi сусiди.,,,,,,
Треба було відео знімати,,,,,,
"Сьогодні у нас, челендж розбуди Юляну?!",,,,,,
"'щойно бачила дівчину в сукні і в чоботахне в''язаних, а звичайних, осінніх, чоботах'",,,,,,
Яка була мати така ж і дочка,,,,,,
"Люди, котрі юзають мільйон смайлів, без зайвих слів ідуть далеко",,,,,,
"'Напиши тій людині ''йди звідси''Порада Ендрю, на любі випадкижиття'",,,,,,
Одна не добра людина зіпсувала мені рейтинг на роботі.,,,,,,
В коридорі готелю вже годину голосно тараторять люди.,,,,,,
так ми ж багато англ і рос читаєм. от і получається плутанина.,,,,,,
Не потрібні мені твоі дужки)))),,,,,,
Антикорупціонєр – це коли продаєтся за гроші.,,,,,,
"Заходжу я в твітор, а тут Лєщєнко каже.",,,,,,
"Подзвонили всі возможні родичі, сусіди стукаюсь, щось таскають там , брат 100500 раз зайшов в кімнату",,,,,,
"Таке враження, шо в росії не вміють норм кохатися.",,,,,,
"Щас роздінусь і піду голою, і всеодно.",,,,,,
Щоб то ще такого сказанути в стрічку?,,,,,,
Я ж не поганаа якась,,,,,,
Не дадуть людям спокійно розгону её бороти корупцію,,,,,,
Коли я навчуся не витрачати час для сну на марно?,,,,,,
вкради там рюмку для мене :D,,,,,,
Ну і де ж то покращення,,,,,,
I позбавляти субсидій/фіндопомоги від держави.,,,,,,
То це ясно і божевільним.,,,,,,
Мозок думає про цю несамітницю,,,,,,
Тинка ходи на Jazz fest і вино післяЖінку свою веди.,,,,,,
кексложно вамна мене просто завжди все одно було,,,,,,
"Які, вибори в умовах окупації",,,,,,
"Одного разу зробивши фiгню, ти раз-у-раз думаєш над черговою.",,,,,,
"твіттер, чим більше оновлень, тим більше лагає",,,,,,
тобто? тобі більше 25?!,,,,,,
Я: у мене якась депресія вже протягом тижня...,,,,,,
"Зайди на фб, молю вк не дає нічого зробити, це все чоловік поганий",,,,,,
"Хочеш бути потрібним @ усім на тебе байдуже@ люди дивуються ""А шо ж це ти такий злий?""",,,,,,
"Боже, нарешті хтось про ССR сказав",,,,,,
"тому, кстатє, спайк лі получив каннську гілочку, а кокотюха нічого не получив, і так йому і нада.",,,,,,
"Найбільший злочин проти українського народу - влада, яка складний час впевнено і безбожно продовжує брехати",,,,,,
Коли надурила самого Бога Долею.,,,,,,
"нащо ти палиш, ну блин",,,,,,
"ніколи...чуєте, ніколи! не плутайте такі речі. це ж не можлiво порівнювати))",,,,,,
Він вміє гадити мимо лотка і гарантовано не допускати олігархічного беззаконня.,,,,,,
"Я ненавиджу своє тіло, сам факт свого існування.",,,,,,
"Пише: ""Я думала в мене погано в житті через відсутність сексу, порішала з сексом, а нічого не змінилося.",,,,,,
"-------- Ну як завжди, Кежуал конверсейшнс віз)))))",,,,,,
Як добре що таке безглуздя властиве лише монархіям,,,,,,
'ти п''єш без нас',,,,,,
Всі такі таємничі,,,,,,
Не треба мені розповідати за бєдних лікарів & призваніє.,,,,,,
"Краще померти, ніж визнати, що помилився.",,,,,,
"всі, кому не нрав Євробачення тікайте з села",,,,,,
"дякую, а ти киця",,,,,,
"Шо за нісенітниця? - сказав я, уважно підбираючи слова.",,,,,,
Не розумiю чим я заслужила цю карму останнiм часом,,,,,,
"не писать йому тоді, чи шо",,,,,,
"То роби щось, жінко",,,,,,
"Я третій день в хаті, а втікти  звідси хочеться ВЖЕ І НЕГАЙНО.",,,,,,
"Я зара вшарила, що я дуже не розумна.",,,,,,
"Це не просто розтрачення,а нудне розтрачення",,,,,,
"Ти шо, коронне ""не насилуй мізки"" до всього застосовують",,,,,,
навіщо ми це зробили?,,,,,,
'Збери п''ятьох клієнтів за день та отримай одне ввічливе приємне сонечко у подарунок!',,,,,,
"гегель такий мілаш,коли пише про абстрактне мислення, і такий чудний, коли товкмачить про право і державу.",,,,,,
Пісня про сесію:зззНа відміну від–так ну його :з,,,,,,
"чи не редиска ти, Дмитро?",,,,,,
"'Навіть не знаю, то дар чи прокляття моє вміння НІЧОГО НЕ ЗАБУВАТИ От якого, мозок, ти так підручники не запам''ятовував'",,,,,,
Здається комусь вже пора надавати.,,,,,,
Гоголь хоче всіх волонтерів фул-тайм і щоб всі фоткали афіші (шо за маячня афішами?) і набрали 300 людей (!).,,,,,,
"Ідеальна рiч, щоб тебе ніхто не торкався в метро, знайдена.",,,,,,
"(Якшо якась людина, знову, не зіллє інфу)",,,,,,
"'Злить одна людина на роботі, але я не б''ю старших'",,,,,,
Найкращі ультрас - дівчата з РГМ.,,,,,,
"Хеппі бьоздей, щось зовсім не хеппі.",,,,,,
"я б з тобою поговорила, але ти такий дивний",,,,,,
І щоб не було ще ліпше: порвані джінси,,,,,,
"поранивши палець, намагаючись розбити варене яйце кістяшками.",,,,,,
"Отак не встиг зафоловити людину, як вона почала писати нісенітницю.",,,,,,
ти підписав собі вирок,,,,,,
"Хоча насправді байдуже, просто не було чим, а його щітка й справді чистить в важкодоступних місцях.",,,,,,
На кожен капець є своє все одно.,,,,,,
Ви хоч раз слухали що він каже?,,,,,,
"тепер моя черга сказати ""ну ось і все""",,,,,,
Бамс нада шось придумати годне бамс добре і так зайде,,,,,,
"«Подивіться, яка я бідося, жалійте мене!».",,,,,,
Останнім часом не бачив НЕ поганих людей.,,,,,,
"КекНу типу бреше ніачом то і в житті не важкоНо я колись теж напастой мовчав, тому шарю тебе",,,,,,
сід каже що я ніяка :(,,,,,,
"Капець, я не можу змусити себе вчитися",,,,,,
А всюди натовп з руками,,,,,,
"Чемпіоном він хоче бути, ага",,,,,,
Та тоді якийсь ужас бувв мене рідко губи тріскають,,,,,,
Яка ж я зла,,,,,,
"Зараз закурю... поганий футбол, тримай себе в руках, Міла",,,,,,
"Ще раз переконуюсь, що я думаю чимось, а не мозком",,,,,,
Блін точно)і поміняти прізвище вконтактику,,,,,,
"Лєна, краще мене кашею годуй, ніж того хлопця.",,,,,,
"я й не бачила, шо вже так пізно.",,,,,,
"ця ""безвітсоткова позика"" це знущання з усіх, без виключення українців. ось що бісить у тому числі.",,,,,,
"Як воно, схоже на ваші ""незаангажовані"" опитування?",,,,,,
Йди геть під силу,,,,,,
"Дякую за зауваження)Бити мене треба, щоб менше тараторіла!",,,,,,
А нє поставіть-ка мне моє достоєнство на аву і зіпсувати собі репутацію,,,,,,
"Очікуєш на щось гідне, а в результаті отримуєш щось погане",,,,,,
"Мені багато французької, а манав, бо усний",,,,,,
та ну ви знущаєтесь?,,,,,,
Воно нас ні до чого не готувало.,,,,,,
Чого ж так смішно з цього?,,,,,,
"'Рубрика ""Всім начхати  на ті всраті діалоги"":Итс соу світ вен після п''янки всі звітують, що дома.'",,,,,,
завжди роблю поганий а їй нра,,,,,,
'Кидає фотку в платті і каже - диви яка в мене тут п''ята точка!',,,,,,
"не питання, від кого передати?)",,,,,,
"'Перед тим, як щось затвітити, запитай у себе: ''А може всім байдуже на то?'', і пам''ятай, що відповідь завжди ''Так''.'",,,,,,
"приміщенняХАБУдозвільного РОЗВИТКУгромадських організацій (ок і тут ГО)Азовського РУХУ (щто?)рекрутингового центру полку ""АЗОВ""Ух",,,,,,
навіщо ти пишеш твіти з моєю картинкою?,,,,,,
"'ти пам''ятаєш, шо мені було потім?) я мацала так пити)'",,,,,,
"Господи, вирубіть уже літо.",,,,,,
"Той  в тг не заходитьТи шо, яка ВікторіяЯ собі не дозволяю тепер такого",,,,,,
"Чувак, який безуспішно намагався вмовити мене на секс, пішов ва-банк і тепер замість ниття  кидає мені АНЕКДОТИ.",,,,,,
"Ну, погані і є погані",,,,,,
Нема зворотніх плацкартні на коли мені треба в обозрімом будущєм,,,,,,
"Дивлюсь на відповіді голосувань і, хто так погано мене знає?",,,,,,
Та навіщо ти мені потрібен,,,,,,
"Люди кажуть, що всім всеодно на них.",,,,,,
"'В коментарях автор пояснює, що їздив дивитися, як тубільці б''ються між собою, про “both sides” і “more neutral approach”, прекрасно'",,,,,,
"Підйом, Arbeit macht frei",,,,,,
"Є частинка щастя в хорі народу на концерті Жадана і Собак, який співає:Чотири роки без Кобзона!",,,,,,
"Кидайте цю милоту будь якому російському , що почне говорити за те як на Сколєнії жить харашо.",,,,,,
НєБо у вас  поганий гуртожиток,,,,,,
"Очевидно, бог чистоти приготував, щоб покарати мене, бо не прибираю.",,,,,,
Відчепіться зі своїми стереотипами.,,,,,,
"І головне ж перша заговорила, а я...невдаха...",,,,,,
Кольорова печать на звичайному папері 10 гривень Ідіть,,,,,,
Бо вам то не подобається.та блін.,,,,,,
Хороші спогади - це та ще штука.,,,,,,
"як же мені прикро, що все так ;(",,,,,,
"Ось навіщо мене діставати з самого ранку, а???",,,,,,
Тому доводиться вмикати режим хитрощів.,,,,,,
"Все одно він негідник, бо не пише",,,,,,
"Ахахах добре, шо не поступав туди#КНЕУ_топчік",,,,,,
"Всесвіт вчить мене забивати на тих, хто забиває на мене, а я ніяк не вивчу урок...",,,,,,
Сподіваюся вся ця ситуація яка весь тиждень вставала між нами і Одесою не була жахливим попередженням світобудови,,,,,,
Подруга прийшла поговоріть зі своїм хлопцем до мене в кімнату.,,,,,,
Всі збиратимутися та вонанувати на твої фоточки.,,,,,,
"Чоловіки, хлопці - опануйте себе і до Києва!",,,,,,
"Бандіти, написав в бложик, про те як поліцейських вогнеметами озброїли.",,,,,,
"ДаЗнав одну, божевільного людини не бачив",,,,,,
не лишайте пухнастих наодинці зі шкарпетками,,,,,,
"Хочу постити депресивну дурниці в інст, але там забагато знайомих",,,,,,
"І, їхала сюди - то мала роботу.",,,,,,
Українська термінологія - це жах.,,,,,,
"Він потім думає, ну і не дуже то і хотілось їсти.",,,,,,
'- Ти п''єш горілку і перестаєш на все реагувати',,,,,,
Ну чьо Михасику не отримаєш ти того що ти хочеш...,,,,,,
Дуже хочу написати щось дуже розумне  але хто його знає що...,,,,,,
Коли ти дуже жостко глузуєшь над Настєю,,,,,,
"обколються своєю марихуаною, а потім всяку дурість роблятьнаркотики - зло",,,,,,
"ба-ссуха,  там одна ""с"", чол",,,,,,
каре і срібло у жахливой якості,,,,,,
"Так хочеться простого людського, щоб дуже побили по попі.",,,,,,
Навіщо ти включила бізнес аккаунт в інста якщо ти школярка і тебе фоловлять тільки твої однокласники..,,,,,,
Коли пацан - геть як відразливо.,,,,,,
– Я что хворий налогі платіть?,,,,,,
як же хочу сирників.,,,,,,
"Бо перша ночі, а ти тут розлігся як тюлєнь на льодовику.",,,,,,
ото жиза я в шоці,,,,,,
"Діма: цвіте і пахне, вже чудово себе почуває та готовий валили на сесіюХтось: нічого собі, в тебе карантин",,,,,,
смм вийшов на вулиці і нам всім хана,,,,,,
"Хотіла б бути твоєю сестрою, щоб завжди мати можливість тебе кохати.",,,,,,
"На запах яблучних млинчиків прибіг сусід: "", тебе нарешті хтось візьме заміж і забере звідси?""",,,,,,
"Я просто маленька дівчинка, котра хоче тортик, обіймів і  покарати ворогів.",,,,,,
"Хочеш їсти - їж, хочеш пити - пий, хочеш сексу - ну, буває.",,,,,,
"Крутi мапи Польщі, мої улюблені про туризм, найбільш небезпечних тварин і ландшафт.",,,,,,
"Лєра, вітаю, ти испортила найбільш невибагливу рослину.",,,,,,
'А п''ять двадцять п''ять)) ну не так вже бити мене не звикати)',,,,,,
"ну, я не вірю",,,,,,
"Про мій твіттер гарно сказав Чарльз Буковскі ""Лінь народжує погане, погане - страждання, страждання - літературу ...",,,,,,
навiщо я це вчу?,,,,,,
"вже майже четверта, а я не сплю, що за",,,,,,
"Ніщо так не бадьорить зранку як ""жах, проспав"".",,,,,,
'годуємо котів о п''ятій ранку',,,,,,
"Це ж наче таке, але від неї паскудно до смерті.",,,,,,
Мужик що проходив мимо зацінив мою попу.,,,,,,
Ну вот прямо як у мене),,,,,,
"давай закрутимось у вирі пристрастей?-, Якубович, крути сам свій барабан, старий ти дід",,,,,,
"Вам що, феміністка дорогу перейшла",,,,,,
"Я не зла, але скоро буду бити вікна так припаркованим",,,,,,
"В чому ваша, проблема?",,,,,,
Приватбанк - професійно шлемо Подзвони їм.,,,,,,
"'Але не можу, бо то сім''я.'",,,,,,
"Має дві роботи, але вкрай ниє, яка у нас хренова держава, який він бідний, яке прикре у ньго життя.",,,,,,
Ось у наших батьків частково така проблема,,,,,,
Ну окЯ погана людина по факту і всьо,,,,,,
"Мене зараз закидають тухлими помідорами, але Скарлет Йохансон",,,,,,
Як перестати хотіти все що рухається,,,,,,
"Здатність говорити - це просто найнепотрібніша рiч, дана мені.",,,,,,
"Це все Путін своє клімактічєскоє оружіє запустив, щоб нас зі світу зжити.",,,,,,
"Ну блін, як воно звучить",,,,,,
"Заношений дірявий светр, списані блокноті, люди, котрим на тебе всеодно",,,,,,
"Здається, мене люблять 2 дівчини.ото не варто було писати шопопало",,,,,,
"А варто лиш почути всяку наркоманську фігню, ржу як коняка.",,,,,,
Ну вас з вашою політикою.,,,,,,
"'П''яний друг каже: "" ніколи займайся сексом с дівчатами з економічного...""'",,,,,,
"привіт пенсіонерський відпочинок: сходила в замок, погуляла набережною, випила, тепер наступні дві доби хочу просто проспати в номері.",,,,,,
"не звертай уваги. таких мільйон, ти одна.)",,,,,,
Через твіттер  капуста підгоріла ._.,,,,,,
"Я: Рєбзь, може суші візьмем?",,,,,,
"Ну, давайте вже про імпотенцію та рак, так нецікаво.",,,,,,
Я викину цю картку в Стікс,,,,,,
я тікаю від вас спати,,,,,,
а шо це справді лякає?) я завжди так роблю,,,,,,
Ахахах уявив собі це,,,,,,
"Ого, а навіщо вони це постять",,,,,,
"А навіщо він, є від нього щось, окрім шкоди?",,,,,,
"Я sooooo excited, прям заднім місцем в кріслі пританцьовую",,,,,,
"словом, набридло то всьо. ви кто такіє? я вас не звал. iдіть звідси",,,,,,
Один раз побув поганим чоловіком і на все життя ним залишився.,,,,,,
Однаково погано добиратись з Наукової до Рясне шо старим 131 шо новим 11 #lviv,,,,,,
Де вона зараз – ніхто не знає,,,,,,
"Жарт, над яким не гріх поплакати.",,,,,,
"ой блін, плюнув подорожник приклав і кайф",,,,,,
Ну  чого вони такі каєфні?,,,,,,
"я за сьогодні вже 2 рази , руки реально нiзвiдки треба ростуть",,,,,,
"Можу допомогти, все рівно нічим не займаюсь",,,,,,
"росіян У росіян знов ""лєнере"" загострення.",,,,,,
"'п''ята точка, к слову – на 2 з мінусом і без наколок.'",,,,,,
Я буда в шоцi і привела кураторку.,,,,,,
"До деяких людей не виникає інших питань, окрім ""Ти уже родився таким?"".",,,,,,
Я можу придумувати дивні програми для СТБ.,,,,,,
"ті самі, котрі ""полная імпотєнція в укаінском інфополє"" і через два твіти – ""боти Порошенко на з/п"" гг",,,,,,
Хахахах зато ви всі такі правильні що Господь Бог цурається  вас,,,,,,
Вангую прапори новоросій чи іншого роду провокативні речі на трибунах,,,,,,
"Сміх сміхом, а попа горіхом",,,,,,
"Тільки раптом що це їсти треба, а не намазувати кудись",,,,,,
"-ЦЕ ТИ МЕНЕ ЩА ТОВСТИМ ОБІЗВАЛА, ТА?!",,,,,,
"Ранок почався з мамчиних нарікань на укргазбанк-поганий укргаз, негарні- и тебе хорошего дня",,,,,,
"несчатье тим людям, які розвивали рейшинал чойс теорію, ВОІСТІНУ.",,,,,,
"Хтіли ""паставіть падножку Порошєнка"", а вийшло наоборот тільки.",,,,,,
Мій ентузіазм підриває погане самопочуття,,,,,,
"Нічого осбливого, просто новий пляж в Тернополі*НЕЙМОВIРНО*",,,,,,
"Навіщо хлопу дівчина яка вміє рахувати дискримінант, та ще й вишивати, що він з нею буде робити?",,,,,,
"навіщо я сюди ходив – науці не відомо. замкнутий круг, нєбо вокруг.",,,,,,
"почуте днями біля екс-тудора: ""бог триєдиний""",,,,,,
У французьких блогерів відчувається напруга.,,,,,,
"Ви звертали увагу, на скільки багато повилазило циніків?",,,,,,
От вам моя експертна думка:ніфіга англійці не розуміють в революціях.,,,,,,
"Ти шо куриш, а я досі про то не знала",,,,,,
Я знаю дякую ще чоловіка забула...ну і послати мене далеко,,,,,,
#Неважливо #якою # мовою # головне # шоб #купа #хештегів #беззмістовних # було,,,,,,
"Ці поганi люди, які постять оголошення про кімнати, а потім не відписують",,,,,,
"Хочеться насильно змушувати кохаися усіх, хто ниє.",,,,,,
"Спитав пан Богдан, які ми знаємо три євоейські свята, і я сказав РАМАДАН",,,,,,
"блін, хотіла від когось відписацця, погортала подивилась, а всі такі коти ідіть звідси",,,,,,
"Якийсь трошки  проблеми з цим розслідуванням голаднців, ні?",,,,,,
"'Шо за фігня Вже тиждень ниють м''язи в ногах (верх литки), і я ледве стою на ногах'",,,,,,
"Підходить промоутер на Волині, парить фiгню, відповідь жіночки:- Сонечко немаю часу тебе послухати, там дитя мене жде",,,,,,
"І рибку, і на ще дещо, та?",,,,,,
"І там тебе знайду, в мене віза на всі страни",,,,,,
"набити орган, щоб хоч десь він у мене був",,,,,,
"'Тому взяла і посмажила м''ясо собі,можна в пиві перед тим вимочити,але не саме пиво пити..............'",,,,,,
Треба просто напросто не зв’язуватись з ними,,,,,,
"Боже як скучно, нормальна людина вже пішла б спать, но нет, віка ж спала півдня і тепер не засне",,,,,,
Перестаньте бути такими хоч на день,,,,,,
"ох, львівські ранкові затори.не люблю, не скучила, идите в баню",,,,,,
"Відстань, це обідно :(",,,,,,
Шей мамі  300грн віддав.,,,,,,
Всім все одно на вашу думку.,,,,,,
І тут доїхало бгг.,,,,,,
"Сидиш собі, і раптом як починає всяке марення думатися.",,,,,,
Як сенс життя,,,,,,
"зважаючи на мою погану поведінку - ті хто не поїхали і можуть товаришувати - вони пройшли ценз, бггг",,,,,,
"Так от, може за #ЛяВорк я і скучила, але ніяк не за ранковими підйомами.",,,,,,
"З ""українськими"" змі боротись з утисками слабоди слова і давати  за рублі",,,,,,
На скільки справ ще не забито!,,,,,,
то я богато того вчивщо вже не знав що вчити но треба було,,,,,,
"Що це твоя хата, а отже ти можеш хоч і бомжа привести.",,,,,,
йдіть в вк ті дєла обговорювати,,,,,,
а я от думаю для кого яськів постила картінку,,,,,,
Я вже 2 тижні не можу провести необхідні мені операції,,,,,,
"Мої одногрупники, що сидять попереду мене, жруть мандарини, зефір та сир.",,,,,,
"Дивлячись на те, як воно з іскрою в очах спорожнилося в пюре, поганий із нього Рататуй",,,,,,
але ж він  не переплутав дні!,,,,,,
"Якщо ми будем так цілий рік салати по трохи їсти, то йди ти далеко",,,,,,
як же мене всі бісять,,,,,,
"Взяла сир-косичку, крабові палички, зробила Кривавої Мері та послала усе, що тільки можна.",,,,,,
мама: тобі б не мішало похудать і зайнятися коханням: мааам,,,,,,
"Отже, те, що одним під силу, іншим все одно.",,,,,,
"Анатомка, я тебе обожнюю.",,,,,,
"Якби за кожну твою брехню я дарувала тобі по одній повітряній кульці, ти б давно полетів #думки_вголос",,,,,,
"- іду ""на ви"".  - іди геть!",,,,,,
'я дуже здивована і як тепер видалити пам''ять',,,,,,
"Пилипишин-здивувався, всі здивувалися",,,,,,
"Хвала небесам, що менi все одно на укладку",,,,,,
#ЯкщоДніпроВиграє я перестану робити маячьню...,,,,,,
Займатися коханням- це як рання весна,,,,,,
"Я хочу вивчити ще багато мов, але ж..",,,,,,
"Так шо, то ваші проблеми",,,,,,
Аа там пеперва під час пари погана.,,,,,,
"'Викликайте екзорциста, я з розуму з''їхав.'",,,,,,
"Мам, мені поганоі ржу.",,,,,,
Мо спраглих за Вітєю тра просто налупити до  сцяк?,,,,,,
"Або викладач умник мене одногрупник достал, зошит за лекцію закінчився скоро сесія, за шооооо????",,,,,,
"Поки я спала та купалася в морі, ви базікали про айфон.",,,,,,
"Там у слові була не та літера, і ніхто не здогадався, що це просто опечатка.",,,,,,
"'якось стрьомно, коли п''яна людина спершу вимагає пустити його в під''їзд, а тоді називає тебе поганим словом та погрожує'",,,,,,
"Моя мама без всякої задньої думки каже дитині, коли вона по вулиці гасає: ""Обережно, не вдарся десь!""",,,,,,
"Тому погане залишається в КП, а я вирушаю в дорогу.",,,,,,
"Холодно стало, дєвок нє сталоПтічкі вапно перєсталі клєватьНе комфортно курити на балконі",,,,,,
"Набридли  гуманітарії,набридли технарі, усі набридли , ідіть звідси.",,,,,,
аххххах :D даішники :D,,,,,,
"Пацани що таксують в Über, не намагайтесь обдурити",,,,,,
"Тобто професори тримаються бодрячком, але всі розуміють, що це кінець?",,,,,,
'Або завжди можна воз''єднатися з самотньою жінкою за 40',,,,,,
"Нє, я в кєдах поїду.",,,,,,
тіки не кажи що та ж фигня?)),,,,,,
Собаки з усього району почали вити.,,,,,,
"А йде лише, той, який у дорозі добу, цілу добу",,,,,,
"'не пам''ятаю де в мене пара, а в розкладі неправильний кабінет'",,,,,,
І живи тепер з цим,,,,,,
"Ну то що, жінко, там і тридцятник недалеко.",,,,,,
"'Дуже часто це навіть необхідно, бо таких терпіти зась, а вони ж знають, що ти наче зобов''язана'",,,,,,
"Кидає мені, а я ж невміха.",,,,,,
"Тому що, там починаєш вводити назву, а воно не знаходить.",,,,,,
Як тільки зайшов почали стукати і кричать мол  чому так довго говориш,,,,,,
"Загалом агітація набридла вже - папірці сують,листи надсилають,додому телефонують(!).",,,,,,
я б так взула *___*,,,,,,
"я вражений. не знаю, чи зможу я з цим далі жити, ага.",,,,,,
"'Коли деякі люди знову говорять, як добре жилося при сср, то нагадуєш їм, що 3джі з мемасиками, з''явилися саме при укровласті! Замовкают'",,,,,,
"'Якщо бажання нагодувати передує бажанню займатися любов''ю - це всьо, пиши пропало.'",,,,,,
"Бандеролька в Америку йде майже два місяці, блін",,,,,,
"так, де вічний двигун",,,,,,
"Кажіть, що я можу більше, ніж те, що я зараз роблю.",,,,,,
"А вобше мені потрібна людина, котра битиме мене щоразу по кривих руках, примовляючи: «Бачиш?",,,,,,
"Навіщо засмічувати тві своїми поганими фотками, в той час коли ти вважаєш себе негарним?",,,,,,
"Не зря, ой не зря зробив шенген на 5 років",,,,,,
"всю велику родину дають в нарузку, всю ненавість",,,,,,
Може кинути все і вступити на театральний?,,,,,,
"все нісенітниця, вже втретє чую)",,,,,,
"Але обережно - захопившись, можна послати в баню взагалі всіх, і лишитись соціально непристосованим і самотнім.",,,,,,
Та ну їх =),,,,,,
мене і так ніхто не хоче,,,,,,
"Типовий твіт українського початківця цієї соціалки: вакарчук, укрправда, мустафа, Тимчук, аваков, сальцова і кілька поганих міст.",,,,,,
"Ната ""Або просто бесіда з Натою і Владом.",,,,,,
Рєбята сорі за то шо я погана,,,,,,
та бо рілу багато всьогго,,,,,,
"ну шо, без розчарувань взагалі ніяк?",,,,,,
"З трудом, но я вже це зробила, тепер мені все рівно і це прекрасно",,,,,,
"Молюсь, шоб та штука в мому рюкзаку не розлилася.",,,,,,
опять дежавю вже третє за два дні,,,,,,
вже весь твіттер знає шо ми живем як буржуї,,,,,,
"Є така нісенітниця, яку важко пояснити",,,,,,
"'Рев''ю з ейчаром і тімлідом перетворилося на шквал компліментів і теплих слів, від яких я розчервонілася .'",,,,,,
Ну тепер треба терміново поїсти сиру.,,,,,,
'який умник засунув пакетик фруктового чая до м''ятного?',,,,,,
які ж всі погани,,,,,,
"*збирається у важливу путь*- ти повинен сказати щось, що надихне. - просто іди.",,,,,,
'Чай з м''ятою і медом трошки кориці додай і спати',,,,,,
"таваріщі, ну який порошенко.",,,,,,
"тьфу блін, отак одним махом все перепортити. ну зачєм?",,,,,,
"Я тебе кохала день у день,А ти як себе ведеш",,,,,,
ну вот...індустрія гумових баб досягла досконалості!,,,,,,
І от хотілось би скоріше прокинутися.,,,,,,
Він в ексклюзиві для блумберг стільки наговорив.,,,,,,
"байдуже на всіх, але Севілья забила.",,,,,,
"я от зробила тотуху літачка, а тепер думаю ""ну і навiщо?""",,,,,,
"експертний висновок роботи Фоменка від : ""Міг би тоді і Бойка випустити. "" #UKRPOL",,,,,,
"#hipster_love RT : у мене бажання з кимось переспати , але інет тупить(((",,,,,,
"Знай, коли я тебе побачу, тобі кінець.",,,,,,
"Та нє, вона пошле",,,,,,
зранку краще заходить,,,,,,
Ей ю сі кей.,,,,,,
'Я ше під під''їздом сиджу і всіх розпусними називаю',,,,,,
"- "" ... гуцул іншу любить скрито*ґ""- поганий чоловік!",,,,,,
"попа ти, катя, - сказала мама і пішла робити мені каву)",,,,,,
"будьте обережні з поганими бажаннями, вони мають срану властивість збуватися",,,,,,
Але на справді Богуслав безсердечна людина,,,,,,
"йди спати, бо подзвоню в 5 і чому ти ващж не виспишся",,,,,,
послам все одно на Україну,,,,,,
Хочу дви роботи та жодной хвилини думати про непотриб.,,,,,,
"Ні, не розумієте(Відсилка до неякісної реклами)",,,,,,
Любіть Україну!,,,,,,
"Замовила, відправили....ну чого ж в найкращих забирають життя...",,,,,,
"Зара ще ягодицiобмотаю, красиво, здурiти!",,,,,,
"Та всеодно, вони знають, що є",,,,,,
Шо там учити - бери та роби,,,,,,
ви такі кумедні.,,,,,,
"Гірше за все прикидатися, шо тобі байдуже.",,,,,,
знімай стрес правильно -иди в магазин!,,,,,,
"та будь ласка, те що я поганий то не секрет:)",,,,,,
Потягів без кричущих дітей не існує.,,,,,,
предмет не важливий,,,,,,
Згадав свій сон і це кiнець.,,,,,,
Вдягала ліфчик - відірвала бретельку разом зі шматком чашки.,,,,,,
"Я знаю, що ти це читаеш, Т. Я його НЕ  ПIКАПЛЮ. -.",,,,,,
Просто бінго-****40-річний співробітник відділу оперативного супроводження адміністрування ПДВ...,,,,,,
"По перше, більшість стоків і секондів перебільшують з цінами",,,,,,
Вмій визнавати свої помилки і вчитися.,,,,,,
"Ну що, чувствую себе як дитина яка накосячила і її приперли до стєнкі",,,,,,
"мала бути*та блін, я замахалась вже виправляти помилки, кіл мі",,,,,,
"Може коли ти стоїш біля людини, вона хоче тебе вдарити, а стоматолог тебе захищаєПОДУМОЙ",,,,,,
"не варто стріматись,якщо не поводити себе  неправильно, то все ок буде.",,,,,,
"знатно я впав, якраз перед канцом Еполетс всі ноги болять, БЛІН!",,,,,,
"Я дуже рада, що вам подобається моя попа, але чи не могли б ви, будь ласка, лайкати і мою душу???",,,,,,
"ота завжди з вами, не поймеш що в голові",,,,,,
Єдиний спосіб мати відстань між ляхами - цілодобово займатися коханням.,,,,,,
навіть коли несеш несенитницю,,,,,,
До твого списку все не зрозумій хто,,,,,,
Кусок живота з-під задертого светра - ух секс!,,,,,,
"Мені тут під зауваженням у щоденнику написали ""здохни"", а потім ще й почула, що я ""зовсiм того"".",,,,,,
"Уся сіль у тому, що в цього чоловіка МЕДИЧНА, ОСВІТА",,,,,,
Бо це теж та ще помийка,,,,,,
"Боженька оточує тебе поганцями, щоб перевірити наскільки ти готовий до пекла.",,,,,,
"Доки не пізно, сповідайся, якшо спав з кимось із фоловерів.",,,,,,
"Понароблюють фігні, котра рветься після першого ж разу.",,,,,,
"Вкладники Привата напилися настоянки глоду, і потім російських послів стріляють.",,,,,,
Дайте мені машину часу і йдіть геть,,,,,,
"'Боже, чому просто не можна зобов''язати вчити англійську всіх людей, які так чи інакше контактують з іноземцями.'",,,,,,
"'капелюх обов''язково треба надіти, всё равно  шо зима і вуха мерзнуть, капелюх і окуляри, без окуляр читати взагалі нема сенсу'",,,,,,
"Цікаво,а якщо він підірве щось в Лондоні,Брюселі,Парижі,Берліні і т.д.",,,,,,
"Перший снігопад сезону, за півтори доби до його завершення#миздобули",,,,,,
В яких ти зараз йдеш далеко,,,,,,
"тікі виставлю історію вк,  сразу її дивляться деякі люди, нагадуючи про себе,  а мені потім страдай",,,,,,
"А ти потім ходи і думай, шо за дурниця відюувається навколо",,,,,,
НитиА не бути дурною жінкою,,,,,,
вже третій день поспіль про члени/груди/секс і т.п. говорю.,,,,,,
пройшов вже через цю ситуацію просто,,,,,,
"Не висипалась уже не знаю скільки, і ніяк не можу.",,,,,,
Зараз би за віндоус докопатися.,,,,,,
"Підвозиш людину, а вона починає безглузді поради під руку роздавати.",,,,,,
"олсо, фан факт: до 85 в Уругваї була діктатура і діка інфляція.",,,,,,
"та халепа))) я не очікувала, що прям так одразу це навчання почнеться з першого повідомлення))",,,,,,
"Боже, наші люди всьо фільтрують божими законами",,,,,,
"'от все вказує на те, що треба пити, і чому я ще досі не п''ю??????'",,,,,,
"Я нікого не тримаю, уходиш то й йди",,,,,,
"Я не хочу, щоб він закінчувався :(",,,,,,
Я бачила гоблінський переклад цього,,,,,,
Його б я розділа і віддалася б йому,,,,,,
"Нашо, можна ж тебе вдарить",,,,,,
"Зрозуміла, що коли немає особистого життя нізя сідати біля гарних хлопців.",,,,,,
"Навіть коли такий жах, як зараз :(",,,,,,
"які плювали на всіх, від гаїшника до прокурора.",,,,,,
"Та ну , я сьогодні навіть вдягнена пристойно, шо знову не так?",,,,,,
Довелося 15 хвилин чекати ту жінку.,,,,,,
"Скільки  не корми, все одно йде якнайдалі",,,,,,
"Та звідки рендомному чуваку або чувісі з інтернетів знати, чим я займаюсь?",,,,,,
Дике бажання взагалi забрати документи.,,,,,,
"Не хочу я ваш Новий рік, то не свято, а фiгня якась",,,,,,
В тебе забув спитати,,,,,,
ща на одних дівок наброшу,,,,,,
"Тіко альтернативно обдарований чекає ""націоналізації"" що зачепить сусіда і не зачепить його",,,,,,
"І ПОШУКОВІ ЗАПИТИ, там повний треш)",,,,,,
Відколи я така совісна я не можу зі спокойною душею звалити з пари,,,,,,
"Вот...все таки обдурили мене... обманули,а кажуть люди погані,а тут і голуби ще аферисти",,,,,,
В мене завтра свіданка,,,,,,
"Сірожа, віддай мамі семсят тищ!",,,,,,
"благаю, скажіть що робити, щоб припинити гризти собі  губи та щоки",,,,,,
"Пробачте мені таке нахабство, але Сократ дискутує погано",,,,,,
"Оце діалог з Трампом, ок.",,,,,,
Про перекладацтво і дурнощі | стрнґ,,,,,,
"Люди, що виступають за ""спасітєлєй страньі"" по типу Вакарчука, Садового, Гриценка, Міхо – вас мало обманювали?",,,,,,
Це логіка чи шо це взагалі,,,,,,
"Дивлюся #Динамо - #Стяуа з рос. коментатором, якщо цей ще раз скаже ""Бєлянда"" я його знайду",,,,,,
"це якісь диваки, які свої копійки в кишені порахувати не можуть.",,,,,,
ТО ШО ТАК ВАЖКО НАПИСАТИ ПАРУ РЕЧЕНЬ? чи послати якомога далі і не агрити своїми нормальниками. бісить.,,,,,,
'Де м''який знак',,,,,,
"Не бійтесь посилати на три літери людей, яким ви не потрібні.",,,,,,
Дід Мороз подаруй мені роботу,,,,,,
"Санта, я погано поводилась, тож принеси наркотіків плєз.",,,,,,
да доколє ж мені всілякі збоченці вк писатимуть? ._.,,,,,,
Я сюди лаяти всіх прийшла.,,,,,,
крала в магазині та кричала про статеві органи на вулиці,,,,,,
"Рус, шо ти вже там напрацував",,,,,,
"В періоди коли я пишу всіляку дурість в твітер, мені соромно писати дм-ки  мені здається, що вона мене засуджує",,,,,,
"От навіщо починати казати те, що ти не збраєшся завершувати?!",,,,,,
"Не знаю, як інші, але я не ображаюсь, а злюся Жартувати з себе маю право тільки я",,,,,,
"та бо, молоко хоче гречку, а гречка не дає.",,,,,,
І всі на один час(,,,,,,
"А щоб тобi,ану іді сюда, думал ко мнє лесть,",,,,,,
"Все пішло у тартарари, як тільки мені здалося, що все добре.",,,,,,
"– Нєа, кінець року, люди!",,,,,,
"Нє, мав людям ногами гривку поправляти.",,,,,,
"не гуляща, а комунікабельна, але в цьому випадку, так, ТАСЯ гуляща.",,,,,,
"'Сам чувак із Харкова, цього року з''їздив до Києва на канікули, розказує мені, який класний Київ.'",,,,,,
"Тим і погані шлюби: якщо один з подружжя купує шось на власні кошти, другий рахує це повноправно своїм.",,,,,,
сиджу і думаю: непогано ти так виглядала в 10 років......,,,,,,
"Пардон, що влажу, але  ти десь недалеко від мене, і мені це не дає спокою.",,,,,,
ви або ставайте в стороні  або не лізьте серед дороги/проходу зі швидкістю підбитого равлика,,,,,,
"всім іззя, а їй можна, бо вона нємношк і це німецький фонд? серйозно?",,,,,,
"То мені психічна травма, блін і згадати не хочу",,,,,,
Я не говорила про іншу стать.,,,,,,
"І краде, і краде собі.",,,,,,
"Краще синиця в руках, ніж ти.",,,,,,
"Хочеться випити, читати нісенітниці і писати нісенітниці.",,,,,,
"Починай вчити, атвічаю, там ще багато чудових слів",,,,,,
"Та коли я вже висплюся, без прокидань о 3й ночі та без ворочання по дві години",,,,,,
Мозок: Я не дам тобі спати всю нiч!!,,,,,,
"'Якщо трохи пошкрябати тих, хто підриває людей у ​​Європі, обов''язково з''явиться російська сутність.'",,,,,,
"А тепер випускники обступили мій падік і передають колом сігу миру, позаду йде вчителька, їй уже на все пофіг",,,,,,
"ну значить буду мити ввечері, коли повернуся, не можу ж повністю проігнорувати",,,,,,
"Мені здається, я рухаюсь не в тому напрямку і, здається, мені навіть норм.",,,,,,
О так спасіба щедрим богам за маршутку,,,,,,
#ДОВЕЛИ МОГИЛЯНКУ RT : Ми поднімєм Магілянку с калєн!,,,,,,
'там уся м''якотка в коментах під цим висловлюванням бгг. з експертом здійснили статевий акт& опломбували (анально).',,,,,,
Хто рано встає - той більше нісенітниці встигає натвітити.,,,,,,
"Тепер неясно, чи то малолітня, яка в 14 родила, чи просто турботлива сестра.",,,,,,
"як мені це набридло, відчепись від мене з цим!",,,,,,
і хтось це я бо я не краду чуже,,,,,,
Поїду в в Острог і не вертаюсь.,,,,,,
"Спочатку ти обіцяєш їй забити цвях, а потім забиаєш інше.",,,,,,
А ідіть мимо канєшно,,,,,,
Сиджу ржу з фотки волохатого пінгвіна.,,,,,,
"Про всяк випадок вивчи фразу ""куди преш?"" кількома мовами.",,,,,,
"це ж релігієзнавство, ти ще до політології десятки джерел читай",,,,,,
"Він так вірував, він же був прихильником Савонароли",,,,,,
"Я ще вічно могла б нити, але нi",,,,,,
кляті дощі в Конотопі сплав переноситься на вихідні -_-,,,,,,
"Ідіть геть, не затягнете мене в свою цукрову секту.",,,,,,
"не нада, отож бо й воно)",,,,,,
"бухати, займатися сексом, читати Кафку і Кортасара, танцювати на столах, аж доки не помрете ;)",,,,,,
- ми про щось забулипро дитину #НічІзКевіном,,,,,,
Бо поки доберешся з одного краю Києва в інший то півдня пройде,,,,,,
Ну я божевільнийНо не на стільки,,,,,,
ну шо за питання взагалі,,,,,,
Ну я таки  пішов І тобі раджу,,,,,,
"кожна людина має право писати марення, це записано в конституції",,,,,,
Домашня обстановочька так і спонукає забити  на все,,,,,,
"Гасло всіх лікарень України :""Велкам"".",,,,,,
"самі ж грають на руку таким ситуаціям, а потім розказують про вагітних і знедолених, господи, це жах :(",,,,,,
Розфоловила глину ще до твітів румбамбара. Так не хочеться розфоловлювать малину,,,,,,
"Неа, ти слішкам класний шоб ображати треба",,,,,,
"в мене на минулому тижні було замовлення, одразу послав.",,,,,,
Хочеться взяти і повіситись,,,,,,
"І всі, вважають, шо їх проблеми найважливіші",,,,,,
"о боже, як я ненавиджу таке",,,,,,
"я маю враження, що він непогана людина, яка несе багато нісенітниці.",,,,,,
'Мої тоже мене б''ють не зле',,,,,,
"бгг ну що, вiдчув?  як зайшла ""творчість""?",,,,,,
"тре було послухати, чому моя доповідь погана",,,,,,
можеш мене послати якщо хочеш,,,,,,
"----Пацани, так а кто за кого вболіває?- в смислі? Ми футбол дивимось без тебе, шо за вапроси",,,,,,
"Можно купувати квитки, але...",,,,,,
"Ошуканцю ""прозоро"" натякають: - ця з/п виглядає як повна нісенітниця! є що сказати?",,,,,,
"Щоб у мене все було добре, тре лиш секс і щоб вони зникли.",,,,,,
"І що, це більшість жінок почувається -отак",,,,,,
"Та мене оце сюсі-пусі саму бісить, особливо, якщо то прямо, ПОСЕРЕДИНІ ПРОСПЕКТУ ВОЛІ",,,,,,
оці ваші тонкі ранімі душі. а як я почну на всьо ображатись?,,,,,,
Дурне то геть не нікчемний,,,,,,
- я вас по одному виловлю! - я не погрожую! - ви не маєте права мене тримати,,,,,,
"'Пріключєнія Діминої п''ятої точки продовжується, бл'",,,,,,
'RT : Тре'' бути няшкою.',,,,,,
"А можна я ще раз скажу, що ти поганий, і мені за це нічого не буде",,,,,,
"Йду відпочину, куплю собі вкуснях і буду байдикувати",,,,,,
уїду від вас у королівство Пропан-Бутан,,,,,,
"Якщо ти ще не займався анонiзмом, я йду до тебе.",,,,,,
з Киівом так само,,,,,,
"Чому відмазують шахраїв, що не можуть пояснити звідки гроші?",,,,,,
I як цей Порошенко тільки встигає?,,,,,,
"Бєсіт коли сплять всі, ти ходиш тихенько, щоб нікого не розбудити; коли спиш ти, всім все рiвно, робимо усе максимум гучно.",,,,,,
Чому в мене повна стрічка росіян?!,,,,,,
"Ну тут хто знаєчестнояк коли, все залежить від історії цього",,,,,,
"Хочу менше матюкатись, але як тут  не матюкатись, коли робиться такий жах???",,,,,,
"Та я теж, але  і так весь час дома, а там щось цікаве.",,,,,,
"Мені здається, що на мене пожалілись моєму стоматологу, що я говорю багато.",,,,,,
Краще буду балакати про них за спиною,,,,,,
"'Ой дівчата і хлоп''ята, це погано .'",,,,,,
Бистрі ноги покарання не знають:),,,,,,
"Отак спілкуєшся з хорошою людиною, все йде добре, і раптом як як скажеш якусь нісенітницю...",,,,,,
"Люди не як кораблi, люди як божевiльнi",,,,,,
"Вирядилася, на зйомки патріотичного вiдио.",,,,,,
"Поки Порошенко незрозуміло шо робить, Юрій Луценко повертає в країну гроші Януковича, відновлює контроль держави за...",,,,,,
"Можеш мене вважати диваком, але падкат робиться в незалежності від наявності дівчини. :)",,,,,,
"По Сємьйончєнко, чи Жиртрєстокабанчєнко, я вже не знаю, коротко: знімати недоторканість і закривати.",,,,,,
Одне питання: і що зроблено/планується зробити за останній час?,,,,,,
"Поганий велосипед, який не їде при чому",,,,,,
"ско, коли ти нормально коми ставити будеш. на твої твіти дивитись соромно.",,,,,,
"Всі це роблять, а хто говорить що не робить, робить це подвійно",,,,,,
"Яка різниця, котра година: аби творити щопопало, час не важливий",,,,,,
Бубічьок головне не накручуй себе;) а я тебе люблю,,,,,,
Чувакам в ІТ треба робити обличчя попроще.,,,,,,
ну блiн забув про мене,,,,,,
Як же жаль тих хлопців що склали голови.,,,,,,
обізвав мене вже 5-й раз.,,,,,,
"Не поїдете - обговорять, скажуть злякався.",,,,,,
який же там капець,,,,,,
Щоб я ше раз так їхав на фест.,,,,,,
"RT : Не дарма Бог забрав стать у ангелів, шоб не мали всіх навколо.",,,,,,
"Чуваки, я вирубилася,зараз прокинулася і мені до страшно.Здається,що зараз щось завітає.І Сані не можна подзвонити(",,,,,,
"Не думала, що боляче намагатись бути поряд коли людині все одно,або ж кохати її",,,,,,
"На майдані Руслана несе несемітницю, точно таку як в старі добрі часи",,,,,,
'Чого мене не зіб''є трамвай.',,,,,,
"Ти не повіриш, але да!",,,,,,
А навіщо переживати і нервуватись тож нікому взагалі не треба.,,,,,,
"Кстатє, цього року я була настільки поганою дівчинкою, що Миколай не приніс мені навіть різочок.",,,,,,
От і я нічо А шо шо,,,,,,
"котики, якщо людині все одно, то все одно.і не старайтесь.",,,,,,
"Донна, ну..., ну...!!!",,,,,,
"Це ж руки, навчися ними користуватися!",,,,,,
Україна таки трошк крутить педалі (доки нє накідалі гг) але до цивілізованого світу ще iти i iти,,,,,,
2000-й пост був про мою нестрашну морду,,,,,,
Вона таки наговорила на бан.,,,,,,
"Я з тих, хто чекає дедлайна, а потім надриваюсь, щоб усе встигнути.",,,,,,
"Не поважаю тих, хто думав що комусь цікаво, що там лайкають інші.",,,,,,
Бо це ж гра ведеться.,,,,,,
"капець ""Ghostbusters: Female stars confirmed""",,,,,,
"Мама питає як твоє самопочуття, а в тебе чоловічий статевий орган на екрані відкритий.",,,,,,
"Я просто такая маленькая и злобная, яка прагне привласнювати собі людей і тримати їх на повідку біля себе.",,,,,,
"Вони займаються анальним сексом, їм нема часу писати першим",,,,,,
"Атлічнєнько попрацювала Безуглик на інтері,Кісєльов дав атвєточку за те,що в нього забрали програму,в шустер  ще та",,,,,,
"Понаблюдала деньок за сімейним життям (сестра, її чоловік і двоє дітей) і поняла, шо нi, нi",,,,,,
"Я увесь вечір знущався з накшталту : дали субсидію? малаццьі. Не важливо це, главноє, щто Порох в офшори вьівєл тобі тьіщщі доляров.",,,,,,
"Луччє я був ноунеймом, чем праслявлюсь і мене стануть показувати по тв",,,,,,
"Як людина, в якої від спеки пвь скоро повне крапати з очей, прошу грози, просто дощу з блискавками",,,,,,
"'відчуваю себе дивно, бо знаю цю пісню напам''ять'",,,,,,
"колись розкажу, але не тут, а то злетяться всякі збоченці, які почнуть дурість писати)",,,,,,
"Давно на землю спустився демон, який захотів змучити людство та придумав він переїзди.",,,,,,
"(Ну або які в нас там ще є елітарні хлопці, яким власна елітарність без хлопці донецьких недостатньо елітарна)",,,,,,
"Щороку,  чим ближче до дня народження, тим більше хочеться до нього не дожити.",,,,,,
"Моя улюблена ""помаранчева"" пісня - це ""Зимова спека""  #піснісвободи",,,,,,
тільки він ще і понага людина.,,,,,,
"Якщо я когось не читаю, значить я не хочу їх бачити в стрічці.",,,,,,
"'Лєвий мужик в телеграмі написав мені, що він здав аналізи, і що ""все добре, можна займатися любов''ю'",,,,,,
Какова чорта нічо што я тут,,,,,,
Ранок і час мені вставати:3,,,,,,
'вночі тебе б''ють монстри з-під ліжка.',,,,,,
"Давайте організовуйтесь, тягніть того мого коханого за вуха і їдьте до мене",,,,,,
ти мої думки читаєш :),,,,,,
"А що зробив ти, придбав квартиру?",,,,,,
"Не лайкають-погано, лайкають-теж погано. Зроби вибір, жінко",,,,,,
"Як би так смішно шуткануть, щоб усі зрозуміли як мені погано цього поганого ранку",,,,,,
Перегар ЖЕКівців аж через трубку чути,,,,,,
А якщо  целюліт?,,,,,,
"Хоча, спати з мужиками якось взагалі ніочєнь",,,,,,
"Такк ты поводишся так же як ті дівки, що зайшли до кімнати джанк",,,,,,
"Накуплю собі кактусів і рому, а ви ідіть вже.",,,,,,
"Якби я палила, я б зара накурилась вусмерть.",,,,,,
"Люди, які мріють жити самі, ви нормальни?",,,,,,
це не в дурнощі справа,,,,,,
Просто приходив і все одно на що Ніколи не знав того розкладу,,,,,,
"Лягаєм, деремось з малою за одіяло",,,,,,
Я за кермом: будеш їхати чи повзти?!!,,,,,,
Знову купила нові- а вони теж ніякі,,,,,,
Зараз згадую та відчуваю неабиякий сором: співаю-то я погано.,,,,,,
"Хай син Порошенка відповідає :* Ну чи той людина, на кого за кордоном зареєстровано.",,,,,,
"Слухайте музику в навушниках, А НЕ ЧЕРЕЗ ДИНАМІК",,,,,,
"Навіть якщо ти, навіть краєм ні до того, ні до того.",,,,,,
"Але підтверджувати, що ти ""погана людина"", я не буду",,,,,,
"#Добриранок всім хто зара в церкві слухає батюшку як він проклинає фарисеїв, седукеїв і римлян!",,,,,,
Йдіть знаєте куди зі своїм холодом,,,,,,
Поцілував за сідниці Кім Кардашьян,,,,,,
"'#цитати великих людей:""Рокитне це тобі не аби що""#автостоп #України''а'",,,,,,
"так, спочатку Коля, тепер ти це передається недоповітряно-недокрапельно-твіттерським шляхом?",,,,,,
ROCKY ROAD TO DUBLIN,,,,,,
"він зрозумів, що з Україною в нього ніц не вийшло і запостив меседж про колір плаття",,,,,,
"Як казав Сет, ай ладн",,,,,,
Й кава у них таки погана якась.,,,,,,
"Напад на конвой СБУ, що тут такого?",,,,,,
2) викинути і налити вінішка.,,,,,,
"'Підпалювати сусіду п''ятки, поки вiн спить в обнімку з телефоном - приголомшливо'",,,,,,
НАВУШНИКИ. я загубила навушники. Як можна було загубити навушники?!,,,,,,
ну всякі люди інші могли подобатися,,,,,,
Хоча я сам через раз не розумію владу і не підтримую,,,,,,
"Хз, моя скаче між ""я нерозумна погана людина"" і просто ""погана людина"".",,,,,,
вуахаха іба нічого мене кусати!,,,,,,
"А чому ти працювала, я тебе вже два місяці не вмикав.",,,,,,
"Коли німці говорять німецькою, їх хочеться повалити й кохатися, коли я говорю німецькою, мене хочеться прибити табуреткою.",,,,,,
"Вона настільки класна, що якби вона була мужиком, я б любила його цілодобово!",,,,,,
"fork - це вілка, а ножик - поняття не маю ©Алєжик",,,,,,
Хахахах УжґдалітьІ я ото ще виправляв ото слово,,,,,,
"Той хто казав що після відносин і любові немає дружби, брехав.",,,,,,
Дурне навчанняЯ вже почала тихо ненавидіти 11 клас -_-,,,,,,
"'""Легковажність, блуд і разврат"" '' Вованада про виставу Декамерон в ляльковому театрі'",,,,,,
"Луччє ты б навчився йти далеко так, як це зробив тектонік",,,,,,
нє ну в туалет то він полюбому ж хоче,,,,,,
"Ця спека думає, шо змусить мене вдіти майку з шортами, але ні вже.",,,,,,
Це якесь знущання від розробників,,,,,,
"Хто смішні картінки дівчині кидає, той її і використовує.",,,,,,
"порошок, не буду я за тобою бігати.",,,,,,
"нє, просто мене пре фраза - няняня-фігня) Та й який з мене отаку?",,,,,,
я нічого не встигну перекласти ці тексти за 2 дні.,,,,,,
Та дістали вже своїми піКардами.,,,,,,
"Я а хто його знає, одного мене вже прикачала та кроватка-бук у стрічці?",,,,,,
"Я приголомшлива, як казала Камі))",,,,,,
"яка різниця хто ти за дипломом,  якщо ти не хороша людина",,,,,,
"Та ну нє, це ж там підписувати бумажку треба, лінь.",,,,,,
мені в школі і не так казали,,,,,,
"Пора слухати величну симфонію *Ну його в баню*, а завершувати увертюрою *капець* до симфонії *Життя*",,,,,,
звідки вони вобше вилізли?,,,,,,
"Знайому запросили гуляти двоє пацанів.Один - крутий чувак, з афігєнним почуттям гумору, інший - егоїст.",,,,,,
"Де гарантія, шо цей людина  не натворить дурість і після смерті?",,,,,,
А ти не бачиш скільки разів?!,,,,,,
А ховрашки від ЗРАДИ активно вередували  і верещали щто НІЗЯ чіпати?,,,,,,
"Карати  тра від тих починаючи, що гальмують законодавчі процеси, кінчаючи судами, схоже у повному складі.",,,,,,
"Навчись сам собі готувати, хлопець",,,,,,
Ви набридли підміняти поняття,,,,,,
Ну і йти  далеко,,,,,,
"'Тут або Тинка, Тіна, і Крістіна як кажуть американці, ну або вже повним ім''ям'",,,,,,
"Це не лєві) а тітка, яка сама нічого толком не прожила.",,,,,,
"то не росіяни, то італійці! боже ЯК Я НЕ ЛЮБЛЮ ІТАЛІЙЦІВ!!!",,,,,,
"Не розпуста, а «високий рівень соціосексуальної орієнтації»",,,,,,
Бути поганою людиною саме по собі не є поганою рисою.,,,,,,
"Бо пити його разом з алко дуже погана ідея, перевірено",,,,,,
"А то навіть не мої слова, і не мої думки.",,,,,,
Батюшка сказав шо митрополит це наш пастир до спасіння а метрополітен це якась штука з рельсами яка веде у теремки,,,,,,
"Але звинувачувати у проросійській позиції можуть лише повні, абсолютно нерозумні люди.",,,,,,
"Так, не здумай тільки стригтись",,,,,,
Чому мене тьотьою назвали?,,,,,,
Тварини нас не люблять,,,,,,
"отож і воно, гідність поламалася",,,,,,
"Ваулюдина, угуДякую за настрій",,,,,,
"це коли карент муд від ""поганий""",,,,,,
"не можу, в мене над головою свердлять, а я намагаюсь працювати",,,,,,
"Є така річ, коли ти хочеш не побачити людину, а щоб людина побачила тебе.",,,,,,
"Прогулянка обіцяє бути цікавою після фрази: ""Хочеш покажу глиняну геніталію??)""",,,,,,
"Та ну лізуть і лізуть, є взагалі якісь межі цього шапіто???",,,,,,
Ти сильно як зміниласьДо того ти була ще терпимоюА зараз на кожному кроці хочеться тебе вдарити,,,,,,
"Шоб я не робила, всё якось через останнє місце",,,,,,
це ж твіт лів,,,,,,
Саме тому збирай  речі і йди до них,,,,,,
"То мене якнайдалі посилали, а не його до мене..",,,,,,
Нікому навіть пожалітися не можна!,,,,,,
Плач детей - це ідеальна зброя.,,,,,,
ой що за думки в голові,,,,,,
Та  тисніть вже свої кнопки!,,,,,,
Що це за цирк в Москві?)),,,,,,
Дивні події відбуваються в моєму житті,,,,,,
Що це за акція хворих органів оптом?,,,,,,
виступав колись перед дітьми - їм байдуже. ти для них ніхто без айфона.,,,,,,
"Тільки підпишешся на якусь цікаву людину, а вона одразу перестає твітити, знаходить собі мужика, товстіє чи починає постити нісенітницю.",,,,,,
я йду презики купувати про всяк випадок,,,,,,
А от така людина...люди мають можливість митися...,,,,,,
"(Як я вже хочу приїхати, а ще два тижні).",,,,,,
"Для всіх хто вважає, що я забагато матюкаюся наступна цитата:",,,,,,
Цей кондиціонер - гомофоб!,,,,,,
"Ні, хіба шо поблажку і замість вовчиці - Ніно",,,,,,
Новий тєрцєц - директор Россотруднічєства Воробйов.,,,,,,
"- Мені все рiвно, що про мене говорять.",,,,,,
Пмс це взагалі не весело,,,,,,
На колір та смак товариш не всяк для когось і хакслі- поганий автор,,,,,,
"Ти чо взагалi так казати, дядя?",,,,,,
"у мене відчуття, що я ревную геть усіх.",,,,,,
Ну його з тим брезентом),,,,,,
"але спочатку то було не все одно, знач ти намагався щось робити, а це вже шось",,,,,,
"Дякую за сміх, мораль і 3 сльозини!",,,,,,
"блін, сам казав, шо побачив моє фото і собі захотів поставити.",,,,,,
забув на вписці зарядку від ноута. попереду 11годинний робочий день.,,,,,,
От би монетизувати своє почуття сорому за те шо роблять інші.,,,,,,
а мені нравПросто гріх противних не підколювати,,,,,,
Та іду з сльозами на очах,,,,,,
На Вашу візову заяву в Консульстві забули і дуже довго сміялися,,,,,,
Я можу шльопнути по попі))))...,,,,,,
Особливо в тексті для перекладу,,,,,,
"*божевільна людина*але ж це все цікаве розкриває, чувак!",,,,,,
Але це ж ТИИИ ігнориш Це обідно.,,,,,,
Ну і фіг з ним,,,,,,
Ахахахха Я б пішов пішки Якби дойшов,,,,,,
заспокойте хтось тимошенко. не можу вже від її коникiв.,,,,,,
"ну чому, коли я пишу саме такі твіти, ти тут?",,,,,,
"Аби крові не зробили, аля ""тітушки вночі напалі на 12 рєдут"".;(",,,,,,
то кімнати в сусідньому гуртожитку...,,,,,,
"Не плед фігня,а ти",,,,,,
"Цікаво, чи я хоча б потраплю додому.",,,,,,
"ух ти ж блін, чо ви так далеко живите? мала і одужати встигне і вам їжі наготувати",,,,,,
"А ти такий ""ну і йди, нащо ти мені здалась""",,,,,,
"Аж передьоргує, коли шарю наскільки нерозумний",,,,,,
"Тому що воно було гідне, хоч і погане",,,,,,
"Я:я в суботу ще поїду-я тебе поїду, тобі грошей ніхто не дасть.",,,,,,
"Папужки теж пролітають, бо базікають більше, ніж бабусі в черзі.",,,,,,
"я теж, але, той, кого хочу, або в іншій країні, або не хоче мене.",,,,,,
"ну знаєш, то життя, ніхто не знає, що генетика надумає)00)",,,,,,
"чомусь є купа адекватних людей, які після дємбєля не бухають в формі і не розказуютб як займалися з кимось коханням під Луганськом",,,,,,
Твіттер до добра не доведе .,,,,,,
ну є такий вид фанаток яким всё равно на тебе,,,,,,
"якщо що, я не кохалася останній разок у березні",,,,,,
"Знаєте шо, ідіть з вашою естетичною медициною.",,,,,,
"Чи хоч Генріхом 8, інакше, що за дурнiця",,,,,,
Ну то й що. я офіційно на 4 курсі і в мене є стипендія. все решта - дрiбницi.,,,,,,
Просто зберігаю картинки і роблю :D,,,,,,
чому в тебе сумління не спить?),,,,,,
Навiщо ти палишВона там завжди,,,,,,
"Твою на ліво, мы в першому класі брехливо розповідали, як в садочку коханням займались, а ты в 8-9",,,,,,
"Ні тобі мокрих трусів, ні армії фанаток.",,,,,,
"'кошмар, з глузду з''їхати можна, що за абсурд коїться'",,,,,,
"показавши зграї що зуби є, в порядку, гострі і мають щоденний догляд.",,,,,,
не будьте лицемірами один до одного,,,,,,
"Я бачу,  фавить усе, де фігурують матюки",,,,,,
"Всіх дістаю, всім від мене погано.",,,,,,
А як мені відписати то Гдє тут чієс,,,,,,
"Любиш творити погані справи, люби і вигрібати.",,,,,,
"Але все одно, я жену на всіх:)",,,,,,
"Хто буде відповідати за те, що ти наісправлял телефон?",,,,,,
А могла б і виділити на це осекбо я таки не поганий,,,,,,
Зранку як прокинусь вже ж буде готове?,,,,,,
"Надто багато твіттерських, яких я хочу мати.",,,,,,
"Алік, що це таке.",,,,,,
Чувак на чорній інфініті з номерами аа 5333 сх ти поганий чоловік,,,,,,
"людина подарувала шоколадку, колега пригостила кексом.",,,,,,
"Якщо я така погана, чого ти мені до тепер виписуєш?",,,,,,
"Ната киця, а ви бісите",,,,,,
Бо говориш незрозуміло?,,,,,,
"В мене так мало друзів у цьому житті, реально, як пальців на одній руці.",,,,,,
"А шукати програмістів в твітері, це як шукати дівчат в супермаркеті.",,,,,,
"Для тих, хто знає тебе недальокім, нормальною людиною вже ніколи не будеш.",,,,,,
"Стільки ненависті, шо її видерти хочеться.",,,,,,
"у мене теж так було, потім локалізацію апстору змінив і все як має бути",,,,,,
Сама  чітка фобія - то фобофобія.,,,,,,
"хоча в мене жопа нічо так, але ну всього ж має бути хоча би рівномірно((",,,,,,
"Злися на хазяïна, який не привчив його цього не робити.",,,,,,
"вибачте,я знаю,що президента обзивати не можна,і взагалі,я вихована студентка,але Янукович--це чогось.#євромайдан",,,,,,
"Мені вот важко через те, що я впевненний що іншим плювати на мене, і навіщо їм ще один здався",,,,,,
надра накривсяі рівненський азот переводять вніманіє на сбєрбанк.,,,,,,
"А мені треба було виписати щось, що НІДЕ НЕМАЄ, і від писанини спина боліла спина.",,,,,,
"Атнять, дєліть, вєщать, афшори, крадьот, діктатура, мєшают жьіть.",,,,,,
Якого за 2 помилки 7 з 10,,,,,,
"ох, тримайся. в мене теж зараз період важкий , хай стане краще.",,,,,,
передку. і чомусь не випендрюєтся тим. навіть не знаю чому. оте було. жахливе чорне. гєрой такiй,,,,,,
"назар і романтика:- підійшла сюди, я тебе ще не обняв.",,,,,,
"А якщо я звідси буду писати який Янукович поганий, мене також можуть заблокувати?",,,,,,
"Просто Непогано, і дуже навіть цікаво)",,,,,,
"Я намагаюсь стримувати її мінімально, але,  як же страшно",,,,,,
"в мене навіть немає чувака для якого закидати історії, а потім перевіряти кожні 15 хв чи він подивився.дожилась.",,,,,,
"що це за дивна ідея називати мінет жахливим словом ""мінчик""!",,,,,,
Може не поможе)0$А ти по молодшеньких?)0)А як же любов і всі дрібниці?),,,,,,
"вася, ну шо за дурість ти несеш, тіп мене репостнув",,,,,,
"ги, а нам нічого не скасували)",,,,,,
н Ну йди до з мого мюзиклу)0)0),,,,,,
от треба ж їм це робити в час пік,,,,,,
Бачити як Васіл дивувався з того шо я творю під постуху це нєчьто.,,,,,,
"Задумалась над тим, шо я дурна, і йду лежати далі.",,,,,,
"залік було їсти той арахіс у йогурті, коли у тебе хворий зуб загалом, ти на дієті",,,,,,
"Усе дурниця, а красива білизна - то святе.",,,,,,
Порівняв мене з нудною нісенітниця.,,,,,,
Як від того коньяку сушить.,,,,,,
чого я не йшла в пту щас би вже була флорістом,,,,,,
"ай трайд ту бі пьорфект бат насін воз ворс іт пішло воно взагалі це все,  якнайдалі",,,,,,
"та ноги витирають, а я терпіти маю",,,,,,
- Я його послала!,,,,,,
"4 рази прокидався ідумав,  ти глупенький та поспи нормально, і засинав))",,,,,,
"Нууууу, поліцейські у нас нічому не вчаться.",,,,,,
"RT   Отако лиши мужиків самих, зразу якісь баби знаходяться:)",,,,,,
"Дайте мені мужика, який не доводить мене до сліз, і я скажу ""Що це за маячня?""",,,,,,
Усвідомити всю аморальність власних вчинків.,,,,,,
Аж знести твіт руки зачесались,,,,,,
"Я й не кажу, що йому не важливо, чи він неякісно зробив роботу.",,,,,,
"ну то так.все одно, що антикорупціонєри прикупили хат – а ви бачили як Порошенко краде?",,,,,,
"от і я про що. легше одного годувати, але класного. хай навіть не ідеального. ніж купу поганих людей.",,,,,,
Все забите школярами та студентами.,,,,,,
'Погано. навіть я колись це ім''я вживав) але я не дописав ту річ)',,,,,,
Ну і іді якомога далі,,,,,,
"А ще, якщо ти працюєш в медіа, то май яйця не транслювати власну упередженість в ефір",,,,,,
В смислі не хоче?,,,,,,
Ну і навіщо ти зареєструвалася у твіттері?,,,,,,
"Але людина нелицемірна, з переконаннями і відвагою.",,,,,,
"що накрило це жизнь, чому кожен день - це жахлива качалка від ""погано"" до ""дуже погано""?",,,,,,
"'Піду шолі на манікюртільки мамка поб''є, коли взнає, шо я зробила гель-лак :с'",,,,,,
Це часом не чувак з інстаграму,,,,,,
"Люди, які ходять на всі пари, - то вапщє як?!",,,,,,
"Ну звичайно, я додому тільки заради одного катаюсь.",,,,,,
"'та, тісто - то не те :D Більше подобається м''ясне готувати.'",,,,,,
"Уявляю, у якому жахе ми б жили, якби у нас корупції не було.",,,,,,
ну й дивний же ти) Скільки сторінок?,,,,,,
"надвігающійся, дедлайн, знаєтє-лі, стимулює...",,,,,,
він ше і затвітил),,,,,,
"Ахаха, блінНє, я краще сам якось",,,,,,
"Стоїмо біля банкомату, піднімаємо голову вверх, а там велетенська ікона з блискітками і просто "" тут бог в стразах",,,,,,
Я так кожного сранку прокидаюся і без жахіть.,,,,,,
"І ніде ж не зможуть притикнутися по ""ремеслу"".",,,,,,
"В Україні погано жити, бідна і роздовбана країна, не то шо Європа.",,,,,,
"Наді мною тре стояти і били палкою, шоб я шось робила.",,,,,,
#ERROR!,,,,,,
Мені до цього стегно ножем тільки з моєї згоди різали.,,,,,,
"шо там з тим хлопом, якому ти зізналася, шо хотіла б його кохати",,,,,,
"Ми кажемо ""бірмікс"", розуміємо ""дурниця""",,,,,,
Не розумію чому я ржу з цього,,,,,,
Замело мою Хацапетівку,,,,,,
"Гг ти єдиний хто назвав це мілотою)Зазвичай у людей реакція ""навіщо ти так постриглась""",,,,,,
"Напевно, потрібно починати не звертати увагу на них Що я, власне, і буду намагатись робити",,,,,,
"Доречі, я не бачу синьої галочки верефікації твітора на твоєму акку, бот.",,,,,,
Настільки погано що я б не здивувалася якби зараз випав мокрий сніг,,,,,,
"- Ні, бінарна сполука.",,,,,,
Чому пуштуна чекає нетрадиційний секс?,,,,,,
я розуміють коли дівчатка обирають таких хлопчиків.,,,,,,
"Ну ви даєте, що відразу пильнули, як тільки гроші попали до рук.",,,,,,
дістали обертатися на мене в маршрутці.,,,,,,
"Я якийсь лузер,знов все пропустила,киньте вже мені те фото!ну будь ласка,будьте людьми))",,,,,,
"'Маємо судження: всі люди – люди, деякі люди – кур''єри, деякі кур''єри – нехороші люди'",,,,,,
"Читаєш, і ніби це ти вмираєш від незрозумілої маячні, а не головний герой.",,,,,,
"Я: АХАХАХАХАХАХАХАХ * і ще довго істерично ржу, ібо багато всякого*",,,,,,
"Ну привіт вечір, зараз я тебе бездарно проведу",,,,,,
а щось нічого не знаходиться.,,,,,,
Я сьогодні невдаха з невдах.,,,,,,
"Дай сігарєту, ну його",,,,,,
"Ану признавайтесьі, хто грушки наші поїв і мій одяг вкрав?)",,,,,,
"от шо значіть стараться, коли дєлаєш щось",,,,,,
"'ну от як харить, коли тебе постійно використовують впродовж місяця. по - стій - но. навіть попри ''''розуміння'''' твоїх проблем. здохніть.'",,,,,,
"Ми ж у ""Фацеті"" вже бозна скільки сидимо.",,,,,,
Може це для різноманітності перестати поводитись як щопопало і ображати людей?,,,,,,
"все, я йду в черниці.",,,,,,
Так перезавантажся і не діставай вже,,,,,,
"Навіть, коли ти хлопця хочеш мати як пару, впершу чергу він має бути другом, бо інакше це безглуздо",,,,,,
Бо життя халепа якась суціьна,,,,,,
"( ні, ну як так можна!",,,,,,
"як сам того не робишь, то не помічаешь, а як дівчина, то всьооооо, ти мене не любишь.",,,,,,
"Звісно, після цього дізер почне мені пхати різну нісенітницю  з 80их, але втриматись неможливо",,,,,,
"Якби ще мізки не имели і що таке гігієна з самостійністю знали, то взагалі зашибісь)",,,,,,
Ваша мораль нікому не хвилює,,,,,,
"Але якщо тій людині все одно на мене, то що я зроблю",,,,,,
Пропагандисти в ОРДЛО почали перекладати свої висловлювання угорською.,,,,,,
"Як же важко незважати на того, хто давно не зважає на тебе.",,,,,,
"Фу, можна якогось відмінити всі секси, наче їх ніколи й не було?",,,,,,
"і, він такий поганий.",,,,,,
"Не спіть з дівчатами, які не можуть наспівати пару пісень Лінди.",,,,,,
Да я вже так і зробив,,,,,,
"ви знаєте, як сплять старі гаї?ще взнаєте. павло тичина.",,,,,,
Зачєм люди полюють на тварин?,,,,,,
"Досі так незручно, це просто жах, вчасно я в Карму прийшов канєшн",,,,,,
"Блін, ну оце ж не можу не Казати зайвого.",,,,,,
"Нідерландець, тут тобі не Тєхас",,,,,,
Хтось дереться мені у вікно.,,,,,,
"А в львові, то ж вважайте БігТвіттор із вочінг ю))",,,,,,
Лєра посилає то все і об 11-й вечора сидітиме вдома за великим горням карпатського чаю і вчитиме),,,,,,
"Тепер у мене нічого не включається **Тільки не пишіть що поганий чоловік, бо все мало бути.",,,,,,
"Ді, шо ти робиш?",,,,,,
Дивиться як на непотріб))),,,,,,
"терпи чувак, з алергією схожа історія",,,,,,
"У всіх є такий фармацевт ( Ну, чи був.",,,,,,
"чорт з вами, а я спатина добранічз.і. і вибачте за грубість, без цього ніяк сьогодні",,,,,,
"Сусіда,  світло вимкнув через ремонт, а я хвилин 7 викручувала зарядку з криками: ""Сестра",,,,,,
"з 6ї ранку, ледве прокинувшись, починає дiставати.",,,,,,
"Тре почати битися з ними, щоб нікуди не свалили.",,,,,,
у мене тут все зашкварилось просто ааааааааааааа,,,,,,
"думала, шо то сніг",,,,,,
"Якщо вам байдуже - реплай з текстом ""я тебе будь-яким люблю"")",,,,,,
"ну 7 +-, поки ще дойшов",,,,,,
та я нарешті ту шарагу  закінчу і від липня я вся твоя),,,,,,
"На вулиці теплинь, пташечки літають, спідметал грає в навушниках.",,,,,,
"Тримай навігатор, а то засунь як надалі.",,,,,,
Просто йди з моєї голови геть,,,,,,