Sentence,Negative Connotations
mandated and right fucking now would be good .,fucking
> i wouldn 't care how ignorant you are in you weren 't pretending to know shit .,"ignorant,pretending,shit"
6. are you fucking insane ?,"fucking, insane"
after all its hard to get a job if your stupid .,stupid
after all most of these dorks are millionares and can pay their own way .,dorks
"again , give me the name of the store or fuck off , liar .","fuck off, liar"
"ah , another supporter for those who hate people of color and those of the jewish faith .",hate
all i got from that was shits gonna go down and nobody is going to be ready .,shits
"all that garbage you see on tv is just that , garbage .",garbage
"all that said , why would any woman vote for this cretin ?",cretin
all you trump clowns are seriously messed up .,"clowns,messed"
allowing whole colonies of such rubbish to arise should be punishable by firing the officials .,"rubbish, punishable, firing"
almost as fucked up as the cia funding and arming bin laden .,fucked up
almost feels like we need vigilantes to show the rubbish people their limits .,"vigilantes, rubbish"
"also , the us doesn 't really have to give a shit about international laws .",shit
also known as fuck the middle east part number .,fuck
americans don t give a shit what britons think .,shit
"amy , your ignorance is showing again .",ignorance
and nobody gave a shit .,shit
and start sending cunts home .,cunts
and telling nato to fuck off .,fuck off
and they are too ignorant to realize it .,ignorant
and they really dont give a crap what we think or of our sanctimonious moralizing .,"crap,sanctimonious"
and why the fuck did the manager tell the cop that ?,fuck
"anddddd i applied there , so my social security number has probably been stolen as well . fuck .","stolen,fuck"
any fool can borrow and spend .,fool
any of us who did half this shit would be locked the fuck up already .,"shit, locked, fuck"
anyone is better than this dummy .,dummy
anyone who votes in communism is really really dumb and out of touch with reality .,"dumb,out of touch with reality"
apologies i said fuck you multiple times and called you an asshole and other dumb names .,"fuck, asshole, dumb"
are they liars or just clueless ?,"liars, clueless"
as he would say what a pathetic loser .,"pathetic,loser"
"as ive said a thousand goddamn times , the translatitens voyage uses spitzbergen , with a fucking z !","goddamn,fucking"
"as ive said a thousand goddamn times , thetranslatitens voyage uses spitzbergen , with a fucking z !","goddamn,fucking"
"as someone from la and an oilfield worker , i still say this guy is a piece of shit .",piece of shit
at the same time as your fucking article .,fucking
"attacking him , calling him names , making up garbage about him .","attacking, names, garbage"
because you are a hypocrite .,hypocrite
because you re making that nazi shit up .,"nazi,shit"
blame the parents who bitch and moaned for all the child protection bullshit in schools these days .,"blame,bitch,moaned,bullshit"
"but nobody knows what the fuck kennedy will do , so they re all strategically sitting tight .",fuck
"california s last primary election was a fucking farce , doofus .","fucking,farce,doofus"
"calm the fuck down , cnn .",fuck
can someone explain this shit please .,shit
china and russia will use a big stick to smack trump around if those ships do anything foolish .,"big stick, smack, foolish"
"come on , adn , are you really that hard up that you have to publish this dreck ?","hard up,dreck"
corrupt kirky boy needs to get fired !,"corrupt,fired"
cretins like this rarely care about facts .,cretins
daesh and isis actually mean about the same thing and they dont give a fuck .,fuck
"delta hasn 't always sucked , but this was one suck - ass move .","sucked,suck-ass"
destined to repeat the same shit over and over again until we die .,shit
dg : youre correct that people have their donkey show moments when they do real stupid things .,"donkey show, stupid"
did he come from poverty and bust his ass to buy the land ? doubtful .,"poverty, bust his ass, doubtful"
did you think i was going to sit back and let some imbecile spew hatred towards me ?,"imbecile,hatred"
DIGIT years later and they still blame bush for his fuck ups .,"blame,fuck ups"
dmvs are un fucking believable .,fucking
do people actually believe this shit ? ? ?,shit
do you ever get tired of asking stupid questions ?,stupid
does this shit happen there every year ? .,shit
doesn t this shit happen all the time ? .,shit
don 't touch the shit thats really close by,shit
"don t be such a nitpicky cunt , it s bad for .","nitpicky,cunt"
"dont you ever change one of my edits , or i will come to your house , and i will cut you .","cut,threaten"
"dopey comment of the week , congrats",dopey
"economies of iran , venezuela , iraq , etc still shit .",shit
eh this seems to be reasonable since their crazy as fuck neighbor keeps launching missiles into the sea .,"crazy, fuck, missiles"
"either he had one heck of defence team , or prosecutor really fucked up .",fucked up
"either way , how the fuck do you forget your child in the backseat .",fuck
either way you sound foolish and ill informed .,"foolish, ill informed"
even bush knows he fucked up .,fucked up
everyone s got that single issue that represents the burr up their ass .,burr up their ass
"except for , ya know , that stock market crash that literally just fucking happened .","crash,fucking"
"except your bankers , lobbyists , crappy congressmen women , nsa , big corp and your expensive as fuck healthcare .","crappy, expensive as fuck"
"fdr shit all over the constitution , but he s still regarded as a very good president .",shit
"for $ DIGIT , who gives a shit .",shit
for those without health insurance in fuck up states that didn 't expand medicaid .,fuck up
fox news is going to shit themselves when they hear this .,shit
"from personal experience , waspy white kids get away with shit no minority could at least in utah .","waspy, shit"
"fuck , i have to change my whole outlook .",fuck
fuck it i ll just click the first name so i can go home .,fuck
fuck popeyes for doing this in the first place .,fuck
"fuck you , i wont do what you tell me .",fuck
"fuckin sonofabitch , where are you from ?","fuckin,sonofabitch"
"fucking isis , had to go and put a little blemish on archer didn t they .","fucking, isis, blemish"
funny how he runs screaming like a bitch into the arms of the society he wants to tear down .,"bitch,tear down"
"gazprom is fucked , i guarantee this .",fucked
"get fucked kiddo , you didn 't know shit .","fucked,shit"
"get lost , you false and abusive lawyer !","get lost,false,abusive"
get lost you motherfucker piece of shit .,"get lost,motherfucker,piece of shit"
get the brewbaker id and get your ass to mars ! .,ass
get thef their ass and do something .,ass
getting my ass kicked by gre practice tests made sure that i never make this same mistake again .,ass kicked
getting stronger every month yeah i fucking wish .,fucking
gm ceo has private eyes to confirm gm built crappy cars,crappy
"go ahead ban me , i dont give a shit .",shit
"go take a hike , scum !",scum
god the shit storm when he wins will be amazing ! can 't wait .,shit storm
"good , i m tired of seeing people abusing that shit .","tired, abusing, shit"
"gosh , discrimination is such a bitch !","discrimination,bitch"
gt never underestimate a crazy cunt with an army .,"crazy,cunt"
gt well today i fucking fracking learned something .,fucking
"haha , fuck me we need to wake up .",fuck
have you ever been to r trees and seen all the shit people say weed can do ? .,shit
haven t you ever heard of revenge fucking ? .,"revenge,fucking"
he 's trying to save his own ass .,ass
he depends on the ignorant rural voters to keep him in office and rips off everyone else around him .,"ignorant,rips off"
he didn t say he wanted two wars to make dick cheney s pals even richer .,"wars, richer"
he has almost a year and a half to fuck up so bad even the morons can t help noticing .,"fuck up,morons"
"he is a bandwagon barcelona fan who needs to be put in his place , fuck that fagget .","bandwagon, put in his place, fuck, fagget"
he is a fucking parasite .,"fucking,parasite"
he ll fuck that up too .,fuck
he looks smart enough to survive the shit storm .,shit storm
he posts stupid things too .,stupid
"he s arrogant and up himself , plus he treats a lot of his fans like shit .","arrogant,up himself,shit"
"he says dumb shit , she attributes it to the entire gop .","dumb,shit"
"hes not stupid , he just lacks selfcontrol .","stupid,lacks selfcontrol"
"hi , my name is tbloeme , and im a sad and lonely little page faggot nazi .","sad, lonely, faggot, nazi"
"his brain has stopped functioning , but his mouth keeps yapping .","stopped functioning,yapping"
his own secretary of state thinks hes a moron .,moron
"holy fuck , who the hell thinks like that ?","fuck,hell"
holy fuck that s awesome !,fuck
"holy fucking shit ! i just read that as "" ebola confirmed in mail .","fucking, shit"
"holy shit , a cop got fired ? .",shit
"holy shit , somebody remembers what actually happened .",shit
"holy shit , that second explosion is so violent .","shit,violent"
"holy shit , they re like republicans on pcp now !","shit,pcp"
"honestly , who the fuck cares what stupid words you have to recite ? .","fuck, stupid"
hopefully that will be enough of an incentive to fix the fucking roads .,fucking
hopefully turks are not dumb enough to hand it to him .,dumb
how dare you compare those two retards to harry and lloyd .,retards
how the fuck can anyone even consider this producer as the bad guy in this scenario ? .,"fuck,bad guy"
how the fuck do you manage that ? .,fuck
how the fuck do you support the economy when you can barely support yourself .,fuck
how the fuck do you think people afford houses and cars ?,fuck
"however , talk pages exist for a fucking reason .",fucking
"i 'm vacation in the san juans , and fuck the winds were crazy .",fuck
i accidentally read the titling as laser machete and almost shit my pants .,shit
i am going to lose my shit when this happens !,lose my shit
i blame the stupid voters of our state for electing these left wing wackos .,"blame, stupid, wackos"
i cant wait until south park makes an episode about your bitch cult .,"bitch,cult"
i did not vandalize anything you dick .,dick
i didn t say shit ! .,shit
i don 't give a fuck .,fuck
i don 't think it 's fucked up since it 's not like she had to accept .,fucked up
i don t think el chapo became a piece of shit because people kept calling him one .,piece of shit
i don t think ramsay gives a shit .,shit
i dont give a flying fuck about sides ! .,fuck
i gotto put mycents in too saying how stupid someone is !,stupid
i have no respect for this female creature .,"no respect, female creature"
i have toilet paper to wipe my ass and no shortage of food .,ass
i love that one shit the one lady wore ' i am not kim davis ' .,shit
i m done with this shit .,shit
"i m glad you guys protect your shit , because orphan black and strange empire are great .",shit
"i mean , how much does that suck ?",suck
i mean it 's awesome that the pope is all cool like this and awesome and stuff but fucking seriously .,fucking
i mean it 's killed a shit ton of people and now they 're gonna give it an established base of operations ?,"killed, shit"
i posted this because khodorkovsky is such a stupid cunt .,"stupid,cunt"
i really fucking hope not .,fucking
"i sell quite a bit of shit on there , and paypal has actually helped me pay the bills .",shit
"i still think it is stupid , but i understand why they do it .",stupid
i take it you teach your teenager to call people stupid when unable to come up with anything else .,stupid
i think plastic on a beautiful old bridge will look shit regardless .,shit
i think that s noble as fuck .,fuck
i was told he s a real dick .,dick
i wish we could jail politicians for shit like this .,"jail, shit"
i wonder what the fear is that turns these people into such aggressive cowards ?,"fear, aggressive, cowards"
"if hes found to have acted in cold blood , the feds are going to persecute the shit out of him .","cold blood, persecute, shit"
if the uk did anything but talk shit and supply weapons i d be very surprised .,talk shit
"if you believe their lies , then you become the stupid public .","lies, stupid"
"if you cant dazzle them with brilliance , baffle them with bullshit .",bullshit
"if you continue to be an asshole and revert edits without just cause , you will be reported to wikipedia !",asshole
if you don t use it i guess it would seem like stupid government shit .,"stupid, shit"
"if you think so , you are making a clown out of yourself .",clown
implying americans are gonna vacation at that shit hole .,shit hole
"in other words , if you actually care about civil liberties and justice for all , republicans want you to fuck off .",fuck off
is there an option to upload a vid to youtube in shit quality so it uploads faster ? .,shit
it s a big deal because the school didn t give a shit until she was being bullied .,shit
it s about goddamned time .,goddamned
it s the only thing keeping these species alive right now though over hunting has fucked many a species .,"fucked, over hunting"
it would be fucked if that happened .,fucked
its good that youre adding stuff but some of it is completely ridiculous .,ridiculous
"its time to void that stupid decision , my opinion , that property belongs to all alaskans not a select few , sorry .",stupid
"jesus christ , what a fucking crock of shit .","fucking, crock of shit"
"judging by the shit i ve seen in my number years , number of those spent with george w .",shit
"just cut to the chase and try to contact my provider , asshole !",asshole
just state your fucking opinion .,fucking
"last warning you fucking tosser , it takes me minutes to resolve a page so cunts like you can fuck wikipedia up","fucking,tosser,cunts,fuck"
last winter was fucking brutal .,fucking
"liar , liar pants on fire justin .",liar
"like , who gives a shit what trump s view on this is haha ? .",shit
"lol , sunshine was critically acclaimed you moron , lol .",moron
"lol , yeah , like that would ever fucking happen .",fucking
"lol , yes but the spending was due to the idiotic wars your hero , g w bush waged .","idiotic,hero"
lol i remember glenn beck and a fuck ton of other americans using the tragedy for attention .,"fuck, tragedy, attention"
look the shit up yourself .,shit
"looks like you were just a teeny fucking bit off the mark there , friend .",fucking
make a fucking guess how somebody can misspell area as aera then .,fucking
man you are so insecure about your dick .,"insecure, dick"
maybe i go peacefully so i can kill thousands later in righteous vengeance when shit gets settled in court .,"kill,thousands,righteous,vengeance,shit"
"maybe not always relevant , but they sure are fun you fuckin dipshit !","fuckin, dipshit"
monarchists and incredibly arrogant and selfish .,"arrogant,selfish"
most likely he gave her a couple of pats on the butt and shes over dramatizing the whole thing .,over dramatizing
"munozs letter implicates the whole board of directors as feckless goofs , tolerating a selfregarding moron as their lead employee .","feckless, goofs, selfregarding, moron"
my thoughts are that our new guy might be an even bigger dirt bag .,dirt bag
never heard such a poorly written crock of pure bullshit !,"poorly, bullshit"
"no , racism is a lot older than the fucking newspaper .","racism,fucking"
no . almost nobody is saying that except for those fucking idiots in the video .,"fucking,idiots"
"no fucking way number bricks fits in a car , this is bs .","fucking, bs"
"no i didnt what year did you move here , ignorant ? .",ignorant
no one being investigated for treason ignorant brain washed fool,"ignorant, brain washed, fool"
no shit this has already been done .,shit
no you doofy fuck that is a bolt action ! .,"doofy,fuck"
"nobody in politics , especially democrats , give a shit about citizens , let alone the military .",shit
none of that would ever have happened if he werent black .,"none, werent"
noones asking you to invade shit .,"invade,shit"
not fucking around in foreign matters that we cannot do anything about .,fucking
not hard seeing as how their prime minister is a shit head .,shit head
"not trying to be a dick , just joking .",dick
nothing but missing footage is sure going to make whatever happened during that unaccounted for time look shady as fuck .,"shady,fuck"
"now congress , congress don t do shit .",shit
"now quit fucking up education in texas , rick !",fucking up
now shut up and fix it .,shut up
number will solve alot of fucking problems if it comes down to it .,fucking
"oh , i m hearing shit like that from her too .",shit
"oh shit , what if north korea actually is funding isis ? .",shit
oh shit you just blew their minds .,shit
one isn t dead but just totally fucked up .,fucked up
only if they have a fucking death wish .,"fucking, death wish"
only the dumbest people voted for him .,dumbest
or are you pulling this out of your ass ? .,pulling this out of your ass
org read a fucking book for fuck s sake .,"fucking,fuck"
org there s wikipedia articles for all sorts of random shit like this .,shit
"org yeah , muslims in the western world love to decry this shit .","decry, shit"
ours is pretty fucked up too .,fucked up
pathetic with all the money alaska has collected through oil taxes your representatives want to tax you .,pathetic
people are idiots for wasting emergency call time on crap like this .,"idiots,crap"
people saying things like these people are monsters and how can these people get away with this shit .,"monsters,shit"
"perhaps iran would be nicer if we didn t , you know , treat them like shit for the past number years .",treat them like shit
planet earth is fucking crazy .,fucking
please just stay the hell off and erase me from your brain like a chalkboard erasure and dont come back !,"hell, erase, dont come back"
"price wise , it 's fucking awful .","fucking,awful"
probably shit tons of terrible things .,"shit, terrible"
probably some of them are actuated by nothing worse than stupidity .,stupidity
put their asses in angola .,asses
quit trying to pretend that the us is anything like this backwards shit hole .,"backwards, shit hole"
"quite a few saints are canonized because they opposed some idiot hierarch , even unto being killed , like st .",idiot
read your own fucking link .,fucking
"same as his stupid wall , and the dumb solar panel idea , and countless other idiotic things hes done .","stupid,dumb,idiotic"
same crap going on in the pnw too .,crap
seriously why do first world countries accept third world immigrants who have turned their own countries into shit ? .,shit
she is a massive porn star whos vagina and arse split to create one big gaping whole .,"massive porn star,vagina,arse,split,gaping"
"shit , china can get own this if they want to .",shit
"shit , i d love an number pm sunset .",shit
shit . i might have it,shit
"shit boris we re supposed to be in kiev , not london !",shit
shit we are losing our ability to compete globally .,shit
"silicon valley resident here , this is so fucked up .",fucked up
"silly you , its not about making america safe or the reevaluation .",silly
"smug , violent thug is more appropriate .","smug, violent, thug"
"so , 'cctv shows' crimea parliament explosion with a shitty picture of fuck knows what with a bit of smoke in it .","shitty,fuck"
so stop pointing your hypocritical fingers .,hypocritical
"so vw drops almost number in value after this shit , but gm still exists after killing hundreds of people ? .","shit,killing"
some most of this fire was on balconies which dropped flaming shit onto others .,"flaming, shit"
some poor guy robs a liquor store for $400 and goes to prison to get raped in the ass .,"poor, robs, prison, raped, ass"
"someone says no , and they say fuck off we need vets only for free housing ? .",fuck off
spoiler russia doesn t give a fuck what canada thinks .,fuck
spouts nonsense about things he absolutely does not understand .,"spouts, nonsense"
"still seems tame compared to r hurtinganimals wouldn t go there , even the thumbnails are fucked up .","hurting, fucked up"
still standing up for your lying crazy leader who loves himself and nobody else .,"lying, crazy"
straight people get married and fuck kids up all the time .,"fuck,up"
"such a good fucking band , who 'll forever be tied to terrorism now simply because of their name .","fucking,terrorism"
sucked like nothings ever sucked before .,sucked
"take your inane , useless hypocrisy elsewhere , gessler .","inane, useless, hypocrisy"
take your own advice and go fuck off to one of these other subreddits .,fuck off
taking a stand with either party is equally retarded .,retarded
tha last fkn time bitchez !,"fkn,bitchez"
thank god for the magical fuck frog .,fuck
that almost never happens excepts rarely in shit hole countries .,shit hole
that and their shitty ass service .,shitty
that crap has got to stop .,crap
that s a lot of work for something that shouldn t take any fucking work at all .,fucking
that s the type of shit grand juries are supposed to avoid .,shit
that s what they all say till their ass is cooking in radiation .,"ass,cooking in radiation"
that shit is nasty on your lungs .,"shit,nasty"
that shit is way stronger than the heroine i just shot up with .,"shit, shot up"
that sounds democratic as fuck .,fuck
"that why it is stupid , it does not truly reflect the views of the people .",stupid
thats a great fucking point .,fucking
the claim that we can rely on the columbia river ( usa ) dams capacity is foolish .,foolish
the fact we are doing this now and it started when i was number number is fucking insane !,fucking insane
the fuck am i reading so early ? .,fuck
"the image of an elephant crying , not just whimpering , but shedding tears , is fucking heartbreaking .",fucking
the important things who the fuck has time to build chairs ? .,fuck
"the judge was basically right , fuck your pitchforks .",fuck
the moment they hauled my ass in i would have played it for them .,"hauled,my ass"
the only respect he has is because he has access to the bomb codesand because he is a fool .,fool
"the original surface was shit , but the new pro model is a quality enterprise tablet .",shit
the pay is shit and the hours are long .,shit
the people are still driving around in cars built on the fucking <number> 's .,fucking
the people who drafted this are probably privately the most fucked up of all .,fucked up
the person was a piece of shit to begin with .,piece of shit
"the rewritten rules are stupidly insane , and any support of them follows suit .","stupidly, insane"
the shit in san bernardino was an office dispute that turned really ugly .,"shit, ugly"
the stupid is if the pco thinks they can win by denigrating wynee and not offering a positive viable alternative .,"stupid, denigrating"
the who can t do shit but try to educate people .,shit
their shit is cheap but its of such awful quality that you re better off getting the more expensive item .,"shit,awful"
these jerks have always been around .,jerks
they 're living streaming on bbc for fucks sake .,fucks
they get attention which is exactly what you fuck wits are giving them .,fuck wits
they have been involved in so many fucked up things since its creation .,fucked up
they need stop tratening people like morons .,morons
they re a tinfoil wearing publication owned by a fucking cult led by a known tax evader .,"tinfoil wearing, fucking, cult, tax evader"
they re both fucked up .,fucked up
"they really don t fit in , since they are just fucking immature assholes .","fucking, immature, assholes"
they will end up in hell !,hell
they will find someone as retarded as him to become the glorious leader .,retarded
this guy is a total sellout with no brains for business and lacks the ability of forward thinking .,"sellout,no brains,lacks the ability,forward thinking"
this has to be the dumbest editorial of all time .,dumbest
"this is a joke , are you all fucking retards ? .","fucking, retards"
this is nothing short of a hateful whine by sore loser who didnt get her way .,"hateful, whine, sore loser"
this is possibly the most ignorant and oversimplified thing i have ever read .,"ignorant,oversimplified"
this is scaring the shit out of me .,shit
this is some twilight zone shit,shit
this is the exact reason most people think the environmentalists are crazy !,crazy
"this is the exact reason we need a national death penalty , his sentence should have been a short rope !","death penalty, short rope"
this is what happens when you gather a bunch of illiterate ignorant fucks and brainwash them with bs and propaganda .,"illiterate, ignorant, fucks, brainwash, bs, propaganda"
this is why the country is fucked up .,fucked up
this isn t about agreeing on blowing shit up .,blowing shit up
this junk talk is tiresome .,"junk, tiresome"
this populist crap is just the psych majors manipulating you .,"crap,manipulating"
this shit has been happening for generations .,shit
this shit is overwhelming to think about .,"shit, overwhelming"
this sick fuck is just a sociopath who doesn t want to face the consequences for his actions .,"sick fuck,sociopath"
this whole place is fucking corrupt .,"fucking, corrupt"
"those are truly repugnant , and there plenty out there on both sides on the idiotdriven social networks .","repugnant, idiotdriven"
time to cut the credits and also cut the crap .,crap
to suggest otherwise is stupidly inflammatory .,"stupidly, inflammatory"
treats their murder victims like garbage while living their life pretending they are normal .,"murder, victims, garbage"
use your own name to comment in public or i will be forced to call you a coward .,"forced, coward"
"useful idiots ) of course , the russians are still at it thats what they do regards .",idiots
"we had to find some use for that damn lock box , sure as shit didn t put money in it .","damn,shit"
we rely on our government to protect us the military yet conservatives aren 't bitching about that .,bitching
we should answer those ads and then sabotage the fuck out of the equipment .,"sabotage, fuck"
"well no fucking shit , i can t believe people are only starting to realise this .","fucking, shit"
well they fucked up youtube hard .,fucked up
"weve become too accepting of her nonsense , which fosters hate .","nonsense,hate"
what 's with these people coming on here and saying this shit ?,shit
what an arse hole you are !,arse hole
what kind of really really stupid plan is that ?,stupid
what kind of shit did you put on my phone with that first link ? .,shit
what kind of shit post is this ? .,shit
what s the fucking point of wearing them ? .,fucking
what the actual fucking hell does it matter ?,"fucking, hell"
"what the fuck did you do to my free images like this one , , you lazy shit .","fuck,lazy,shit"
what the fuck do you mean cornered ? .,fuck
what the fuck is this guy doing,fuck
what the fuck is this news story ? .,fuck
what the fuck is wrong with australia ? .,fuck
what the fuck is wrong with you guys,fuck
what the heck is this about ?,heck
what the hell is wrong with people .,"hell, wrong"
whats really pathetic is how you jump to conclusions .,"pathetic, jump to conclusions"
"whats the title of this report , no shit ? .",shit
when i was your age and starting to realize all this shit i became very depressed and it sucked .,"shit, depressed, sucked"
wheres dis schmuck get his degree from ?,schmuck
who the fuck cares whose fault it is ?,fuck
why can 't they just fucking give the guy credit for voting no ?,fucking
"why does it bother you , fuckface ?",fuckface
why is reddit so fucking biased ?,"fucking, biased"
why is the scale of that graphed so fucked up ? .,fucked up
why the fuck did they give some ufo hack interview time ? .,"fuck,hack"
why the fuck does everyone hate syria so much ? .,"fuck,hate"
why the fuck haven 't they condemned north korea ?,fuck
wow . what the fuck where they thinking when they named that cleaning product . seriously . &gt . &lt,fuck
wtf ? ? missouri needs to catch the fuck up like right now .,"wtf,fuck"
wtf is this shit a self selected internet poll quoted as if it were a real statistic ? .,"wtf, shit"
"yeah , comparitively fuck all because they have loads of offshore hidden bank accounts and smart accountants ? .",fuck
yeah i hate this shit .,"hate,shit"
yeah they don t give a fuck .,fuck
yeh well ban me fukkers fuck you morons,"ban, fukkers, fuck, morons"
yet to this day people still believe the bullshit lies about clinton .,"bullshit, lies"
you 've lost your fucking chances .,fucking
you are a bit of a dick,dick
you don 't remember that shit ?,shit
you have got to be insane .,insane
you have no fucking idea youtu .,fucking
you leave me alone asshole !,asshole
you trolls still wouldn t give a shit .,"trolls, shit"
your types of examples are idiotic .,idiotic
"yup , keep government shit off air unless you want shit to get worse .",shit
"yurope is fucking awesome that way , yeah s .",fucking
"DAMNIT, not much to vandalize here so I won't even bother.","DAMNIT,vandalize"
"Oh no, I'll have to refresh my IP address, that'll take a whole 2 minutes, fags.",fags
"If you don't stop bitching, I'll change my IP address and come back again.",bitching
Who the fuck do you think you are Wang Chung?,fuck
How fucking dare you delete my entry about the hungarian goalkepper.,fucking
Why hasn't Alitalia been removed from the alliance due to its piss-poor customer service?,piss-poor
"Cease and desist your anti-Zionist bigotry, or I will report you to the authorities.","cease, desist, anti-Zionist, bigotry, report"
"Goths listen to Gothic rock, not to baby pop. If you want you can find sources for every shit.","baby pop, shit"
I hate free speech it is shit.,"hate, shit"
YOU NEED TO STOP PISSING OTHERS OFF,pissing off
i just started it 5 minutes before you started this crap. give it some time.,crap
"i don't care, and i will ignore this warning, Fucking Bitch","ignore,Fucking,Bitch"
Shut up. I can do what the fuck I want.,"shut up,fuck"
Fuck off You are NOT an administrator. You DON'T have the authority to tell me what to do.,"Fuck off, NOT, DON'T"
"Minority Breeder Breeder is a significant person and you went and deleted the page started for him, nice job dipshit.",dipshit
"Hey asshole, its my article, if i want to delete it i will!",asshole
"This bot is seriously driving us crazy This image exists, I must kill it!","crazy,kill"
"I don't give a fuck, so jack In",fuck
Then you're both blind and retarded.,"blind,retarded"
Have you been fucking living under a rock?,fucking
who changes shit which shouldn't be changed,shit
"I will help you, little idiot.",idiot
"I will do Whatever i want and it is my right, what is both of yous Problem Asshole.","problem, asshole"
Learn to read And stop being a surly prick. Keep the snide comments to yourself.,"surly,prick,snide"
"Nat is just a piece of shit, ignore him.","piece of shit, ignore"
"That was really stupid, were you trying to sound cool just now?",stupid
"I FUCKING hate you, ecto.","FUCKING, hate"
How the hell are you going to block me from editting?,hell
WTF How The Fuck Does This Person Merit A Page On Wikipedia.,"WTF,Fuck"
Who gives a shit about those snot nosed kids. It is about damn time that Scorsese won a damn award.,"shit,snot nosed,damn"
"If you block me, I will just get another IP address. Ass.","block, ass"
I have nothing better to do than sit at my computer all day being a cunt on WikiPedia.,"nothing better, cunt"
I wasn't fucking joking asshole so I don't see why you had to make it a joke.,"fucking, asshole"
"Please unblock us, there are really some idiots in this school.",idiots
"You appear to be an idiot. These are legitimate edits, stop reverting them.","idiot, stop reverting"
Yo what the fuck is your problem fucking around with my page! leave it the fuck alone!,"fuck, problem, fucking"
"I'm retired, fuckers, leave me alone.",fuckers
Pablo is a fucking troll abusing Wiki for his Communist agenda.,"fucking, troll, abusing, Communist agenda"
My suggestion to you is to shut the fuck up,shut the fuck up
You're sick. I have the right to edit pages about retards like Dora and Barney.,"sick, retards"
The whole world needs to know he's fucking gay.,fucking
"Someone doesn't listen to Propagandhi, so I pity the fool.","pity,fool"
Atheists HATE this guy How dare he attack their philosophy of Hedonism in brave new world!!!!,"hate, attack"
This profile has protected Bermender since day fukkin ONE.,fukkin
"How do you sleep at night, you son of a bitch?",son of a bitch
You should review that bullshit policy about personal attacks.,bullshit
Where did you get this bullshit?,bullshit
"many unsecured wi-fi hot spots, so many idiot wikipedia pages",idiot
Idiot Don't do that again without community consensus!,Idiot
*Because some dick insists that Ned Holness doesn't have german blood.,dick
Nick Cooper is a self-delusive idiot Nick Cooper is unable to face facts.,"self-delusive, idiot, unable to face facts"
what kind of a stupid name is bongwarrior anyway prick,"stupid,prick"
Hi Hi muthafuckaa How are you man?,muthafuckaa
"Stop fucking doing this, you retarded kids, you're going to ruin it for everyone on the kfar.","fucking, retarded, ruin"
"They have NO RIGHT to be in Israel, those fucking scum!","NO RIGHT,fucking,scum"
And to suggest that is flabbergastingly arrogant,arrogant
this book is so boring nad dumb how could any one ever read itIn,"boring,dumb"
"Please carry on, so everyone can see what an ignorant arse you are.","ignorant, arse"
I drive a Subaru Legacy and I'm a conservative But I still think you're an idiot.,idiot
"I didnt fucking change the genre, i just put commas in between them.",fucking
Don't make me say this place is a dump.,dump
OK DELETE the page i am tired of this shit already,"tired, shit"
why are you so miserable and keep blocking people. You are a control freak,"miserable, control freak"
"Dear Greenman, As usual you have proven to be an arse hole",arse hole
"Not that it matters, they want me blocked, to hell with it","blocked, hell"
"You're not an admin, so shut the fuck up faggot.","shut the fuck up,faggot"
why are you such a dick?,dick
And what was with that 1984 sh#t?,sh#t
"Yes, the wikipedia page, like I just mentioned, dumbass.",dumbass
"oh shit, nooooo, is someone going to spank me now?",shit
Who the fuck would add prank edits that are small and inaccurate?,"fuck, prank, inaccurate"
WHY DID YOU REVERT MY DAMN EDIT?,damn
Some idiot used this IP address 2 years ago and vandalized wikipedia.,"idiot,vandalized"
ill get my solicitor to contact you. Your fucking insane,fucking
"Come on, unblock me, idiot!",idiot
You have this certain stupidity surrounding you which makes me conclude you are born in the US.,stupidity
DON'T DO IT UNLESS YOU WANT TO HAVE A FUCKED BRAIN AND EVERYTHING ELSE,fucked
Mind telling me what the hell this is?,hell
I can't clean your shit,shit
"You nazi asshole, how is that IP banning working out for you?","nazi, asshole"
24/7 Stop making idiotic changes to the article.,idiotic
"You must have the lowest IQ of anyone on wikipedia, I can't converse with a fool like you","lowest IQ, fool"
"probably that you are a german fucking germans, nothing changes",fucking
steak Diane Please stop fucking up my edits on steak diane. Thank you.,fucking
P.S- How the hell are you going to block me when you aren't an admin?!,hell
Byzantıum What the fuck ıs your problem?,"fuck, problem"
Quit Disrespecting Pagans Go back to your Fucking KKK meeting.,"disrespecting,fucking,KKK"
You amins are such bastards.,bastards
I hope you leave this shithole like that faggot did.,"shithole,faggot"
"Tell that fucking crap to AMIB, will ya!?","fucking, crap"
"Hey asshole, I'll add whatever I want aobut Edison New Jersey because this is Wikipedia.",asshole
narc Please quit fucking up my edits on Steak Diane.,"narc,fucking"
"Check your own user page you fat, miserable balding fuck.","fat,miserable,balding,fuck"
"Quit Defacing my user page, you ugly cunt.-","defacing, ugly, cunt"
Crap Do you have a job of do you just enjoy deleting peoples pages on an all day power trip?,"Crap,deleting,power trip"
"Another self-appointed moderator, all Victorians think their shit doesn't stink.","self-appointed, shit, doesn't stink"
i hate Andrewmc123 hes a asshole,"hate,asshole"
"As it is now, this motherfucking asshole keeps revert warring without talk page discussion.","motherfucking, asshole, revert warring"
"If you want to describe the BNP as it is currently, drop the fascist rubbish","fascist,rubbish"
I forgot to mention the even sadder cunt that is,"sadder,cunt"
"I get why you edited Pen Island, because your name is DICK!",DICK
"Stop screwing with my edits, copyright is for fools!","screwing,fools"
"Idiot, read her storyline next time!",Idiot
"I went to the site and found nothing, so fuck you",fuck
No one deserves to be this stupid.,stupid
"Watch out for this guy below, he's so bossy and he continues to cyberbully be, he is a total dumbfuck.","bossy, cyberbully, dumbfuck"
Fuck off see my page for more of my comments on your work,Fuck off
"Don't Threaten Me! You are in VIOLATION of several wikipedia rules, you little B-ITCH!","Threaten, VIOLATION, B-ITCH"
Randi was born a DICK.,dick
Randi will never overcome being a DICK.,"never, DICK"
This is your last warning; stop being an asshole.,asshole
Thanks for your help! But you're still a cunt!,cunt
Drake Bell is transphobic trash and people need to know that!,"transphobic, trash"
spent the worst 3 months of my life in this hell hole!,"worst, hell hole"
"MY USER PAGE I WILL SAY WAHT I WANT I do not vandalize, so fuck you.","vandalize,fuck"
I am Nancy and I like to fuck up people's fun.,fuck up
"Heh, look, not EVERYTHING is on google. you are a dumbass.",dumbass
"Gilliam, please unblock me, my stupid sister is always using my computer and I don't know what she does.",stupid
hell my suspicion was true - wikipedia is driven by these fucking atheists to hell,"hell,fucking,atheists"
How can anyone believe this shit.,shit
"Good Riddance, you irrational jerk, I'm glad you're gone and don't you ever come back.","irrational, jerk, gone, don't you ever come back"
Stop editing Karlie's page before I kill you,kill
"Fuck that, I'm being accused of shit that I didn't do","Fuck, shit"
"I meant the entire reaction section is stupid, don't know why I added international in there.",stupid
"Stop fucking up Wikipedia, faggot.","fucking, faggot"
"It was anonymous on accident, and FYI, I'm not a troll moron.","troll, moron"
Thanks for being an ass when I tried to help.,ass
"Stay the Fuck out of this Ping Pong. If I want information of Mushu Shrimp, I will ask you.",Fuck
"so if i do that and include refrences and all that shit, can i write my article without you interfering?","shit, interfering"
"You're a fucking moron, go read the notability guidelines.","fucking, moron"
What fucking problem are you having Njgw?,fucking
"OH DEAR OH DEAR, HOW FUKIN SAD.",FUKIN
"You blanked articles to warez groups, dumb ass.",dumb ass
this person is a communist and should be taken outside and shot as a traitor.,"traitor, shot"
"The image that broke my monitor was the one of your face, not your pathetic little oil pit.","broke, pathetic, oil pit"
"Well, then don't TALK to me, you jackass!",jackass
"Alansoh, you are a real jackass with no life. stop screwing around with my changes, because they are all true!","jackass,no life,screwing around"
Long live fascist greeks of european union ( ),fascist
why'd you remove that u nlgga,nlgga
Hey! Why the fuck did you have your talk page semi-protected?,fuck
Go fuck yourself and stop contacting me. I never touched any kitfo page.,fuck
"lmao at- , but Gary thought Anthony would make a good vocalist because of his bad ass style and partymaniac attitude,","bad ass, partymaniac"
please stop vandalising my page cunt,"vandalising,cunt"
Some bubble tea for you! thanks ass hole,ass hole
And your dumb people fell for his shenanigans.,"dumb,shenanigans"
It must suck to be you then.,suck
Hello What's up dickhead how's it going ?,dickhead
HAHA THIS IS MY FUCKIN PAGE!!!!!!!!!,fuckin
Why don't you sit on a stick? idiot.,idiot
That newspaper picture Is stupid as hell.,"stupid, hell"
"This is a shared IP don't mind us, there are lots of shitheads.",shitheads
Give me one reason to listen to a moron like you.,moron
STOP IT! Stop putting stupid things on my talk page!!!!!,stupid
"That's fucken offensive, you scumbag, wishing someone my age another year of voyeurism in a violent world!","fucken, offensive, scumbag, voyeurism, violent"
This article sucks. I would nominate it for deletion if it wasn't protected.,"sucks,deletion"
"thanks a lot man, you dont know how long thats been fuckin with my head",fuckin
And I don't fucking give a damn.,"fucking, damn"
"And stop trying to be logical, you stupid robot.",stupid
"Like I said, keep your shitty grammar.",shitty
"Quit your bitching, tattletale.","bitching,tattletale"
I don't give a fuck what you think.,fuck
"She really can't be such a bitch, can she???",bitch
Renzoy16 ! Shut The Fuck Up,"shut, fuck"
Tigersfan1992 is an idiot and is not allowed to protect his page,idiot
"Hey , mind your own friggin' business, would ya?",friggin
These people are INSANE.,INSANE
"Who cares, Fuck nbc universal, its a funny commentary",Fuck
"Maybe so, but at least American's are smarter than dumbass Brits.",dumbass
I AM GOING TO HACK YOUR DICK ACCOUNT,"hack,dick"
"You're a real cunt, you know that?",cunt
hi please unblock me you cunt i want to tell wikipedia how you suck off dogs,"cunt,suck off dogs"
who deleted the fucking spoiler warnings who the hell deleted them?,"fucking, hell"
Did you know that you are an ugly piece of shit?,"ugly, shit"
Be careful who you call a moron.,moron
NO I DON'T CARE U BITCH!!!,bitch
Because Gwernol is a sad little man with a wee penis.,"sad, little, wee"
Like i give two shits right now.,shits
"Dont really like the liberals either, Too much lefty rubbish leaves us all poor.","rubbish, poor"
Putting stupid comments in articles will result in your account being blocked.,"stupid, blocked"
Do you even know how fucking much I've wasted for this crapp?,"fucking, wasted, crapp"
Once again Ryulong proves that he's a fucking moron.,"fucking, moron"
How do you like that you fucking retard!,"fucking, retard"
"Yeah, you can fuck off incel.","fuck off, incel"
Who brought this nigga home?,nigga
America is a country full of degenerates.,degenerates
These are dumb ass losers who were looting Pakistan economy,"dumb,ass,losers,looting"
These niggas are pathetic!,"niggas, pathetic"
I will teach you not to remove my fucking edits,fucking
You need to stop editing pages RIGHT NOW you little shit.,little shit
I still dont know what the hell I did Assholes!,"hell, assholes"
It was a fucking disgrace.,"fucking,disgrace"
Why the fuck do you keep changing it dick,"fuck,dick"
"You obviously never attended college, moron",moron
"Shut up! I know it's vandalism, you awful cunt.","shut up, vandalism, awful, cunt"
your edits are wrong so stop this stupidity motherfucker!,"wrong, stupidity, motherfucker"
"No one is vandalizing assholes, so get it straight!!!","vandalizing, assholes"
DUDE CALM THE FUCK DOWN!!!,fuck
Does anyone even know what the fuck this song is about?,fuck
"Some jackass vandalized the article again, can someone fix it?","jackass,vandalized"
The rules of capitalization are not an opinion dick head.,dick head
Another example of Schumin being a dick.,dick
I'm afraid I can't verify it as his myspace account has been deleted I fucking hate you.,"fucking,hate"
what do you mean why don't you keep your nose out of other people's fucking business you twat,"fucking, twat"
"Lets not edit user pages and look like a fucking moron, ok?","fucking, moron"
Stalking you little shit you need to stop following me around wikipedia and deleting every fuckin thing i write,"stalking,shit,fuckin"
For fuck's sake When are they gonna send that piece of shit to the chair?,"fuck's,shit"
He deserves every beating and rape he will be subjected to.,"deserves, beating, rape, subjected"
"then all of a sudden i see her , shes now got the big phony tits and everything .","phony,tits"
My page should be protected first so that worthless scum like you can't keep vandalizing it.,"worthless, scum, vandalizing"
You made a mistake you ass.,ass
"you know more than these idiots , stay the course and the truth will prevail .",idiots
"piss me off , fuckin jerk , get on my nerves .","piss off, fuckin jerk, get on my nerves"
"In addition, I see no sock puppet, jackass.",jackass
who really gives a crap about this ?,crap
the point is that either choice was shit .,shit
"Are u there dick, wars back on!!!!","dick,wars"
"fuck minimum security, put him in real prison.","fuck,real prison"
I see nothing wrong with calling an asshole asshole.,asshole
can t people just leave cuba alone so it can get it s feet under itself for number fuckin minutes ? .,fuckin
why should i give a fuck !,fuck
You people are posting the WRONG results so its MY problem jackass,"WRONG,jackass"
you see that kid talking to me i hate him he never leaves me alone.,"hate, never leaves me alone"
New Zealanders are a pack of cunts. They need to get a mention.,cunts
i would have lost my shit * years * ago .,"lost, shit"
MF and I have a mutual enemy in sanctimonious bullshit.,"enemy,sanctimonious,bullshit"
Liars burn in Hell without Salvation.,"liars,burn,Hell"
"jesus christ , that 's incredibly fucked up .",fucked up
this deadly behavior is why abusive police in the 60s were referred to as pigs .,"deadly, abusive, pigs"
harper was nothing but incompetent and corrupt .,"incompetent, corrupt"
"no shit , lockheed or raytheon or boeing or you name it employs half his districts employees .",shit
they are smart for rejecting our shitty ass corn .,shitty ass
holy shit i thought that was a joke .,shit
i cant believe we are even discussing crap like this .,crap
do people really think everyone is too dumb to recognize this double standard ?,"dumb, double standard"
How about you fuck off and don't stalk my edits?,"fuck off, stalk"
What the fuck do you want at my talk page.,fuck
Bin Laden and his 19 so-called hijackers were patsies.,"so-called, patsies"
making and distributing cp is fucked .,fucked
fuck red light cameras and the money grubbing cities that use them .,"fuck,money grubbing"
what the hell question are you talking about ?,hell
the germans today are the same blind brainless followtheleader sheep they were inand throughout their history .,"blind, brainless, followtheleader, sheep"
no self - respecting australian or new zealand would read such hateful shit .,"hateful, shit"
his pay check from taxpayers because a bunch of idiot bureaucrats keeps adding zeros every time they open their mouths .,"idiot, bureaucrats, adding zeros, open their mouths"
STOP SENDING ME STUPID MESSAGES. I AM FIXING A MISTAKE IN THE ARTICLE.,stupid
"unless you are harvesting and grinding your own beans , you are fucked .",fucked
Yeah thats a really good way to get a life! Fucking fag!,"fucking,fag"
because israeli rabbis never say fucked up shit .,"fucked up, shit"
"kid , you should be watching the crap they call cartoons now made for your generation .",crap
DIGIT are you suggesting that should be enough to keep these uppity blacks satisfied ?,"uppity,blacks"
it was clear from the first fucking sentence of the article .,fucking
You dumb motherfucker I am going to sue the shit out of you,"dumb, motherfucker, sue, shit"
"instead of trying to make a difference , ye old witch was more interested in making a statement .",witch
i wish people would shut the fuck up about big money in politics .,shut the fuck up
why you're being a complete jerk,jerk
weve got one clown in the wh .,clown
shit just got real upload .,shit
what the fuck do you think we watch the anime for?,fuck
this shit has gone full circle from parody .,shit
queer ur gay i hope u read this,
i m tired of dick jokes .,"tired,dick"
time to wage war and blow shit up .,"wage war, blow shit up"
"also , why the fuck is tepco anywhere near this ? .",fuck
and dumdums actually throw money at these clowns ?,"dumdums,clowns"
what the fuck is wrong with you ?,fuck
"actually no , i hate looking for shit .","hate,shit"
how the fuck are they getting to outer space ?,fuck
That's really fucking stupid (no wonder I can never remember) !!,"fucking, stupid"
in other news op is a fucking retard .,"fucking, retard"
assad leaves and it will be a total shit show in syria .,shit show
"they ve done that shit for so many years , especially when the large famine hit during the mid number s .",shit
"holy shit , you re that super aggressive udyr i played with two days ago ! .","shit, aggressive"
what a fucking idiot you are .,"fucking, idiot"
i live with my mom and im a gay fag that lives in england,fag
you missed the fucked up sentence .,fucked up
"And I believe you're being an arse, but hey, I cope",arse
"by the way , sorry about that stupid edit .",stupid
they were most likely bought out by the fucking koch brothers .,fucking
dont be a dick and add stupid and clear vandalism to articles .,"dick, stupid, vandalism"
thats an asinine racist comment .,"asinine,racist"
we dont need no stinking nevertrumpers up in here !,"stinking, nevertrumpers"
"Revert the single's cover to the original, because some bastard decided to replace it with a monkey.",bastard
if you think a town in texas would cover this kind of shit up you re insane .,"shit, insane"
if you find yourself using your religion to deny rights to women you 're a piece of shit .,"deny, piece of shit"
yo buddy why are you saying mean shit to me ?,"mean,shit"
we don t need to consider shit !,shit
it s refreshing to see someone who is so fucking smart and edgy .,fucking
Why even have the fucking talk pages if we can't comment on other users?,fucking
boeing is behaving exactly like any greedy bully would .,"greedy,bully"
i was a fucking dumbass kid though .,"fucking,dumbass"
but mostly that middle of the street shit .,shit
jesus . i was having a nice sunday afternoon and then i read that shit ?,shit
this article so many of the comments suck .,suck
They're more than welcome to take their brain dead asses back to their shithole country.,"brain dead, asses, shithole"
fuck you Funny how a wikipedia article i tried to create is now an actual article.,fuck
hey where the fuck did the rolling earthquake nickname come from i havent ever heard tht,fuck
keep your filthy paws off wikipedias articles unless you have something worthwhile to contribute .,filthy
not to be confused with the legal firm bull shit associates .,bull shit
so shut the hell up until you know what it is your talking about .,shut the hell up
then drench the fucking thing with bbq sauce !,fucking
how about fuck whiny cunts who buy seats knowing others will recline around them and then bitch about it .,"fuck, whiny, cunts, bitch"
"Fuck you Roger Swivel, talk.",Fuck
"shit , they even do it in their own country .",shit
"Shut the hell up JeremyA, stop posting nonsense.","shut the hell up,nonsense"
"crimea voted for secession and russia accepted and annexed crimea , what fucking crisis ! ! ! !",fucking
"better to keep your mouth shut and be thought a fool , than open it and be proven one .",fool
"I didnt attack you, you retard DO NOT POST ON MY PAGE","retard, DO NOT POST"
You're being a first-class dick. Focus on how to edit this article properly.,dick
military can be very stupid too .,stupid
"you're right, allmusic is the last shit.",shit
"i m australian myself , but i don t say mate or cunt all the time .",cunt
why not drop health insurance companies all together and get the government to stop hospitals from fucking price gouging ?,"fucking,price gouging"
"yeah , americans with quadruple citizenship so they have where to go in case shit gets serious anywhere else .",shit
"this is a special needs child with autism , not some angry little shit with no self control .","angry, shit, no self control"
That's what you get for being a faggot,faggot
gt obama is a lying sack of shit .,"lying,sack of shit"
THIS SCHOOL DISTRICT SUCKS i know cause i go there,sucks
they are two faced fucks .,"two faced,fucks"
"Hello, my name is anon, don't fuck with 4chan.",fuck
"I guess so will you if you revert again, bitch.",bitch
its my talk page. keep the bitching off it. thanks.,bitching
"could ve fooled me , all governments are corrupt as fuck .","corrupt,fuck"
she fucking lied to them about what she was doing .,"fucking,lied"
he is not that stupid .,stupid
Here is my badge of honor bitches ),bitches
they ll say and do anything to cover their asses won t they ? .,cover their asses
impeachment of trump is a really dumb idea .,dumb
I have no interest in this stupid pedia.,stupid
"right , that 's what i was implying by saying the un won 't do shit , because russia is on the sc .",shit
These are public computers. Don't ban uss all because a few people are retarded.,retarded
i m not trying to be a dick but i didn t think it was a cure for anything .,dick
i could understand how many people would shit their pants seeing a title like this,shit
this is some clockwork orange level shit .,shit
"turkey could invade , and russia wouldn 't be able to do shit about that either .","invade,shit"
sit on your ass at home and don t vote at your peril .,"ass, peril"
"I've come across Mokele before, he is a power hungry little bully.","power hungry, bully"
"I mind my language when i'm working with real people, not an ignorant dumbass!","ignorant,dumbass"
west is the spoiled shit .,"spoiled,shit"
And how can you justify a moronic 2 day block?,moronic
"i never knew they were rich , just silly tourists with loud aloha shirts .","silly,loud"
"In case you forgot, I was here way before the hardrock-idiot started his stupid webbased forum.","idiot, stupid"
they deal with them and then they think everyone in society is a shit stain .,shit stain
assad must be shitting his pants in fear .,"shitting, fear"
everybody is such a fucking pussy .,"fucking, pussy"
honestly hope that cockeyed fuck steps out from his keyboard and gets absolutely destroyed .,"cockeyed,fuck,destroyed"
america would go the same route but that shit doesn 't fly here .,shit
call me on my stupidity ?,stupidity
"anyone can edit it , it is very retarded .",retarded
"Damn it, I forgot to log in. -Brab",Damn
ibrahim is kind of a dick lately .,dick
"I was quoting you, you dumb bastard.","dumb, bastard"
I can call people whatever I like idiot.,idiot
"I just watched this guy on TED, and he is fucking epic.",fucking
i don t give a fuck where you are going .,fuck
Hard to be constructive when the other party behaves like a godking thug.,"godking,thug"
"joke 's on you , you intolerant fuck .","intolerant,fuck"
"yea , who the fuck is government to be involved my my your kids education ? .",fuck
glad to see they were allowed to fuck up the santa barbara coast .,fuck up
And tell your admin friends to fuck off.,fuck off
"sell your ships , find a new job , get the fuck out of the number th century , thanks .",fuck
THIS MAN SHOULD BE SHOT FOR WAR CRIMES AND MURDER,"shot, war crimes, murder"
"stop being such a pussy , are you his mom or something ? .",pussy
it sucks that youre an awful person .,"sucks, awful"
This site is rubbish and is possibly slanderous.,"rubbish,slanderous"
because its fucking reposted so much .,fucking
"How about YOU and AR stop pissing me off with your bullshit, and LISTEN TO ME FOR ONCE?","pissing, bullshit"
"well , dunno about him being an asshole , but he was definitely a fucking moron .","asshole,fucking,moron"
Your blocks do not deter me I may be blocked but you are still an asshole.,"blocks,deter,blocked,asshole"
"yes , it does stink to high heaven but there are enough gullible fools who praise this outfit nonetheless .","stink, gullible, fools"
yet fifa doesn t give two fucks .,fucks
"Are all professors of rhetoric pompous, self-centered assholes?","pompous,self-centered,assholes"
And why the fuck should i care?,fuck
"in the end , he was just a dick .",dick
I'll bet 80% of what she did was rubbish,rubbish
it would be fucking illegal as shit to straight up kill someone .,"fucking, shit, kill"
it sure as fuck had nothing to do with anything i said .,"fuck, nothing"
never trust anything the repugs try to shove down your throat .,"repugs, shove"
that man is the biggest piece of shit in ny s recent history.,biggest piece of shit
dont have time for these assholes .,assholes
. No repsonse just carry on destroying the wiki project you miserable half person,"destroying,miserable,half person"
that scum is smiling in court !,scum
"no , putin will send depardieu to fuck harper 's wife .",fuck
i just re watched letters from iwo jima this weekend and that was some brutal shit .,"brutal,shit"
i m just glad he doesn t actually believe in this shit .,shit
hey why the fuck is it so hard to get an article on here?,fuck
300 fucking years of mixing is MORE than enough to disqualify someone as part of a certain ethnic group.,"fucking, disqualify"
"thats just stupid , how can i be blocked for stating a fact .",stupid
And who is the motherfucker who nominated it for deletion?,"motherfucker, deletion"
"not even from brainless , hypocritical marxist pigs .","brainless,hypocritical,pigs"
they are always puffing him up and blowing smoke up his butt and aggrandizing him and his few accomplishments.,"puffing, blowing smoke up his butt, aggrandizing, few accomplishments"
you need to fuck off and stop hrassing people,"fuck off, hrassing"
fuck off - it is international airspace,fuck off
most of the information is total garbage .,garbage
"no , that s fucking bullshit .","fucking, bullshit"
I am still a gigantic faggot,faggot
"Also, I have the fucking rights to advertise my youtube.com videos",fucking
Do you have to be such a dick to him?,dick
I can change my IP at will asshole.,asshole
you bunch of asshats pushing your agenda instead of being neutral .,asshats
"hiya frank , you know someone called fuck then ? .",fuck
"holy shit yeah , forgot about that one .",shit
people don t even wash their damn hands after taking a shit .,"damn,shit"
let 's have them do all the tough shit men are forced to do .,"shit, forced"
"holy shit , what is wrong with you ? .","shit,wrong with you"
what the fuck is this comment ? .,fuck
cant you lazy bums do anything ?,"lazy, bums"
"and because the government need this land , fuck people who live there , right ? .",fuck
they must have been pretty stupid to get caught in today environment .,stupid
What the hell is with everybody making Etna articles?,hell
"this is ridiculous , all pain meds should be otc",ridiculous
I HATE YOU for deliting pages stay away from my pages,hate
"well , there ya go , miss cunt .",cunt
good thing i never supported those ass clowns .,ass clowns
Then start quoting the damn cover instead of a message board!,damn
"the ""joke"" that canada's military is a joke is extremely played out, shit's not funny.","joke,shit"
Tell me how big your boobs are and I'll stop.,"boobs, stop"
bloated crap that comes out of these other .,"bloated, crap"
fuck this scumbag piece of shit and all his political cohorts .,"fuck,scumbag,piece of shit"
Stay the fuck off my page,fuck
Check this out dumb Mexican.,"dumb,Mexican"
you are liable to break something and touch shit you shouldnt touch .,"liable,break,shit"
legacy of being a selfish shit head .,"selfish, shit head"
"you ve got to be fucking kidding me , right ? .","fucking,kidding"
i fuckin knew they were punking us .,"fuckin,punking"
This album is not a fucking Post-Grunge album.,fucking
The problem was some idiot made ridiculous edits to the infobox.,"idiot,ridiculous"
it s actually a great idea if you want to keep nuts out and get shit done.,"nuts,shit"
HELLO HOW DO I GET SOMEBODY TO FIX SHIT AROUND HERE?,shit
"Jobs never needed degrees they needed white faces, degrees were there to hinder niggas from getting in URL","hinder,niggas"
as a member of the lafayette community why the fuck does it matter what his political standing is !,fuck
Shut your mouth and stop talking. good boy,"shut, stop"
* neither * of my coworkers gave a shit when it came time to ditch mitch . ugh .,"shit, ditch, ugh"
they weren t suicide bombing for shits and giggles certainly .,"suicide bombing, shits"
maybe now no one will be rammed in the ass .,rammed in the ass
dont try to spook me you dick!,dick
they named that shit after him .,shit
"lucky you , maybe now you think youre somebody , huh , fool ?",fool
"Go fuck yourself, because I can't see you getting any action.","fuck, can't see you getting any action"
that s fucking murder in my book and they let parents off for that shit all of the time .,"fucking, murder, shit"
those things are complete and utter pieces of shit .,complete and utter pieces of shit
and some people fucking buy that .,fucking
and i can t forgive democrats for being rich cunts thinking they are the better rich .,cunts
"i always thought that was fucked you go to jail for not paying a bill yea , that ll be productive .",fucked
Women with masculine spirits are trash.,trash
"hey , idiot , i said ill be more careful not to remove content .",idiot
let darwinism take its course so that the least stupid shall inherit the earth .,stupid
"* well shit , cunt shot himself .","shit,cunt"
"holy shit , just finished the season and it is so good but so * dark * , especially at the end .","shit,dark"
the really sad fucking part is they tried this story before in number maannews .,"sad,fucking"
WARNING: THIS FAG SUPPORTS HITLER,"fag, hitler"
"it s like fucking jurassic park , but much fluffier ! .",fucking
"seriously , at least number people are dead leave aside your point scoring and generally just fuck off .","dead, fuck off"
can we just keep dog shit out of this ? .,shit
come on ya fuckin dummy get your right step right .,"fuckin,dummy"
"if you continue being a jackass , you will be blocked from editing wikipedia .","jackass, blocked"
"collins , is an idiot , but we didnt need this article to establish that fact .",idiot
"How could the capital of Israel not be part of Israel, you fucking brainwashed Arab dumbass.","fucking, brainwashed, dumbass"
"I'm not going to reply to your ignorants comments, it's a zero!","ignorants,zero"
Nazi Sean Hoyland vandalized these pages.,"Nazi,vandalized"
"just a thought , but maybe stay the fuck away from the chinese .","fuck,chinese"
"the woman s a bitch , but the man s a psychopath .","bitch,psychopath"
"Oh, that was my dumbass mistake.",dumbass
"Next time, I will force you to eat your own shit.","force,shit"
> today was one of the most fucked up days of my life .,fucked up
"priceless, I hate that guy",hate
stupid for a ball coach to make ten times what a teacher makes .,stupid
"DIGIT year olds can be little shits too , doesn t mean you fight them .","little shits, fight"
i never uttered or wrote that crap .,crap
my comment was more a diatribe about how there should be more outrage at home for this shit .,"diatribe, outrage, shit"
"ps, congradulations on recieving the bitch star, you definatly deserve it ryan.",bitch
that things that we use everyday aren't correct. wikipedia blows cock and so do you.,blows cock
"not just a biologist , a fucking virologist ! .",fucking
why do you guys do this shit out west ?,shit
"not the rich and the government , but the people will be in shit street .",shit
that stupid water pipe is just a fatal accident waiting to happen .,"stupid,fatal"
eli5 why should governments give a fuck ? .,fuck
"and go on saddam execution talk page, before you stink up the place.",stink
"i go there for work every few months , and i can assure you it fucking sucks .","fucking, sucks"
these idiots are bound and determined to start a civil war !,"idiots, civil war"
"abortion is not a fundamental right it is a proceedure , nothing more idiot",idiot
his hypocrisy knowns no bounds .,hypocrisy
what a bunch of sick lies !,"sick, lies"
colin kaepernick is an idiot .,idiot
You are a pompous fool.,"pompous,fool"
very few of these cophating clowns ever make cora requests for those case files .,"cophating, clowns"
"Target You are now a valid target, you nasty little shit!","nasty,shit"
i d love to live there if it weren t for the fucking california cost of living .,fucking
"if you still think you re not living in a police state , wake the fuck up .","police state,fuck"
holy shit that article was filled with ads .,shit
"Stop defending neo-Nazis, you fuck","neo-Nazis,fuck"
my wife still gives me shit for it .,shit
"so i would really like it if people could stop acting like that 's why he got shot , it fucking isn 't .",fucking
"i 'm ready to actually do something to make this shit stop , but what can i do ?",shit
That had more content and was going to be an article until you deleted it again dumbass.,"deleted,dumbass"
What the hell are you on about?,hell
the guy was fucking shot ! .,"fucking, shot"
"strong fiscal management , my ass , steve o .",my ass
"no , i m pointing out that you are being a condescending ass about it , just like your euphoric brethren .","condescending, ass"
"sure he should get punished , but three fucking years ? .",fucking
I'll Ignore you for now and your everyday idiotic anime likings and stop attacking you.,"ignore, idiotic, attacking"
selective censorship and non reporting of factual and correct statements he makes of other leaders idiotic decisions !,"censorship, non reporting, idiotic"
3 . you don 't fuck with a mommas boy,fuck
get this ldiot out of there .,idiot
"they should have fled , i feel that these guys are fucked , who turns themselves in to an angry mob ? .","fled,fucked,angry mob"
"shit looked like a music video with synced audio , and footage editing .",shit
that s some pretty shit logic .,shit
reducing early voting from number down to number days sure is shitting all over the citizens of the united states .,shitting
Delete my 200 articles Whhore,Whhore
"WHAT A FAGGOT, I'M GLAD HE'S DEAD!!!","faggot, dead"
lgbt whine and bitch all the way to the courts to have the twice declined decision overturned .,"whine,bitch"
"throwing his ass in jail is the best thing possible , since it protects others from his willful drunk driving .","throwing his ass, jail, willful drunk driving"
Queen Mary Mrs Windsor's granny was a bitch.,bitch
this piece of human garbage should rot in jail .,"human garbage, rot in jail"
"we shouldn t be shitting on his good name , and saying what he should , and shouldn t have done .",shitting
they don t give a shit about terrorism .,shit
top ten most relevant are you fucking sorry,fucking
"See all the many Google links, titled Wikipedia sucks.",sucks
"so again , unless you have something useful to say , fuck off .",fuck off
so they don 't give a flying fuck about long term effects .,flying fuck
i 'm so fucking sick of reddit assuming people with a dissenting opinion are being paid by someone else .,"fucking,sick,assuming"
minorities bitch and moan when the police uphold the law .,"bitch, moan"
You are an idiot and you can't block anyone.,idiot
holy shit why is this not higher up ? ? ?,shit
"careful , you just described the goonies , and that shit was classic .",shit
"gawd , you are one massively ignorant fellow .",ignorant
it 's just dumb fucking luck .,"dumb,fucking"
who the fuck is pushing diversity on you ? .,fuck
Probably because NO ONE GIVES A FUCK ABOUT MISS UPTON.,gives a fuck
the object is to waste peoples time deconstructing your foolish effusions .,"waste, foolish, effusions"
looks like the not fucking around crew is making decisions now .,fucking
"that said , i hope they get a great attorney and sue the shit out of the cops .","shit, sue"
Bullshit William Penn used the phrase too.,Bullshit
"fuck it , we 'll do it live .",fuck
FUCK Why hasn't anyone included this information yet?,FUCK
it tastes like shit and i 've never even seen it available outside of five - star restaurants .,shit
i have made the changes lets not let something this stupid happen again,stupid
who the hell do you feminists think you are anyway ?,hell
. or the loud ass one - thousand ton beast roaring towards you howling its horn .,"loud ass, beast"
its one of those you don t know what your saying so i m correcting you cunts .,cunts
likes to eat shit It's true and he told me himself!,shit
this administrations shit stinks as bad as the last ! .,"shit, stinks"
There's a better answer to the question: the people that made the anime fucked up.,fucked up
"they have all the fucking money , how am i supposed to earn my billions ? .",fucking
that guy used to be a real dick .,dick
p. s. i do own all of those pictures bitch .,bitch
"haha okay i m a sick fuck to find that entertaining , i ll see myself out .",sick fuck
"food is really fucking cheap , jail time because people robbed stores rather than starve to death is not .","fucking, robbed, jail, starve, death"
only boneheads would buy into this stuff from the msm .,boneheads
randy johnson is a troll .,troll
this is a fuckingtzu tactic for shits sake .,"fuckingtzu,shits"
Kind of a stupid response given the name of the article.,stupid
"daniel pantaleo , the worthless bag of shit who got away with murdering eric garner .","worthless,shit,murdering"
Gogo Dodo is a rogue admin that has sex with his father,"rogue,sex"
he hasn t done shit for palestine .,shit
"i thought world leader just picked random shit to do , thank you for informing us ! .",shit
Once again I'm SO glad that Wikipedia is not biased or filled with retarded children.,"biased, retarded"
but redditors are too busy sucking bernie s dick to care .,"sucking dick, too busy, to care"
if you think a town in texas would cover this kind of shit up you 're insane .,"shit,insane"
fuck alcohol and anyone who drives while drinking the stuff .,fuck
iran says that shit when its mail arrives late .,shit
republicans and democrats are the right and left cheeks of the same ass .,ass
just the shit they get are worth hundreds of thousands if not millions of dollars .,shit
fucking barbarian gooks got a lot of nerve to mess with us .,"fucking, barbarian, gooks"
removed from reality in - fucking - deed,fucking
to think that she 's been doing that kind of shit for yeaaaars,shit
"fuck me , even afghanistan has number .",fuck
so is torture why should they give a shit ? .,"torture, shit"
"good damn , that show kicks so much ass .","damn, ass"
Only a moron would think so.,moron
hey man keep that shit to yourself .,shit
now that is just a fucking dumb thing to say .,"fucking,dumb"
Rubbish. I do not support your crappy encyclopedia and that's that.,"Rubbish, crappy"
gt thats really sad because what they really need to do is fuck off and mind their own business .,fuck off
people making moronic jokes Have no right to edit.,moronic
"fuck them and all their pussy , shitty , fucking rules .","fuck, pussy, shitty, fucking"
harper needs to get the fuck out of office .,fuck
"23, people will freak the fuck out.","freak, fuck"
hey look at this shit vandalism!,shit
that ignorant failure isnt qualified for any public office .,"ignorant,failure"
"call me stupid , but it seems the page was not moved so much as copied .",stupid
"I am in awe of your template usage, true fucking hero you are, you twinkle-queen","fucking, twinkle-queen"
STOP REVERTING MY EDITS YOU CUNT,cunt
i couldn t even tell what the fuck it s saying .,fuck
fucking cunt of a person .,"fucking, cunt"
I believe that you don't have a fucking clue what you're talking about. Fatuorum,"fucking, clue, fatuorum"
"i cannot help thinking if they wanted my opinion on shit , they could just ask .",shit
"how else could it have become , with bribery being legal and shit ? .","bribery,shit"
the guy was a sick fuck .,"sick,fuck"
fuck ever doing that again .,fuck
"Oh, I don't think they are going to get any less stupid any time soon.",stupid
"Stop Vandalizing Wikipedia, jerk!","vandalizing, jerk"
he is very arrogant unfortunately im hoping to stab him to death soon .,"arrogant,stab,death"
another piece of useless manufactured junk !,"useless,junk"
ANI There are some whiners butt-hurt about comments you made.,"whiners,butt-hurt"
dont cut off your nose to spite your face .,cut off
"we 're not fucking worlds leaders in this bitch , all you 'll get is speculation .","fucking,bitch"
at least one party gives a crap about humans after birth .,crap
parliament is a lame duck .,lame duck
"side - note , why the fuck does everything the us make have to be called ""joint . """,fuck
"You're not being helpful, either, tiny-dick.",tiny-dick
Prove my comment wrong and post a video of how fucking tough you are.,fucking